latitude,longitude,bright_ti4,scan,track,acq_date,acq_time,satellite,confidence,version,bright_ti5,frp,daynight
19.41059,-155.27251,337.43,0.45,0.63,2026-08-30,0022,N20,nominal,2.0NRT,295.92,7.95,D
20.77063,-76.39802,312.82,0.44,0.62,2026-08-30,0605,N20,nominal,2.0NRT,286.51,0.5,N
39.95513,-74.77044,298.45,0.52,0.67,2026-08-30,0559,N20,nominal,2.0NRT,286.34,0.09,N
48.18626,-64.92241,304.56,0.4,0.44,2026-08-30,0557,N20,nominal,2.0NRT,284.94,1.28,N
20.76929,-76.39724,305.38,0.44,0.62,2026-08-30,0605,N20,nominal,2.0NRT,285.5,0.3,N
39.94232,-76.81709,297.77,0.67,0.74,2026-08-30,0559,N20,nominal,2.0NRT,283.63,1.37,N
45.78292,-73.91495,295.3,0.51,0.66,2026-08-30,0559,N20,nominal,2.0NRT,284.29,0.19,N
20.65303,-76.33384,311.64,0.43,0.62,2026-08-30,0605,N20,nominal,2.0NRT,288.03,1.91,N
39.591,-75.63831,307.68,0.58,0.7,2026-08-30,0601,N20,nominal,2.0NRT,288.88,1.99,N
45.34115,-73.52763,299.53,0.49,0.65,2026-08-30,0559,N20,nominal,2.0NRT,285.72,0.6,N
20.65714,-76.33334,306.64,0.43,0.62,2026-08-30,0605,N20,nominal,2.0NRT,287.94,1.51,N
39.59047,-75.6391,307.86,0.58,0.7,2026-08-30,0601,N20,nominal,2.0NRT,287.93,1.71,N
45.33942,-73.52551,299.32,0.49,0.65,2026-08-30,0559,N20,nominal,2.0NRT,286.01,0.69,N
20.65672,-76.32915,309.01,0.43,0.62,2026-08-30,0605,N20,nominal,2.0NRT,288.14,1.59,N
36.35761,-76.81046,299.24,0.64,0.72,2026-08-30,0601,N20,nominal,2.0NRT,272.24,1.38,N
45.11543,-73.01181,299.95,0.46,0.63,2026-08-30,0559,N20,nominal,2.0NRT,286.54,0.78,N
20.4894,-74.97261,310.06,0.35,0.57,2026-08-30,0605,N20,nominal,2.0NRT,288.96,0.68,N
45.11112,-73.01377,305.48,0.46,0.63,2026-08-30,0559,N20,nominal,2.0NRT,286.25,0.83,N
20.48414,-74.97295,302.15,0.35,0.57,2026-08-30,0605,N20,nominal,2.0NRT,289.98,1.2,N
20.48379,-74.96957,307.25,0.35,0.57,2026-08-30,0605,N20,nominal,2.0NRT,290.49,1.2,N
20.48348,-74.96671,316.87,0.35,0.57,2026-08-30,0605,N20,nominal,2.0NRT,290.81,1.85,N
20.47821,-74.96693,328.48,0.35,0.57,2026-08-30,0605,N20,nominal,2.0NRT,290.93,1.85,N
20.47853,-74.96998,307.13,0.35,0.57,2026-08-30,0605,N20,nominal,2.0NRT,289.99,1.2,N
20.47789,-74.96397,301.2,0.35,0.57,2026-08-30,0605,N20,nominal,2.0NRT,290.51,1.85,N
20.46799,-74.97055,321.42,0.35,0.57,2026-08-30,0605,N20,nominal,2.0NRT,290.65,2.36,N
20.27393,-75.20108,318.91,0.36,0.58,2026-08-30,0605,N20,nominal,2.0NRT,289.76,1.44,N
20.27358,-75.19775,307.62,0.36,0.57,2026-08-30,0605,N20,nominal,2.0NRT,290.35,1.44,N
19.6762,-71.70168,308.07,0.42,0.45,2026-08-30,0605,N20,nominal,2.0NRT,293.48,1.1,N
20.08569,-76.37832,300.82,0.43,0.62,2026-08-30,0605,N20,nominal,2.0NRT,289.22,0.71,N
19.4478,-71.59796,320.31,0.41,0.45,2026-08-30,0605,N20,nominal,2.0NRT,292.73,2,N
19.44836,-71.60233,315.12,0.41,0.45,2026-08-30,0605,N20,nominal,2.0NRT,292.49,1.81,N
19.44728,-71.59385,316.65,0.41,0.45,2026-08-30,0605,N20,nominal,2.0NRT,292.73,2,N
18.63866,-69.25949,325.23,0.46,0.39,2026-08-30,0605,N20,nominal,2.0NRT,294.01,2.37,N
18.89232,-71.40257,308.15,0.4,0.44,2026-08-30,0605,N20,nominal,2.0NRT,292.61,1.1,N
18.6458,-71.54595,298.75,0.4,0.44,2026-08-30,0605,N20,nominal,2.0NRT,287.32,0.95,N
18.44415,-70.61391,309.86,0.53,0.42,2026-08-30,0605,N20,nominal,2.0NRT,295.79,3.58,N
18.32184,-71.37971,315.1,0.39,0.44,2026-08-30,0605,N20,nominal,2.0NRT,294.19,3.58,N
18.378,-77.23956,303.76,0.47,0.64,2026-08-30,0608,N20,nominal,2.0NRT,290.53,1.33,N
18.37758,-77.2354,310.86,0.47,0.64,2026-08-30,0608,N20,nominal,2.0NRT,290.36,1.3,N
17.99358,-76.54526,349.41,0.42,0.61,2026-08-30,0608,N20,nominal,2.0NRT,293.3,7.82,N
17.99397,-76.54887,308.85,0.42,0.61,2026-08-30,0608,N20,nominal,2.0NRT,291.8,3.67,N
40.73367,-86.43296,300.2,0.39,0.36,2026-08-30,0741,N20,nominal,2.0NRT,285.66,0.67,N
41.32229,-92.5983,321.94,0.43,0.46,2026-08-30,0741,N20,nominal,2.0NRT,290.83,1.98,N
39.41785,-80.33033,308.75,0.52,0.42,2026-08-30,0741,N20,nominal,2.0NRT,287.62,1.02,N
39.97633,-86.83831,329.32,0.39,0.36,2026-08-30,0741,N20,nominal,2.0NRT,287.94,2.07,N
39.97567,-86.83376,304.34,0.39,0.36,2026-08-30,0741,N20,nominal,2.0NRT,288.72,2.07,N
40.01251,-87.23274,303.91,0.4,0.37,2026-08-30,0741,N20,nominal,2.0NRT,285.4,0.62,N
39.87666,-86.48586,314.66,0.39,0.36,2026-08-30,0741,N20,nominal,2.0NRT,291.14,1.62,N
39.46852,-84.38437,310.93,0.39,0.36,2026-08-30,0741,N20,nominal,2.0NRT,280.03,1.28,N
39.08683,-82.33089,305.72,0.44,0.38,2026-08-30,0741,N20,nominal,2.0NRT,289.15,0.94,N
38.5963,-82.83202,313.65,0.43,0.38,2026-08-30,0741,N20,nominal,2.0NRT,293.38,1.54,N
38.83391,-84.76073,303.11,0.39,0.36,2026-08-30,0741,N20,nominal,2.0NRT,290.02,0.61,N
38.62087,-83.6702,307.02,0.41,0.37,2026-08-30,0741,N20,nominal,2.0NRT,289.87,1.12,N
38.72266,-85.07991,304.55,0.39,0.36,2026-08-30,0741,N20,nominal,2.0NRT,290.71,0.48,N
38.71938,-85.0808,302.53,0.39,0.36,2026-08-30,0741,N20,nominal,2.0NRT,290.18,0.48,N
38.98193,-87.01303,302.8,0.39,0.36,2026-08-30,0741,N20,nominal,2.0NRT,288.71,0.51,N
38.99892,-87.72469,309.18,0.4,0.37,2026-08-30,0741,N20,nominal,2.0NRT,294.29,0.97,N
38.99557,-87.72546,302.5,0.4,0.37,2026-08-30,0741,N20,nominal,2.0NRT,291.05,0.97,N
38.99158,-87.72166,313.28,0.4,0.37,2026-08-30,0741,N20,nominal,2.0NRT,289.84,1.34,N
38.58727,-85.25394,303.76,0.39,0.36,2026-08-30,0741,N20,nominal,2.0NRT,288.64,0.35,N
38.7409,-86.4557,309.09,0.39,0.36,2026-08-30,0741,N20,nominal,2.0NRT,291.16,0.83,N
37.45922,-79.99566,301.55,0.39,0.44,2026-08-30,0741,N20,nominal,2.0NRT,289.99,0.82,N
38.65475,-86.7621,299.87,0.39,0.36,2026-08-30,0741,N20,nominal,2.0NRT,289.5,0.48,N
37.2758,-79.99734,311.16,0.39,0.44,2026-08-30,0741,N20,nominal,2.0NRT,290.82,1.33,N
38.32537,-86.04295,298.11,0.38,0.36,2026-08-30,0741,N20,nominal,2.0NRT,287.55,0.3,N
38.84018,-90.06635,304.21,0.47,0.4,2026-08-30,0741,N20,nominal,2.0NRT,293.39,2.23,N
38.8359,-90.06172,305.09,0.47,0.39,2026-08-30,0741,N20,nominal,2.0NRT,293.65,1.87,N
38.76376,-90.01594,313.24,0.46,0.39,2026-08-30,0741,N20,nominal,2.0NRT,290.04,0.71,N
37.60529,-82.73326,307.26,0.45,0.39,2026-08-30,0741,N20,nominal,2.0NRT,290.79,0.49,N
37.63624,-83.17272,327.79,0.43,0.38,2026-08-30,0741,N20,nominal,2.0NRT,291.24,2.31,N
38.73888,-90.46091,302.83,0.48,0.4,2026-08-30,0741,N20,nominal,2.0NRT,288.45,0.71,N
38.69547,-90.1287,333.59,0.47,0.4,2026-08-30,0741,N20,nominal,2.0NRT,292.58,3.74,N
38.69612,-90.13407,319.6,0.47,0.4,2026-08-30,0741,N20,nominal,2.0NRT,294.99,3.74,N
38.6938,-90.14555,310.2,0.47,0.4,2026-08-30,0741,N20,nominal,2.0NRT,291.67,1.38,N
38.69315,-90.14017,312.4,0.47,0.4,2026-08-30,0741,N20,nominal,2.0NRT,292.45,1.38,N
38.0373,-85.71548,303.34,0.39,0.36,2026-08-30,0741,N20,nominal,2.0NRT,291.65,0.69,N
39.02732,-93.93561,315.69,0.47,0.48,2026-08-30,0741,N20,nominal,2.0NRT,292.2,2.02,N
38.00702,-86.145,330.08,0.38,0.36,2026-08-30,0741,N20,nominal,2.0NRT,292.49,2.16,N
38.00306,-86.1415,320.99,0.38,0.36,2026-08-30,0741,N20,nominal,2.0NRT,291.58,1.64,N
38.00375,-86.14583,308.54,0.38,0.36,2026-08-30,0741,N20,nominal,2.0NRT,291.22,2.16,N
37.23681,-82.03767,305.62,0.48,0.4,2026-08-30,0741,N20,nominal,2.0NRT,290.14,0.83,N
37.23426,-82.04414,309.81,0.48,0.4,2026-08-30,0741,N20,nominal,2.0NRT,290.89,1.58,N
37.23323,-82.03886,314.62,0.48,0.4,2026-08-30,0741,N20,nominal,2.0NRT,291.23,1.58,N
37.80767,-85.69022,316.9,0.39,0.36,2026-08-30,0741,N20,nominal,2.0NRT,290.71,1,N
38.07545,-87.53236,302.41,0.39,0.36,2026-08-30,0741,N20,nominal,2.0NRT,290.93,0.6,N
38.01449,-87.68013,299.8,0.39,0.37,2026-08-30,0741,N20,nominal,2.0NRT,289.76,0.44,N
38.51968,-92.58278,303.26,0.4,0.44,2026-08-30,0741,N20,nominal,2.0NRT,290.23,0.41,N
38.18108,-90.33656,307.57,0.47,0.4,2026-08-30,0741,N20,nominal,2.0NRT,292.81,1.11,N
38.36769,-92.42673,315.58,0.39,0.44,2026-08-30,0741,N20,nominal,2.0NRT,290.17,1.66,N
38.76959,-97.62849,317.74,0.37,0.58,2026-08-30,0741,N20,nominal,2.0NRT,292.74,2.55,N
38.22143,-91.73253,300.06,0.54,0.42,2026-08-30,0741,N20,nominal,2.0NRT,289.04,0.55,N
38.00883,-90.0795,321.18,0.46,0.39,2026-08-30,0741,N20,nominal,2.0NRT,293.2,2.85,N
37.9763,-90.06663,305.68,0.46,0.39,2026-08-30,0741,N20,nominal,2.0NRT,292.07,0.66,N
37.96684,-90.07908,318.16,0.46,0.39,2026-08-30,0741,N20,nominal,2.0NRT,292.86,2.51,N
37.89266,-90.53452,299.1,0.48,0.4,2026-08-30,0741,N20,nominal,2.0NRT,289.01,0.68,N
36.97341,-84.58516,304.69,0.4,0.37,2026-08-30,0741,N20,nominal,2.0NRT,291.78,0.58,N
37.0086,-85.24466,309.74,0.39,0.36,2026-08-30,0741,N20,nominal,2.0NRT,290.92,0.87,N
37.2183,-87.66904,299.84,0.39,0.36,2026-08-30,0741,N20,nominal,2.0NRT,288.68,0.3,N
36.87602,-85.65779,310.79,0.39,0.36,2026-08-30,0741,N20,nominal,2.0NRT,291.54,0.77,N
37.37713,-89.86033,304,0.44,0.39,2026-08-30,0741,N20,nominal,2.0NRT,291.91,0.71,N
36.54678,-84.49595,304.27,0.41,0.37,2026-08-30,0741,N20,nominal,2.0NRT,292.15,0.56,N
37.21613,-88.88142,308.14,0.41,0.37,2026-08-30,0741,N20,nominal,2.0NRT,293.7,1.09,N
37.99164,-97.49535,298.56,0.36,0.58,2026-08-30,0744,N20,nominal,2.0NRT,283.35,0.36,N
37.07304,-88.43044,301.67,0.4,0.37,2026-08-30,0744,N20,nominal,2.0NRT,291.28,0.5,N
35.50696,-80.3315,303.67,0.41,0.45,2026-08-30,0744,N20,nominal,2.0NRT,290.82,0.71,N
35.50294,-80.33279,301.78,0.41,0.45,2026-08-30,0744,N20,nominal,2.0NRT,291.12,0.71,N
36.20538,-84.99135,301.75,0.4,0.37,2026-08-30,0744,N20,nominal,2.0NRT,291.23,0.45,N
35.9784,-83.9582,333.7,0.43,0.38,2026-08-30,0744,N20,nominal,2.0NRT,292.76,3.94,N
36.24693,-85.61584,317.52,0.39,0.36,2026-08-30,0744,N20,nominal,2.0NRT,293.79,1.63,N
36.49329,-87.50731,304.25,0.39,0.36,2026-08-30,0744,N20,nominal,2.0NRT,291.65,0.45,N
37.12747,-94.11316,304.99,0.46,0.47,2026-08-30,0744,N20,nominal,2.0NRT,292.17,0.58,N
35.74277,-84.39577,312.2,0.42,0.37,2026-08-30,0744,N20,nominal,2.0NRT,290.96,1.06,N
35.87316,-85.9167,304.69,0.39,0.36,2026-08-30,0744,N20,nominal,2.0NRT,293.7,0.58,N
35.52328,-85.13076,303.72,0.4,0.37,2026-08-30,0744,N20,nominal,2.0NRT,291.33,0.53,N
35.93739,-89.71458,328.35,0.43,0.38,2026-08-30,0744,N20,nominal,2.0NRT,296.06,3,N
35.89122,-89.77929,329.1,0.43,0.38,2026-08-30,0744,N20,nominal,2.0NRT,296.29,3.9,N
35.72972,-88.81265,318.03,0.4,0.37,2026-08-30,0744,N20,nominal,2.0NRT,293.7,1.51,N
35.72908,-88.80822,315.56,0.4,0.37,2026-08-30,0744,N20,nominal,2.0NRT,294.97,1.51,N
36.52074,-97.84138,319.02,0.37,0.58,2026-08-30,0744,N20,nominal,2.0NRT,293.55,1.79,N
35.38497,-87.3389,318.39,0.38,0.36,2026-08-30,0744,N20,nominal,2.0NRT,291.54,1.28,N
36.23751,-94.82237,310.07,0.49,0.49,2026-08-30,0744,N20,nominal,2.0NRT,294.13,1.4,N
35.67081,-89.96437,312.7,0.43,0.38,2026-08-30,0744,N20,nominal,2.0NRT,294.85,1.41,N
35.649,-89.93458,332.69,0.43,0.38,2026-08-30,0744,N20,nominal,2.0NRT,294.8,4.72,N
35.61134,-89.94698,338.28,0.43,0.38,2026-08-30,0744,N20,nominal,2.0NRT,296.67,5.21,N
34.94143,-85.70164,306.89,0.39,0.37,2026-08-30,0744,N20,nominal,2.0NRT,293.77,0.8,N
34.73157,-84.51976,302.02,0.42,0.38,2026-08-30,0744,N20,nominal,2.0NRT,290.28,0.34,N
35.7962,-91.74402,303.13,0.51,0.41,2026-08-30,0744,N20,nominal,2.0NRT,291.08,0.68,N
34.96934,-87.5579,301.84,0.38,0.36,2026-08-30,0744,N20,nominal,2.0NRT,291.67,0.39,N
34.8759,-88.42876,312.33,0.39,0.36,2026-08-30,0744,N20,nominal,2.0NRT,293.02,0.94,N
34.64621,-87.08266,309.48,0.38,0.36,2026-08-30,0744,N20,nominal,2.0NRT,293.81,1.21,N
34.64302,-87.08547,306.66,0.38,0.36,2026-08-30,0744,N20,nominal,2.0NRT,293.81,1.47,N
34.63908,-87.08209,328.21,0.38,0.36,2026-08-30,0744,N20,nominal,2.0NRT,294.72,1.47,N
34.6404,-87.09038,314.38,0.38,0.36,2026-08-30,0744,N20,nominal,2.0NRT,294.72,1.78,N
34.63974,-87.08624,316.41,0.38,0.36,2026-08-30,0744,N20,nominal,2.0NRT,294.97,1.47,N
34.23996,-84.79684,304.15,0.42,0.38,2026-08-30,0744,N20,nominal,2.0NRT,292.13,1.09,N
34.80307,-88.32373,309.89,0.39,0.36,2026-08-30,0744,N20,nominal,2.0NRT,292.73,1,N
35.05189,-90.16706,303.96,0.43,0.38,2026-08-30,0744,N20,nominal,2.0NRT,293.2,0.73,N
35.0484,-90.16775,309.29,0.43,0.38,2026-08-30,0744,N20,nominal,2.0NRT,292.9,0.73,N
35.04429,-90.1637,328.43,0.43,0.38,2026-08-30,0744,N20,nominal,2.0NRT,292.68,3.64,N
35.41001,-93.77605,315.41,0.42,0.45,2026-08-30,0744,N20,nominal,2.0NRT,293.22,1.29,N
34.98161,-90.04069,306.33,0.43,0.38,2026-08-30,0744,N20,nominal,2.0NRT,293.53,1.66,N
33.01429,-79.88804,309.96,0.49,0.49,2026-08-30,0744,N20,nominal,2.0NRT,283.16,1.47,N
33.01316,-79.88297,307.64,0.49,0.49,2026-08-30,0744,N20,nominal,2.0NRT,283.45,1.69,N
33.00882,-79.88432,301.26,0.49,0.49,2026-08-30,0744,N20,nominal,2.0NRT,283.97,0.82,N
33.00769,-79.87923,302.03,0.49,0.49,2026-08-30,0744,N20,nominal,2.0NRT,283.31,0.82,N
35.69799,-101.37016,306.36,0.57,0.69,2026-08-30,0744,N20,nominal,2.0NRT,292.6,1.77,N
33.99537,-85.17105,304.34,0.41,0.37,2026-08-30,0744,N20,nominal,2.0NRT,291.94,0.53,N
33.99458,-85.16964,305.07,0.41,0.37,2026-08-30,0744,N20,nominal,2.0NRT,291.83,0.58,N
35.69677,-101.37134,304.41,0.57,0.69,2026-08-30,0744,N20,nominal,2.0NRT,291.98,1.88,N
35.31141,-95.71853,307.46,0.54,0.51,2026-08-30,0744,N20,nominal,2.0NRT,292.09,1.14,N
33.37467,-82.3625,302.98,0.54,0.42,2026-08-30,0744,N20,nominal,2.0NRT,291.3,0.92,N
35.23778,-96.11174,333.7,0.57,0.52,2026-08-30,0744,N20,nominal,2.0NRT,296.33,4.77,N
35.23882,-96.12449,310.43,0.57,0.52,2026-08-30,0744,N20,nominal,2.0NRT,295.18,3.31,N
35.2383,-96.11812,316.99,0.57,0.52,2026-08-30,0744,N20,nominal,2.0NRT,295.7,4.77,N
35.23352,-96.11877,341.36,0.57,0.52,2026-08-30,0744,N20,nominal,2.0NRT,299.89,7.41,N
35.23404,-96.12516,314.31,0.57,0.52,2026-08-30,0744,N20,nominal,2.0NRT,295.36,10.34,N
35.233,-96.11234,311.34,0.57,0.52,2026-08-30,0744,N20,nominal,2.0NRT,295.26,7.41,N
35.22874,-96.11941,322.53,0.57,0.52,2026-08-30,0744,N20,nominal,2.0NRT,295.49,7.41,N
34.20144,-87.69976,305.65,0.38,0.36,2026-08-30,0744,N20,nominal,2.0NRT,292.81,0.49,N
34.12147,-88.56616,307.46,0.39,0.36,2026-08-30,0744,N20,nominal,2.0NRT,292.43,0.86,N
33.26155,-84.75462,309.1,0.43,0.38,2026-08-30,0744,N20,nominal,2.0NRT,291.7,1.17,N
33.26285,-84.75243,306.22,0.43,0.38,2026-08-30,0744,N20,nominal,2.0NRT,291.83,0.77,N
33.58394,-86.7809,317.74,0.39,0.36,2026-08-30,0744,N20,nominal,2.0NRT,294.85,2.19,N
33.53579,-86.75797,329.71,0.39,0.36,2026-08-30,0744,N20,nominal,2.0NRT,294.86,2.62,N
33.5325,-86.75874,321.38,0.39,0.36,2026-08-30,0744,N20,nominal,2.0NRT,294.51,2.26,N
33.07306,-84.51003,307.57,0.44,0.38,2026-08-30,0744,N20,nominal,2.0NRT,291.51,0.99,N
33.48623,-86.93402,314.31,0.39,0.36,2026-08-30,0744,N20,nominal,2.0NRT,294.18,1.74,N
33.79336,-89.06104,303.56,0.4,0.37,2026-08-30,0744,N20,nominal,2.0NRT,293.33,0.44,N
34.51383,-95.32811,346.5,0.5,0.49,2026-08-30,0744,N20,nominal,2.0NRT,294.77,9.08,N
34.51335,-95.32272,350.08,0.5,0.49,2026-08-30,0744,N20,nominal,2.0NRT,296.43,6.02,N
34.80971,-99.47053,312.02,0.44,0.62,2026-08-30,0744,N20,nominal,2.0NRT,293.36,1.02,N
34.51286,-95.31715,307.37,0.5,0.49,2026-08-30,0744,N20,nominal,2.0NRT,292.9,6.02,N
34.5093,-95.32857,339.49,0.5,0.49,2026-08-30,0744,N20,nominal,2.0NRT,292.56,7.31,N
34.50882,-95.32328,339.66,0.5,0.49,2026-08-30,0744,N20,nominal,2.0NRT,294.95,3.27,N
34.50834,-95.3178,312.12,0.5,0.49,2026-08-30,0744,N20,nominal,2.0NRT,293.07,3.27,N
34.50431,-95.32396,318.11,0.5,0.49,2026-08-30,0744,N20,nominal,2.0NRT,292.88,3.27,N
34.50383,-95.31859,307.37,0.5,0.49,2026-08-30,0744,N20,nominal,2.0NRT,292.04,3.27,N
34.50333,-95.31293,312.03,0.5,0.49,2026-08-30,0744,N20,nominal,2.0NRT,292.26,2.56,N
34.49785,-95.30276,306.9,0.5,0.49,2026-08-30,0744,N20,nominal,2.0NRT,291.31,2.42,N
34.49381,-95.30882,340.03,0.5,0.49,2026-08-30,0744,N20,nominal,2.0NRT,292.54,4.76,N
34.49333,-95.3034,323.77,0.5,0.49,2026-08-30,0744,N20,nominal,2.0NRT,291.84,2.42,N
34.4943,-95.31437,306.75,0.5,0.49,2026-08-30,0744,N20,nominal,2.0NRT,291.32,4.76,N
34.49238,-95.2927,310.65,0.5,0.49,2026-08-30,0744,N20,nominal,2.0NRT,290.13,1.45,N
45.27809,-66.01524,296.75,0.57,0.69,2026-08-30,0739,N20,nominal,2.0NRT,284.66,1.14,N
45.28088,-66.01298,300,0.57,0.69,2026-08-30,0739,N20,nominal,2.0NRT,285.93,1.53,N
34.48978,-95.31507,306.18,0.5,0.49,2026-08-30,0744,N20,nominal,2.0NRT,291.52,1.86,N
34.4893,-95.30951,316.69,0.5,0.49,2026-08-30,0744,N20,nominal,2.0NRT,292.62,1.86,N
48.25329,-79.02373,326.33,0.42,0.38,2026-08-30,0739,N20,nominal,2.0NRT,284.39,6.02,N
34.48836,-95.29893,307.53,0.5,0.49,2026-08-30,0744,N20,nominal,2.0NRT,291.71,2.99,N
46.36932,-72.38768,295.78,0.55,0.51,2026-08-30,0739,N20,nominal,2.0NRT,284.21,0.82,N
34.49251,-95.31075,340.28,0.5,0.49,2026-08-30,0744,N20,nominal,2.0NRT,293.79,9.32,N
45.83833,-73.25147,308.12,0.52,0.5,2026-08-30,0739,N20,nominal,2.0NRT,286.15,2.36,N
34.49305,-95.31642,304.19,0.5,0.49,2026-08-30,0744,N20,nominal,2.0NRT,291.15,1.1,N
45.78279,-73.9137,301.91,0.49,0.48,2026-08-30,0739,N20,nominal,2.0NRT,285.23,0.48,N
34.49099,-95.29471,311.93,0.5,0.49,2026-08-30,0744,N20,nominal,2.0NRT,290.89,2.19,N
45.33973,-73.52435,298.49,0.52,0.5,2026-08-30,0739,N20,nominal,2.0NRT,286.81,0.95,N
45.11359,-73.00903,302.18,0.56,0.51,2026-08-30,0739,N20,nominal,2.0NRT,286.27,0.93,N
34.48853,-95.31711,305.64,0.5,0.49,2026-08-30,0744,N20,nominal,2.0NRT,290.41,1.1,N
34.487,-95.30089,309.17,0.5,0.49,2026-08-30,0744,N20,nominal,2.0NRT,291,2.19,N
45.30411,-74.99216,298.87,0.45,0.47,2026-08-30,0739,N20,nominal,2.0NRT,285.24,0.74,N
33.8331,-89.86279,304.54,0.42,0.37,2026-08-30,0744,N20,nominal,2.0NRT,291.83,0.81,N
47.88726,-102.86732,298.55,0.77,0.77,2026-08-30,0739,N20,nominal,2.0NRT,285.68,2.46,N
47.88523,-102.86436,300.37,0.77,0.77,2026-08-30,0739,N20,nominal,2.0NRT,285.87,1.6,N
34.63284,-98.70469,315.53,0.39,0.6,2026-08-30,0744,N20,nominal,2.0NRT,295.12,2.55,N
43.76586,-95.98528,321.57,0.34,0.56,2026-08-30,0741,N20,nominal,2.0NRT,288.35,1.37,N
34.63316,-98.70637,306.4,0.39,0.6,2026-08-30,0744,N20,nominal,2.0NRT,294.99,2.04,N
39.93834,-76.81506,304.99,0.5,0.49,2026-08-30,0741,N20,nominal,2.0NRT,288.1,1.7,N
34.63288,-98.70197,309.56,0.39,0.6,2026-08-30,0744,N20,nominal,2.0NRT,294.92,1.45,N
39.43246,-77.97539,295.05,0.45,0.47,2026-08-30,0741,N20,nominal,2.0NRT,284.03,0.37,N
33.2208,-86.81409,318.29,0.39,0.36,2026-08-30,0744,N20,nominal,2.0NRT,294.07,1.95,N
41.48506,-90.82608,306.36,0.54,0.42,2026-08-30,0741,N20,nominal,2.0NRT,289.23,1.65,N
33.21672,-86.78942,309.58,0.39,0.36,2026-08-30,0744,N20,nominal,2.0NRT,293.71,1.23,N
41.48188,-90.83324,315.88,0.54,0.42,2026-08-30,0741,N20,nominal,2.0NRT,288.45,1.65,N
33.7026,-90.03363,306.51,0.42,0.38,2026-08-30,0744,N20,nominal,2.0NRT,292.49,0.82,N
33.18097,-86.7593,311.92,0.39,0.36,2026-08-30,0744,N20,nominal,2.0NRT,293.29,1.07,N
33.18029,-86.75519,307.68,0.39,0.36,2026-08-30,0744,N20,nominal,2.0NRT,294.08,1.07,N
33.44949,-88.57005,306.54,0.39,0.36,2026-08-30,0744,N20,nominal,2.0NRT,294.53,1.47,N
33.44743,-88.57907,313.71,0.39,0.36,2026-08-30,0744,N20,nominal,2.0NRT,294.39,1.62,N
33.43957,-88.57218,330.97,0.39,0.36,2026-08-30,0744,N20,nominal,2.0NRT,294.1,2.96,N
33.23715,-87.50505,328.19,0.38,0.36,2026-08-30,0744,N20,nominal,2.0NRT,294.25,1.78,N
33.23452,-87.50986,310.97,0.38,0.36,2026-08-30,0744,N20,nominal,2.0NRT,294.27,1.78,N
33.23189,-87.51469,314.88,0.38,0.36,2026-08-30,0744,N20,nominal,2.0NRT,293.44,1.39,N
33.23124,-87.51061,312.65,0.38,0.36,2026-08-30,0744,N20,nominal,2.0NRT,293.74,1.28,N
33.10595,-86.80136,307.65,0.39,0.36,2026-08-30,0744,N20,nominal,2.0NRT,293.63,1.03,N
33.09278,-86.80443,333.24,0.39,0.36,2026-08-30,0744,N20,nominal,2.0NRT,296.14,3.8,N
32.97939,-86.34839,312.51,0.39,0.37,2026-08-30,0744,N20,nominal,2.0NRT,293.92,1.73,N
19.6011,-92.29505,317.98,0.39,0.36,2026-08-30,0748,N20,nominal,2.0NRT,277.59,2.15,N
32.06417,-82.0209,303.19,0.39,0.44,2026-08-30,0744,N20,nominal,2.0NRT,286.32,0.61,N
33.97097,-94.6184,315.71,0.45,0.47,2026-08-30,0744,N20,nominal,2.0NRT,293.45,1.65,N
19.443,-92.03776,325.67,0.39,0.36,2026-08-30,0748,N20,nominal,2.0NRT,276.37,2.53,N
33.27504,-90.20535,315.67,0.42,0.38,2026-08-30,0744,N20,nominal,2.0NRT,293.94,1.4,N
19.447,-92.08602,330.93,0.39,0.36,2026-08-30,0748,N20,nominal,2.0NRT,280.04,3.92,N
32.62205,-86.17637,328.75,0.4,0.37,2026-08-30,0744,N20,nominal,2.0NRT,293.04,1.65,N
19.44757,-92.0897,307.7,0.39,0.36,2026-08-30,0748,N20,nominal,2.0NRT,277.71,2.55,N
19.43969,-92.03832,305.74,0.39,0.36,2026-08-30,0748,N20,nominal,2.0NRT,274.21,2.13,N
32.10097,-84.1855,304.5,0.47,0.39,2026-08-30,0744,N20,nominal,2.0NRT,290.82,0.73,N
19.43913,-92.03465,314.28,0.39,0.36,2026-08-30,0748,N20,nominal,2.0NRT,271.8,0.97,N
32.93116,-89.22623,318.91,0.4,0.37,2026-08-30,0744,N20,nominal,2.0NRT,292.1,1.98,N
19.43582,-92.03522,298.91,0.39,0.36,2026-08-30,0748,N20,nominal,2.0NRT,266.95,0.97,N
32.49478,-86.8626,330.72,0.39,0.36,2026-08-30,0744,N20,nominal,2.0NRT,292.9,2.39,N
32.49546,-86.86672,310.31,0.39,0.36,2026-08-30,0744,N20,nominal,2.0NRT,292.63,2.39,N
19.42544,-92.07841,314.87,0.39,0.36,2026-08-30,0748,N20,nominal,2.0NRT,276.58,2.19,N
32.17665,-85.02898,305.81,0.43,0.38,2026-08-30,0744,N20,nominal,2.0NRT,293.12,1.15,N
19.39931,-92.04137,330.34,0.39,0.36,2026-08-30,0748,N20,nominal,2.0NRT,276.47,3.21,N
32.56134,-88.6786,303.67,0.39,0.36,2026-08-30,0744,N20,nominal,2.0NRT,292.66,0.4,N
19.396,-92.04194,327.86,0.39,0.36,2026-08-30,0748,N20,nominal,2.0NRT,280.16,3.21,N
32.45288,-87.97536,305.04,0.38,0.36,2026-08-30,0744,N20,nominal,2.0NRT,294.49,1.06,N
19.39656,-92.0456,305.03,0.39,0.36,2026-08-30,0748,N20,nominal,2.0NRT,279.49,3.88,N
32.02514,-87.3262,309.31,0.39,0.36,2026-08-30,0744,N20,nominal,2.0NRT,292.95,0.71,N
19.39269,-92.0425,327.63,0.39,0.36,2026-08-30,0748,N20,nominal,2.0NRT,283.31,7.13,N
19.39325,-92.04617,308.45,0.39,0.36,2026-08-30,0748,N20,nominal,2.0NRT,276.77,4.71,N
32.91197,-94.47686,307.79,0.43,0.46,2026-08-30,0744,N20,nominal,2.0NRT,293.48,0.66,N
32.42244,-90.38528,307.27,0.42,0.38,2026-08-30,0744,N20,nominal,2.0NRT,292.61,0.9,N
20.38545,-99.6929,317.36,0.32,0.54,2026-08-30,0748,N20,nominal,2.0NRT,285.65,1.68,N
32.9121,-94.47826,308.94,0.43,0.46,2026-08-30,0744,N20,nominal,2.0NRT,293.08,0.74,N
19.24193,-92.25558,307.84,0.39,0.36,2026-08-30,0748,N20,nominal,2.0NRT,269.48,1.67,N
32.31494,-90.13741,308.87,0.41,0.37,2026-08-30,0744,N20,nominal,2.0NRT,294.43,1.08,N
20.05367,-99.29213,299.69,0.59,0.53,2026-08-30,0748,N20,nominal,2.0NRT,281.67,1.6,N
32.31433,-90.13306,314.38,0.41,0.37,2026-08-30,0744,N20,nominal,2.0NRT,294.64,1.08,N
20.04881,-99.29266,308.61,0.59,0.53,2026-08-30,0748,N20,nominal,2.0NRT,284.26,1.6,N
20.05042,-99.29342,318.1,0.59,0.53,2026-08-30,0748,N20,nominal,2.0NRT,283.95,2.48,N
33.10721,-98.32104,308.83,0.36,0.58,2026-08-30,0744,N20,nominal,2.0NRT,296.09,1.47,N
31.58145,-87.49153,308.73,0.39,0.36,2026-08-30,0744,N20,nominal,2.0NRT,294.21,1.76,N
20.03322,-99.27203,308.02,0.59,0.53,2026-08-30,0748,N20,nominal,2.0NRT,284.05,1.46,N
19.34489,-96.70645,308.67,0.4,0.44,2026-08-30,0748,N20,nominal,2.0NRT,289.1,1.45,N
30.62627,-83.22211,296.66,0.54,0.42,2026-08-30,0744,N20,nominal,2.0NRT,272.82,1.56,N
32.69893,-103.79398,307.03,0.75,0.77,2026-08-30,0744,N20,nominal,2.0NRT,292.9,1.16,N
18.3951,-92.82707,296.33,0.4,0.37,2026-08-30,0748,N20,nominal,2.0NRT,268.08,0.33,N
32.70241,-103.79366,307.81,0.75,0.77,2026-08-30,0744,N20,nominal,2.0NRT,292.45,1.31,N
18.39176,-92.82763,312.61,0.4,0.37,2026-08-30,0748,N20,nominal,2.0NRT,269.49,0.88,N
18.0913,-92.76933,299.59,0.39,0.36,2026-08-30,0748,N20,nominal,2.0NRT,270.14,0.87,N
31.16248,-87.98028,314.61,0.38,0.36,2026-08-30,0744,N20,nominal,2.0NRT,293.15,1.28,N
31.15591,-87.9817,307.31,0.38,0.36,2026-08-30,0744,N20,nominal,2.0NRT,293.67,0.84,N
18.08796,-92.76988,305.19,0.39,0.36,2026-08-30,0748,N20,nominal,2.0NRT,270.57,0.87,N
18.51028,-96.14517,306.47,0.54,0.42,2026-08-30,0748,N20,nominal,2.0NRT,281.58,0.82,N
31.15528,-87.97771,310.45,0.38,0.36,2026-08-30,0744,N20,nominal,2.0NRT,293.72,1.59,N
31.14999,-87.98711,326.19,0.38,0.36,2026-08-30,0744,N20,nominal,2.0NRT,295.08,2.79,N
18.50961,-96.14007,298.28,0.54,0.42,2026-08-30,0748,N20,nominal,2.0NRT,280.88,0.82,N
31.14278,-87.98454,307.3,0.38,0.36,2026-08-30,0744,N20,nominal,2.0NRT,292.53,1.19,N
18.5064,-96.14575,330.66,0.54,0.42,2026-08-30,0748,N20,nominal,2.0NRT,283.99,3.71,N
18.50574,-96.14065,309.03,0.54,0.42,2026-08-30,0748,N20,nominal,2.0NRT,283.39,3.71,N
32.53659,-101.67577,319.04,0.56,0.69,2026-08-30,0744,N20,nominal,2.0NRT,293.44,1.79,N
32.24581,-97.55489,312.36,0.32,0.55,2026-08-30,0744,N20,nominal,2.0NRT,294.61,0.99,N
18.20534,-94.00603,323.36,0.43,0.38,2026-08-30,0748,N20,nominal,2.0NRT,266.29,1.93,N
32.24554,-97.55154,305.05,0.32,0.55,2026-08-30,0744,N20,nominal,2.0NRT,294.76,0.99,N
18.1322,-94.2027,298.23,0.43,0.38,2026-08-30,0748,N20,nominal,2.0NRT,276.01,0.58,N
32.41162,-101.64349,308.13,0.56,0.69,2026-08-30,0744,N20,nominal,2.0NRT,293.01,1.26,N
18.13624,-94.35719,301.03,0.44,0.38,2026-08-30,0748,N20,nominal,2.0NRT,264.16,0.62,N
18.09226,-94.04793,313.14,0.43,0.38,2026-08-30,0748,N20,nominal,2.0NRT,268.2,1.37,N
31.00881,-88.18947,304.73,0.38,0.36,2026-08-30,0744,N20,nominal,2.0NRT,291.88,0.39,N
17.90271,-93.18529,338.17,0.4,0.37,2026-08-30,0748,N20,nominal,2.0NRT,265.67,5.52,N
32.06564,-96.8721,305.52,0.58,0.52,2026-08-30,0744,N20,nominal,2.0NRT,295.07,2.01,N
30.94607,-88.01202,328.83,0.38,0.36,2026-08-30,0744,N20,nominal,2.0NRT,287.01,1.22,N
17.90215,-93.18154,328.66,0.4,0.37,2026-08-30,0748,N20,nominal,2.0NRT,264.4,2.94,N
17.89935,-93.18584,317.07,0.4,0.37,2026-08-30,0748,N20,nominal,2.0NRT,264.08,5.52,N
30.94544,-88.00803,307.68,0.38,0.36,2026-08-30,0744,N20,nominal,2.0NRT,286.8,1.22,N
30.94279,-88.01273,304.55,0.38,0.36,2026-08-30,0744,N20,nominal,2.0NRT,285.91,1.22,N
17.89878,-93.18209,302.22,0.4,0.37,2026-08-30,0748,N20,nominal,2.0NRT,263.64,2.94,N
17.89598,-93.18639,306.11,0.4,0.37,2026-08-30,0748,N20,nominal,2.0NRT,264.49,2.88,N
30.93951,-88.01343,338.14,0.38,0.36,2026-08-30,0744,N20,nominal,2.0NRT,289.08,4.09,N
32.21552,-101.9206,303.59,0.58,0.7,2026-08-30,0744,N20,nominal,2.0NRT,293.27,0.96,N
17.89261,-93.18695,334.03,0.4,0.37,2026-08-30,0748,N20,nominal,2.0NRT,264.7,2.88,N
17.89205,-93.18319,297.12,0.4,0.37,2026-08-30,0748,N20,nominal,2.0NRT,263.92,1.46,N
30.78996,-88.05684,306.73,0.38,0.36,2026-08-30,0744,N20,nominal,2.0NRT,293.01,0.77,N
17.89038,-93.19499,319.97,0.4,0.37,2026-08-30,0748,N20,nominal,2.0NRT,266.3,1.69,N
30.77383,-88.15003,310.31,0.38,0.36,2026-08-30,0744,N20,nominal,2.0NRT,282.18,0.9,N
17.84443,-93.11798,334.86,0.4,0.37,2026-08-30,0748,N20,nominal,2.0NRT,267.39,4.16,N
17.84498,-93.12173,305.08,0.4,0.37,2026-08-30,0748,N20,nominal,2.0NRT,266.38,4.16,N
32.0493,-100.6872,305.92,0.49,0.65,2026-08-30,0744,N20,nominal,2.0NRT,293.11,1.11,N
17.84387,-93.11425,318.84,0.4,0.37,2026-08-30,0748,N20,nominal,2.0NRT,265.25,2.74,N
17.84107,-93.11853,345.5,0.4,0.37,2026-08-30,0748,N20,nominal,2.0NRT,269.12,4.16,N
31.11154,-91.76003,311.24,0.46,0.39,2026-08-30,0744,N20,nominal,2.0NRT,294.18,1.45,N
31.97422,-101.76787,317.2,0.57,0.69,2026-08-30,0744,N20,nominal,2.0NRT,293.19,1.65,N
17.84163,-93.12228,308.34,0.4,0.37,2026-08-30,0748,N20,nominal,2.0NRT,267.3,4.16,N
17.84051,-93.11479,307.07,0.4,0.37,2026-08-30,0748,N20,nominal,2.0NRT,266.74,2.74,N
31.10857,-91.76543,311.91,0.46,0.39,2026-08-30,0744,N20,nominal,2.0NRT,294.1,1.2,N
17.83953,-93.12177,297.13,0.4,0.37,2026-08-30,0748,N20,nominal,2.0NRT,268.29,1.77,N
31.10438,-91.76131,309.19,0.46,0.39,2026-08-30,0744,N20,nominal,2.0NRT,293.92,1.2,N
17.83896,-93.11803,316.83,0.4,0.37,2026-08-30,0748,N20,nominal,2.0NRT,267.68,1.77,N
31.09723,-91.76257,318.25,0.46,0.39,2026-08-30,0744,N20,nominal,2.0NRT,294.2,1.58,N
17.92171,-93.76118,297.47,0.42,0.37,2026-08-30,0748,N20,nominal,2.0NRT,262.47,0.47,N
17.7914,-93.12202,317.74,0.4,0.37,2026-08-30,0748,N20,nominal,2.0NRT,272.71,1.81,N
31.97239,-101.76942,311.68,0.57,0.69,2026-08-30,0744,N20,nominal,2.0NRT,293.15,2.18,N
17.75713,-92.91817,345.38,0.39,0.37,2026-08-30,0748,N20,nominal,2.0NRT,285.21,11.62,N
31.84397,-101.79987,312.38,0.57,0.69,2026-08-30,0744,N20,nominal,2.0NRT,293.26,2.37,N
31.84367,-101.79383,308.51,0.57,0.69,2026-08-30,0744,N20,nominal,2.0NRT,293.66,2.02,N
17.75323,-92.91503,316.72,0.39,0.37,2026-08-30,0748,N20,nominal,2.0NRT,283.14,2.25,N
31.35129,-96.16966,308.94,0.52,0.5,2026-08-30,0744,N20,nominal,2.0NRT,294.5,1.9,N
17.75267,-92.91134,318.24,0.39,0.37,2026-08-30,0748,N20,nominal,2.0NRT,283.41,2.25,N
29.08191,-82.09711,303.8,0.44,0.46,2026-08-30,0744,N20,nominal,2.0NRT,288.36,0.62,N
17.72822,-93.04459,297.91,0.4,0.37,2026-08-30,0748,N20,nominal,2.0NRT,275.01,0.56,N
31.62353,-101.82377,310.98,0.57,0.69,2026-08-30,0744,N20,nominal,2.0NRT,292.42,1.81,N
17.78866,-95.3453,309.81,0.48,0.4,2026-08-30,0748,N20,nominal,2.0NRT,291.83,0.94,N
30.58607,-91.24353,307.61,0.43,0.38,2026-08-30,0744,N20,nominal,2.0NRT,295.29,1.09,N
30.58547,-91.23904,308.13,0.43,0.38,2026-08-30,0744,N20,nominal,2.0NRT,295.23,1.09,N
30.58461,-91.24197,319.58,0.43,0.38,2026-08-30,0744,N20,nominal,2.0NRT,295.77,2.31,N
30.55881,-91.20998,306.95,0.43,0.38,2026-08-30,0744,N20,nominal,2.0NRT,295.61,1.14,N
31.56833,-103.22723,304.3,0.69,0.74,2026-08-30,0744,N20,nominal,2.0NRT,294.12,1.01,N
31.46338,-101.60513,304.01,0.55,0.68,2026-08-30,0744,N20,nominal,2.0NRT,292.37,0.6,N
30.48385,-91.18257,309.18,0.43,0.38,2026-08-30,0744,N20,nominal,2.0NRT,297.62,2.71,N
30.48324,-91.17812,310.37,0.43,0.38,2026-08-30,0744,N20,nominal,2.0NRT,298.01,2.7,N
31.46031,-101.60539,303.93,0.55,0.68,2026-08-30,0744,N20,nominal,2.0NRT,292.5,0.72,N
30.40277,-90.91589,305.63,0.42,0.38,2026-08-30,0744,N20,nominal,2.0NRT,293.67,0.45,N
30.33556,-90.71156,304.41,0.41,0.37,2026-08-30,0744,N20,nominal,2.0NRT,292.91,0.45,N
31.35725,-102.1157,304.73,0.59,0.7,2026-08-30,0744,N20,nominal,2.0NRT,292.81,1.05,N
30.3289,-91.24273,308.89,0.43,0.38,2026-08-30,0744,N20,nominal,2.0NRT,296.83,1.67,N
30.33029,-91.27901,308.18,0.43,0.38,2026-08-30,0744,N20,nominal,2.0NRT,295.65,1.31,N
30.32482,-91.23891,314.29,0.43,0.38,2026-08-30,0744,N20,nominal,2.0NRT,296.59,2.83,N
31.36077,-103.22952,316.22,0.68,0.74,2026-08-30,0744,N20,nominal,2.0NRT,294.1,2.48,N
31.0699,-99.03243,310.56,0.38,0.59,2026-08-30,0744,N20,nominal,2.0NRT,293.93,0.92,N
31.07397,-99.03432,305.06,0.38,0.59,2026-08-30,0744,N20,nominal,2.0NRT,293.33,1.02,N
31.07366,-99.03027,309.81,0.38,0.59,2026-08-30,0744,N20,nominal,2.0NRT,294.09,1.14,N
30.18948,-90.99129,313.75,0.42,0.38,2026-08-30,0744,N20,nominal,2.0NRT,294.85,2.41,N
31.26886,-103.18206,304.65,0.68,0.74,2026-08-30,0744,N20,nominal,2.0NRT,294.37,0.7,N
31.24831,-103.18329,309.22,0.68,0.74,2026-08-30,0744,N20,nominal,2.0NRT,293.99,1.23,N
30.06092,-90.59805,307.32,0.41,0.37,2026-08-30,0744,N20,nominal,2.0NRT,294.8,2.72,N
30.0535,-90.67191,310.8,0.41,0.37,2026-08-30,0744,N20,nominal,2.0NRT,293.33,1.97,N
30.00479,-90.40514,307.05,0.4,0.37,2026-08-30,0744,N20,nominal,2.0NRT,294.5,1.26,N
30.00142,-90.40578,308.9,0.4,0.37,2026-08-30,0744,N20,nominal,2.0NRT,295.71,1.26,N
30.00082,-90.40162,314.29,0.4,0.37,2026-08-30,0744,N20,nominal,2.0NRT,296.56,1.26,N
29.99625,-90.39394,310,0.4,0.37,2026-08-30,0744,N20,nominal,2.0NRT,295.72,2.38,N
29.93444,-89.97034,309.92,0.4,0.37,2026-08-30,0744,N20,nominal,2.0NRT,296.31,1.14,N
29.99467,-90.40707,312.71,0.4,0.37,2026-08-30,0744,N20,nominal,2.0NRT,294.56,2.4,N
30.34468,-94.06439,308.23,0.38,0.43,2026-08-30,0744,N20,nominal,2.0NRT,294.59,1.87,N
30.24424,-93.27571,309.07,0.52,0.42,2026-08-30,0744,N20,nominal,2.0NRT,296.47,2.43,N
30.24042,-93.27634,309.3,0.52,0.42,2026-08-30,0744,N20,nominal,2.0NRT,296.26,2.28,N
30.18154,-93.32648,308.56,0.52,0.42,2026-08-30,0744,N20,nominal,2.0NRT,296.34,4.44,N
30.1478,-93.33749,320.34,0.52,0.42,2026-08-30,0744,N20,nominal,2.0NRT,295.01,3.15,N
29.5967,-89.89027,313.49,0.39,0.36,2026-08-30,0744,N20,nominal,2.0NRT,294.14,1.6,N
30.08454,-94.07775,307.8,0.57,0.43,2026-08-30,0746,N20,nominal,2.0NRT,294.17,3.49,N
30.01474,-94.03438,306.21,0.57,0.43,2026-08-30,0746,N20,nominal,2.0NRT,293.87,2.14,N
29.68589,-91.47415,308.39,0.43,0.38,2026-08-30,0746,N20,nominal,2.0NRT,295.88,1.66,N
29.96637,-93.89349,309.57,0.56,0.43,2026-08-30,0746,N20,nominal,2.0NRT,295.8,3.1,N
29.95391,-93.88957,309.63,0.56,0.43,2026-08-30,0746,N20,nominal,2.0NRT,293.88,3.27,N
29.95465,-93.89037,309.51,0.56,0.43,2026-08-30,0746,N20,nominal,2.0NRT,294.09,2.35,N
29.83565,-93.96341,323.2,0.56,0.43,2026-08-30,0746,N20,nominal,2.0NRT,294.55,5.18,N
29.80066,-93.77072,310.74,0.55,0.42,2026-08-30,0746,N20,nominal,2.0NRT,292.92,0.85,N
30.35262,-100.13358,328.7,0.44,0.62,2026-08-30,0746,N20,nominal,2.0NRT,293.3,3.03,N
30.34687,-100.13416,330.94,0.44,0.62,2026-08-30,0746,N20,nominal,2.0NRT,293.09,3.24,N
29.76059,-93.86964,307.66,0.55,0.43,2026-08-30,0746,N20,nominal,2.0NRT,294.37,2.67,N
29.758,-93.88171,316.03,0.55,0.43,2026-08-30,0746,N20,nominal,2.0NRT,294.5,3.82,N
29.74743,-95.01765,308.45,0.43,0.46,2026-08-30,0746,N20,nominal,2.0NRT,295.27,3.1,N
29.74697,-95.01323,310.79,0.43,0.46,2026-08-30,0746,N20,nominal,2.0NRT,295.62,3.1,N
29.74558,-95.00002,311.64,0.42,0.46,2026-08-30,0746,N20,nominal,2.0NRT,296.19,3.93,N
29.74846,-94.99694,309.24,0.42,0.45,2026-08-30,0746,N20,nominal,2.0NRT,295.02,2.93,N
29.74624,-95.01513,313.16,0.42,0.46,2026-08-30,0746,N20,nominal,2.0NRT,295.82,2.94,N
29.74123,-95.12399,312.5,0.43,0.46,2026-08-30,0746,N20,nominal,2.0NRT,294.4,3.19,N
29.738,-95.13355,312.84,0.43,0.46,2026-08-30,0746,N20,nominal,2.0NRT,293.93,2.18,N
29.7372,-95.16551,309.65,0.43,0.46,2026-08-30,0746,N20,nominal,2.0NRT,294.21,1.65,N
29.72388,-95.12194,309.87,0.43,0.46,2026-08-30,0746,N20,nominal,2.0NRT,296.21,2.63,N
29.62204,-95.05344,310.85,0.43,0.46,2026-08-30,0746,N20,nominal,2.0NRT,293.95,2.58,N
29.61494,-95.02769,313.32,0.42,0.46,2026-08-30,0746,N20,nominal,2.0NRT,294.21,2.19,N
29.37877,-94.90888,309.27,0.42,0.45,2026-08-30,0746,N20,nominal,2.0NRT,294.9,2.28,N
29.37797,-94.93953,310.85,0.42,0.45,2026-08-30,0746,N20,nominal,2.0NRT,296.27,2.43,N
29.37605,-94.92233,311.13,0.42,0.45,2026-08-30,0746,N20,nominal,2.0NRT,296.81,2.61,N
29.37049,-94.9101,313,0.42,0.45,2026-08-30,0746,N20,nominal,2.0NRT,297.26,3.16,N
29.68169,-98.18423,311.95,0.33,0.55,2026-08-30,0746,N20,nominal,2.0NRT,293.07,0.85,N
29.67662,-98.185,304.92,0.33,0.55,2026-08-30,0746,N20,nominal,2.0NRT,293.37,0.85,N
29.06848,-95.75294,308.76,0.46,0.47,2026-08-30,0746,N20,nominal,2.0NRT,297.66,2.03,N
29.00464,-95.40549,307.46,0.44,0.46,2026-08-30,0746,N20,nominal,2.0NRT,296.57,2.04,N
28.98133,-95.34953,309.6,0.43,0.46,2026-08-30,0746,N20,nominal,2.0NRT,297.35,2.86,N
26.41757,-80.77403,306.58,0.6,0.53,2026-08-30,0746,N20,nominal,2.0NRT,287.93,1.66,N
26.4128,-80.77534,311.49,0.6,0.53,2026-08-30,0746,N20,nominal,2.0NRT,288.68,1.66,N
26.41883,-80.7733,300.5,0.6,0.53,2026-08-30,0746,N20,nominal,2.0NRT,287.56,1.86,N
26.41406,-80.77462,315.28,0.6,0.53,2026-08-30,0746,N20,nominal,2.0NRT,288.67,1.86,N
29.19739,-99.79345,312.29,0.41,0.6,2026-08-30,0746,N20,nominal,2.0NRT,292.18,1.24,N
28.95885,-97.83179,303.89,0.61,0.54,2026-08-30,0746,N20,nominal,2.0NRT,293.66,0.6,N
28.92308,-97.67896,318.27,0.6,0.53,2026-08-30,0746,N20,nominal,2.0NRT,294.1,2.25,N
28.93552,-97.86771,315.8,0.61,0.54,2026-08-30,0746,N20,nominal,2.0NRT,293.9,2.67,N
28.93494,-97.86136,316.4,0.61,0.54,2026-08-30,0746,N20,nominal,2.0NRT,294.31,2.39,N
28.9736,-98.91299,311.49,0.36,0.57,2026-08-30,0746,N20,nominal,2.0NRT,293.86,0.98,N
28.70019,-96.535,308.86,0.51,0.49,2026-08-30,0746,N20,nominal,2.0NRT,296,2.64,N
28.45868,-98.19264,306.44,0.64,0.54,2026-08-30,0746,N20,nominal,2.0NRT,294.55,2.21,N
28.459,-98.19239,305.49,0.64,0.54,2026-08-30,0746,N20,nominal,2.0NRT,294.3,1.79,N
28.45338,-98.18645,305.28,0.63,0.54,2026-08-30,0746,N20,nominal,2.0NRT,294.04,1.5,N
28.32071,-99.26953,315.58,0.37,0.58,2026-08-30,0746,N20,nominal,2.0NRT,293.48,1.4,N
28.05768,-97.43821,341.12,0.56,0.52,2026-08-30,0746,N20,nominal,2.0NRT,293.85,25.6,N
27.89198,-97.27435,307,0.55,0.51,2026-08-30,0746,N20,nominal,2.0NRT,291.21,2.52,N
26.6413,-97.96901,307.71,0.59,0.53,2026-08-30,0746,N20,nominal,2.0NRT,291.27,3.49,N
26.64074,-97.96308,312.06,0.59,0.53,2026-08-30,0746,N20,nominal,2.0NRT,291.31,3.03,N
26.63646,-97.96962,305.82,0.59,0.53,2026-08-30,0746,N20,nominal,2.0NRT,291.61,2.37,N
26.6359,-97.96368,309.04,0.59,0.53,2026-08-30,0746,N20,nominal,2.0NRT,291.43,1.83,N
26.63535,-97.95776,311.7,0.59,0.53,2026-08-30,0746,N20,nominal,2.0NRT,291.61,1.83,N
26.63051,-97.95837,307.25,0.59,0.53,2026-08-30,0746,N20,nominal,2.0NRT,291.53,1.83,N
26.64261,-97.97031,307.62,0.59,0.53,2026-08-30,0746,N20,nominal,2.0NRT,291.4,2,N
26.64201,-97.9644,313.23,0.59,0.53,2026-08-30,0746,N20,nominal,2.0NRT,291.65,2,N
26.63777,-97.97091,307.98,0.59,0.53,2026-08-30,0746,N20,nominal,2.0NRT,291.67,2.03,N
26.63717,-97.96499,306.61,0.59,0.53,2026-08-30,0746,N20,nominal,2.0NRT,291.62,2.03,N
26.63658,-97.95908,312.87,0.59,0.52,2026-08-30,0746,N20,nominal,2.0NRT,291.72,2.49,N
26.63174,-97.95968,313.31,0.59,0.52,2026-08-30,0746,N20,nominal,2.0NRT,291.34,2.49,N
26.36633,-98.76874,305.9,0.33,0.55,2026-08-30,0746,N20,nominal,2.0NRT,291.81,1.05,N
26.0554,-98.21519,311.21,0.6,0.53,2026-08-30,0746,N20,nominal,2.0NRT,293.11,0.75,N
26.05052,-98.21579,329.84,0.6,0.53,2026-08-30,0746,N20,nominal,2.0NRT,293.55,5.19,N
25.6954,-98.30962,317.47,0.6,0.53,2026-08-30,0746,N20,nominal,2.0NRT,291.93,3.33,N
25.69792,-98.30981,313.09,0.6,0.53,2026-08-30,0746,N20,nominal,2.0NRT,292.09,2.55,N
25.74564,-100.23898,308.71,0.4,0.6,2026-08-30,0746,N20,nominal,2.0NRT,291.13,2.31,N
25.67673,-99.4628,315.84,0.35,0.57,2026-08-30,0746,N20,nominal,2.0NRT,292.36,1.26,N
25.72316,-100.10701,305.02,0.39,0.59,2026-08-30,0746,N20,nominal,2.0NRT,290.84,0.72,N
25.72336,-100.30553,303.39,0.4,0.6,2026-08-30,0746,N20,nominal,2.0NRT,285.45,1.7,N
25.72302,-100.30154,308.11,0.4,0.6,2026-08-30,0746,N20,nominal,2.0NRT,289.34,2.28,N
25.70051,-100.29986,311.43,0.4,0.6,2026-08-30,0746,N20,nominal,2.0NRT,289.31,2.53,N
25.6982,-100.27197,304.64,0.4,0.6,2026-08-30,0746,N20,nominal,2.0NRT,287.89,1.66,N
25.59236,-99.94564,309.22,0.38,0.59,2026-08-30,0746,N20,nominal,2.0NRT,292.42,2.29,N
25.58087,-99.93932,312.77,0.38,0.59,2026-08-30,0746,N20,nominal,2.0NRT,291.26,1.57,N
25.60316,-100.92081,299.61,0.44,0.62,2026-08-30,0746,N20,nominal,2.0NRT,265.05,0.79,N
24.82843,-99.47385,367,0.35,0.57,2026-08-30,0746,N20,high,2.0NRT,293.68,8.41,N
24.25604,-98.48699,316.23,0.59,0.53,2026-08-30,0746,N20,nominal,2.0NRT,291.82,2.79,N
24.24662,-99.16507,305.96,0.33,0.55,2026-08-30,0746,N20,nominal,2.0NRT,291.56,0.97,N
23.80335,-99.14097,307.23,0.32,0.55,2026-08-30,0746,N20,nominal,2.0NRT,291.1,0.75,N
23.51097,-98.08482,308.86,0.55,0.51,2026-08-30,0746,N20,nominal,2.0NRT,292.74,1.83,N
22.65828,-97.6843,312.69,0.5,0.49,2026-08-30,0748,N20,nominal,2.0NRT,292.56,2.42,N
21.03358,-86.95779,306.37,0.49,0.41,2026-08-30,0748,N20,nominal,2.0NRT,293.62,1.03,N
21.03075,-86.96323,306.94,0.49,0.4,2026-08-30,0748,N20,nominal,2.0NRT,293.97,1.49,N
21.01661,-86.99036,310.82,0.49,0.4,2026-08-30,0748,N20,nominal,2.0NRT,293.79,2.62,N
21.01293,-86.99111,307.18,0.49,0.4,2026-08-30,0748,N20,nominal,2.0NRT,293.47,1.18,N
22.26689,-97.80872,331.34,0.51,0.49,2026-08-30,0748,N20,nominal,2.0NRT,294.7,7.11,N
22.26235,-97.80933,341.94,0.51,0.49,2026-08-30,0748,N20,nominal,2.0NRT,294.62,10.5,N
22.40376,-102.25636,306.15,0.49,0.65,2026-08-30,0748,N20,nominal,2.0NRT,282.54,1.2,N
22.04666,-98.87391,305.73,0.59,0.53,2026-08-30,0748,N20,nominal,2.0NRT,290,2.11,N
22.04748,-98.86987,306.35,0.59,0.53,2026-08-30,0748,N20,nominal,2.0NRT,289.95,1.59,N
20.14021,-89.18293,315.62,0.41,0.37,2026-08-30,0748,N20,nominal,2.0NRT,290.3,1.41,N
20.13682,-89.18356,305.58,0.41,0.37,2026-08-30,0748,N20,nominal,2.0NRT,289.66,0.7,N
20.11793,-89.17518,297.68,0.41,0.37,2026-08-30,0748,N20,nominal,2.0NRT,282.54,0.52,N
49.76232,-92.63113,297.98,0.36,0.57,2026-08-30,0920,N20,nominal,2.0NRT,286.15,0.36,N
47.85381,-113.2757,300.66,0.48,0.4,2026-08-30,0922,N20,nominal,2.0NRT,278.65,1.23,N
48.36181,-120.84548,327.79,0.35,0.57,2026-08-30,0922,N20,nominal,2.0NRT,279.93,2.87,N
48.08392,-120.62738,299.35,0.34,0.56,2026-08-30,0922,N20,nominal,2.0NRT,274.74,1.05,N
48.07861,-120.62486,302.03,0.34,0.56,2026-08-30,0922,N20,nominal,2.0NRT,274.93,1.28,N
48.07834,-120.619,304.95,0.34,0.56,2026-08-30,0922,N20,nominal,2.0NRT,275.85,1.42,N
48.07746,-120.83058,296.54,0.35,0.56,2026-08-30,0922,N20,nominal,2.0NRT,276.18,1.05,N
48.07234,-120.83345,319.87,0.35,0.56,2026-08-30,0922,N20,nominal,2.0NRT,279.52,1.05,N
48.02865,-120.67021,321.65,0.34,0.56,2026-08-30,0922,N20,nominal,2.0NRT,277.25,2.63,N
48.02898,-120.67757,301.25,0.34,0.56,2026-08-30,0922,N20,nominal,2.0NRT,277.2,0.96,N
47.93752,-120.63051,295.19,0.34,0.56,2026-08-30,0922,N20,nominal,2.0NRT,275.37,0.47,N
47.90937,-120.5802,297.82,0.34,0.56,2026-08-30,0922,N20,nominal,2.0NRT,276.23,0.61,N
47.88485,-120.37796,317.87,0.33,0.55,2026-08-30,0922,N20,nominal,2.0NRT,279.6,1.54,N
47.90762,-120.58047,297.49,0.34,0.56,2026-08-30,0922,N20,nominal,2.0NRT,275.72,0.69,N
47.88723,-120.37876,311.88,0.33,0.55,2026-08-30,0922,N20,nominal,2.0NRT,278.73,1.49,N
47.87586,-120.35654,320.48,0.33,0.55,2026-08-30,0922,N20,nominal,2.0NRT,279.31,1.98,N
47.84491,-120.56739,308.26,0.34,0.56,2026-08-30,0922,N20,nominal,2.0NRT,274.13,0.84,N
47.8447,-120.5627,297.23,0.34,0.56,2026-08-30,0922,N20,nominal,2.0NRT,274.57,0.84,N
45.78623,-106.81194,302.63,0.4,0.37,2026-08-30,0922,N20,nominal,2.0NRT,284.39,0.7,N
46.8251,-115.22444,307.4,0.56,0.43,2026-08-30,0922,N20,nominal,2.0NRT,276.48,1.85,N
46.81401,-115.1516,297.52,0.56,0.43,2026-08-30,0922,N20,nominal,2.0NRT,279.11,1.31,N
46.81397,-115.23389,299.34,0.56,0.43,2026-08-30,0922,N20,nominal,2.0NRT,275.97,1.2,N
46.79331,-115.1858,296.56,0.56,0.43,2026-08-30,0922,N20,nominal,2.0NRT,278.45,1.8,N
45.81269,-108.43134,297.4,0.38,0.36,2026-08-30,0922,N20,nominal,2.0NRT,287.12,0.57,N
45.78088,-108.49026,301.51,0.38,0.36,2026-08-30,0922,N20,nominal,2.0NRT,290.51,0.86,N
46.47698,-115.40687,304.17,0.57,0.43,2026-08-30,0922,N20,nominal,2.0NRT,279.26,1.64,N
46.47449,-115.40696,304.3,0.56,0.43,2026-08-30,0922,N20,nominal,2.0NRT,278.1,2.01,N
46.2932,-115.02737,298.57,0.54,0.42,2026-08-30,0922,N20,nominal,2.0NRT,270.37,2.12,N
46.29247,-115.02022,313.1,0.54,0.42,2026-08-30,0922,N20,nominal,2.0NRT,273.31,2.12,N
46.28866,-115.02156,325.51,0.54,0.42,2026-08-30,0922,N20,nominal,2.0NRT,272.95,2.12,N
46.2894,-115.02885,304.72,0.54,0.42,2026-08-30,0922,N20,nominal,2.0NRT,270.34,2.12,N
46.28638,-115.03809,320.72,0.54,0.42,2026-08-30,0922,N20,nominal,2.0NRT,277.27,5.74,N
46.28559,-115.03027,315.28,0.54,0.42,2026-08-30,0922,N20,nominal,2.0NRT,276.76,7.41,N
46.28256,-115.0395,339.24,0.54,0.42,2026-08-30,0922,N20,nominal,2.0NRT,283.11,5.74,N
46.28177,-115.03167,346.41,0.54,0.42,2026-08-30,0922,N20,nominal,2.0NRT,281.16,7.41,N
46.27874,-115.04082,323.65,0.54,0.42,2026-08-30,0922,N20,nominal,2.0NRT,278.42,4.16,N
46.15783,-113.93522,307.44,0.49,0.4,2026-08-30,0922,N20,nominal,2.0NRT,275.12,2.6,N
46.43041,-116.97214,295.87,0.44,0.46,2026-08-30,0922,N20,nominal,2.0NRT,285.68,1.09,N
46.25198,-115.09019,312.53,0.55,0.42,2026-08-30,0922,N20,nominal,2.0NRT,277.94,2.53,N
46.10606,-114.8235,314.54,0.53,0.42,2026-08-30,0922,N20,nominal,2.0NRT,278.66,2.88,N
46.12769,-115.07933,298.24,0.54,0.42,2026-08-30,0922,N20,nominal,2.0NRT,281.3,1.06,N
46.11927,-115.07434,317.86,0.54,0.42,2026-08-30,0922,N20,nominal,2.0NRT,282.94,3.97,N
46.11953,-115.08022,296.89,0.54,0.42,2026-08-30,0922,N20,nominal,2.0NRT,282.05,1.59,N
46.11887,-115.07385,318.22,0.54,0.42,2026-08-30,0922,N20,nominal,2.0NRT,283.32,2.06,N
46.09686,-115.16876,304.64,0.55,0.42,2026-08-30,0922,N20,nominal,2.0NRT,280.63,1.37,N
46.08008,-115.08158,298.46,0.54,0.42,2026-08-30,0922,N20,nominal,2.0NRT,282.17,1.15,N
45.72285,-114.63609,299.68,0.52,0.41,2026-08-30,0922,N20,nominal,2.0NRT,275.27,1.07,N
45.59768,-118.22743,296.24,0.49,0.49,2026-08-30,0922,N20,nominal,2.0NRT,276.91,0.84,N
45.64844,-120.21429,296.21,0.62,0.54,2026-08-30,0922,N20,nominal,2.0NRT,281.06,0.87,N
44.83834,-118.20325,300.96,0.48,0.48,2026-08-30,0922,N20,nominal,2.0NRT,277.14,1.64,N
44.83436,-118.20993,325.61,0.48,0.48,2026-08-30,0922,N20,nominal,2.0NRT,280.94,3.84,N
44.83395,-118.20461,324.52,0.48,0.48,2026-08-30,0922,N20,nominal,2.0NRT,280.08,3.84,N
44.82956,-118.20593,341.02,0.48,0.48,2026-08-30,0922,N20,nominal,2.0NRT,281.78,3.84,N
44.82999,-118.2116,308.47,0.48,0.48,2026-08-30,0922,N20,nominal,2.0NRT,276.4,3.84,N
44.82344,-118.24362,297.69,0.49,0.48,2026-08-30,0922,N20,nominal,2.0NRT,276.9,1.33,N
44.82264,-118.29258,302.34,0.49,0.48,2026-08-30,0922,N20,nominal,2.0NRT,276.85,2,N
44.8222,-118.28686,308.73,0.49,0.48,2026-08-30,0922,N20,nominal,2.0NRT,278.77,2.02,N
44.82175,-118.28085,304.61,0.49,0.48,2026-08-30,0922,N20,nominal,2.0NRT,278.39,2.02,N
45.03584,-122.0602,307.98,0.38,0.58,2026-08-30,0922,N20,nominal,2.0NRT,280.96,1.4,N
44.81778,-118.2881,307.58,0.49,0.48,2026-08-30,0922,N20,nominal,2.0NRT,279.01,2.02,N
44.81735,-118.28239,314.74,0.49,0.48,2026-08-30,0922,N20,nominal,2.0NRT,280.23,2.02,N
44.81205,-118.27177,297.43,0.49,0.48,2026-08-30,0922,N20,nominal,2.0NRT,277.32,1.25,N
44.81113,-118.25955,298.32,0.49,0.48,2026-08-30,0922,N20,nominal,2.0NRT,278.27,1.63,N
44.81013,-118.24619,303.11,0.49,0.48,2026-08-30,0922,N20,nominal,2.0NRT,278.79,2.19,N
44.8097,-118.24058,305.1,0.49,0.48,2026-08-30,0922,N20,nominal,2.0NRT,278.22,1.27,N
45.01915,-122.05018,326.21,0.38,0.58,2026-08-30,0922,N20,nominal,2.0NRT,281.29,2.69,N
45.01894,-122.04496,295.1,0.38,0.58,2026-08-30,0922,N20,nominal,2.0NRT,280.12,1.95,N
45.03386,-122.05785,296.03,0.38,0.58,2026-08-30,0922,N20,nominal,2.0NRT,280.18,0.41,N
45.0171,-122.04774,329.72,0.37,0.58,2026-08-30,0922,N20,nominal,2.0NRT,282.44,3.21,N
43.84647,-115.58975,299.7,0.54,0.42,2026-08-30,0922,N20,nominal,2.0NRT,279.31,0.8,N
43.83437,-115.58699,319.49,0.54,0.42,2026-08-30,0922,N20,nominal,2.0NRT,281.52,3.03,N
43.83188,-115.60109,323.5,0.54,0.42,2026-08-30,0922,N20,nominal,2.0NRT,281.58,2.76,N
43.83118,-115.59428,309.07,0.54,0.42,2026-08-30,0922,N20,nominal,2.0NRT,283.2,3.03,N
43.82807,-115.60232,327.1,0.54,0.42,2026-08-30,0922,N20,nominal,2.0NRT,281.37,2.38,N
43.82499,-115.61082,310.54,0.54,0.42,2026-08-30,0922,N20,nominal,2.0NRT,281.43,2.38,N
43.82426,-115.6036,299.22,0.54,0.42,2026-08-30,0922,N20,nominal,2.0NRT,281.29,2.38,N
43.82354,-115.59658,298.61,0.54,0.42,2026-08-30,0922,N20,nominal,2.0NRT,282.47,1.39,N
43.82285,-115.58978,298.93,0.54,0.42,2026-08-30,0922,N20,nominal,2.0NRT,284.26,1.39,N
43.82116,-115.61196,329.25,0.54,0.42,2026-08-30,0922,N20,nominal,2.0NRT,284.11,2.17,N
43.82044,-115.60483,301.61,0.54,0.42,2026-08-30,0922,N20,nominal,2.0NRT,281.96,2.17,N
43.81903,-115.59095,296,0.54,0.42,2026-08-30,0922,N20,nominal,2.0NRT,283.77,1.59,N
43.81735,-115.61322,303.21,0.54,0.42,2026-08-30,0922,N20,nominal,2.0NRT,283.69,2.17,N
43.81353,-115.61448,331.04,0.54,0.42,2026-08-30,0922,N20,nominal,2.0NRT,288.1,4.36,N
43.81422,-115.62121,300.09,0.54,0.42,2026-08-30,0922,N20,nominal,2.0NRT,282.32,2.84,N
43.8097,-115.61555,320.49,0.54,0.42,2026-08-30,0922,N20,nominal,2.0NRT,284.38,4.36,N
43.80585,-115.61644,338.21,0.54,0.42,2026-08-30,0922,N20,nominal,2.0NRT,284.52,4.88,N
43.80518,-115.60985,309.59,0.54,0.42,2026-08-30,0922,N20,nominal,2.0NRT,284.95,4.88,N
43.81645,-115.61319,305.22,0.54,0.42,2026-08-30,0922,N20,nominal,2.0NRT,283.7,4.36,N
43.81264,-115.61445,331.36,0.54,0.42,2026-08-30,0922,N20,nominal,2.0NRT,287.7,4.36,N
43.80881,-115.61546,343.45,0.54,0.42,2026-08-30,0922,N20,nominal,2.0NRT,286.72,8.23,N
43.80809,-115.60863,298.8,0.54,0.42,2026-08-30,0922,N20,nominal,2.0NRT,284.08,2.15,N
43.80428,-115.60983,309.66,0.54,0.42,2026-08-30,0922,N20,nominal,2.0NRT,284.3,2.15,N
42.68462,-111.59147,313.97,0.4,0.37,2026-08-30,0922,N20,nominal,2.0NRT,266.2,2.53,N
43.14651,-115.67091,301.03,0.53,0.42,2026-08-30,0922,N20,nominal,2.0NRT,268.35,0.99,N
43.41985,-123.52807,296.85,0.43,0.62,2026-08-30,0922,N20,nominal,2.0NRT,282.54,1.26,N
43.41416,-123.53047,325.34,0.43,0.62,2026-08-30,0922,N20,nominal,2.0NRT,282.29,1.26,N
43.41885,-123.52779,323.49,0.43,0.62,2026-08-30,0922,N20,nominal,2.0NRT,283.06,1.84,N
43.41904,-123.53262,299.23,0.43,0.62,2026-08-30,0922,N20,nominal,2.0NRT,282.55,1.84,N
41.69133,-110.36104,295.71,0.38,0.36,2026-08-30,0922,N20,nominal,2.0NRT,281.6,0.48,N
41.58529,-117.65564,337.16,0.42,0.45,2026-08-30,0924,N20,nominal,2.0NRT,282.5,5.53,N
41.58487,-117.65118,367,0.42,0.45,2026-08-30,0924,N20,high,2.0NRT,289.64,7.36,N
41.58446,-117.64669,313.81,0.42,0.45,2026-08-30,0924,N20,nominal,2.0NRT,282.78,7.36,N
41.58075,-117.65224,347.92,0.42,0.45,2026-08-30,0924,N20,nominal,2.0NRT,282.98,9.43,N
37.95542,-98.14521,343.53,0.45,0.63,2026-08-30,0924,N20,nominal,2.0NRT,293.54,6.27,N
41.58113,-117.65635,306.33,0.42,0.45,2026-08-30,0924,N20,nominal,2.0NRT,279.81,2.72,N
40.74601,-112.03633,301.5,0.39,0.36,2026-08-30,0924,N20,nominal,2.0NRT,286.35,0.43,N
39.89806,-108.33657,305.72,0.42,0.37,2026-08-30,0924,N20,nominal,2.0NRT,283.33,0.62,N
36.19381,-95.81339,308.32,0.67,0.73,2026-08-30,0924,N20,nominal,2.0NRT,292.18,1.4,N
36.19672,-95.81172,308.59,0.67,0.73,2026-08-30,0924,N20,nominal,2.0NRT,292.04,1.78,N
36.52021,-97.83834,312.27,0.51,0.66,2026-08-30,0924,N20,nominal,2.0NRT,292.02,1.58,N
40.13254,-122.31328,298.84,0.35,0.57,2026-08-30,0924,N20,nominal,2.0NRT,286.56,0.3,N
35.23882,-96.11805,304.52,0.69,0.74,2026-08-30,0924,N20,nominal,2.0NRT,292.15,2.08,N
35.2367,-96.11115,307.58,0.69,0.74,2026-08-30,0924,N20,nominal,2.0NRT,292.36,3.23,N
35.23235,-96.1208,310.92,0.69,0.74,2026-08-30,0924,N20,nominal,2.0NRT,292.13,2.08,N
38.93724,-112.81542,309.88,0.4,0.37,2026-08-30,0924,N20,nominal,2.0NRT,285.31,1.29,N
39.62071,-119.26308,298.45,0.48,0.48,2026-08-30,0924,N20,nominal,2.0NRT,285.26,1,N
34.51093,-95.32789,314.48,0.79,0.78,2026-08-30,0924,N20,nominal,2.0NRT,291.56,4.05,N
34.50565,-95.31129,316.91,0.79,0.78,2026-08-30,0924,N20,nominal,2.0NRT,291.37,6.98,N
34.49618,-95.30588,305.44,0.79,0.78,2026-08-30,0924,N20,nominal,2.0NRT,291.03,2.58,N
34.48935,-95.30875,316.04,0.79,0.78,2026-08-30,0924,N20,nominal,2.0NRT,291.51,4.5,N
34.51338,-95.32436,312.99,0.79,0.78,2026-08-30,0924,N20,nominal,2.0NRT,291.9,3.91,N
34.50151,-95.31107,307.79,0.79,0.78,2026-08-30,0924,N20,nominal,2.0NRT,291.17,4.03,N
34.49207,-95.30556,319.76,0.8,0.78,2026-08-30,0924,N20,nominal,2.0NRT,291.4,4.03,N
35.95413,-101.88084,305.55,0.32,0.55,2026-08-30,0924,N20,nominal,2.0NRT,290.44,1.01,N
35.70124,-101.36248,305.96,0.35,0.57,2026-08-30,0924,N20,nominal,2.0NRT,294.72,1.43,N
35.69628,-101.36449,307.51,0.35,0.57,2026-08-30,0924,N20,nominal,2.0NRT,294.62,1.43,N
34.80876,-99.46976,304.33,0.47,0.64,2026-08-30,0924,N20,nominal,2.0NRT,292.49,0.91,N
38.01496,-122.11615,300.22,0.33,0.55,2026-08-30,0924,N20,nominal,2.0NRT,289.48,1.55,N
37.3421,-120.68423,327.65,0.54,0.51,2026-08-30,0924,N20,nominal,2.0NRT,285.83,2.92,N
37.33743,-120.68488,338.86,0.54,0.51,2026-08-30,0924,N20,nominal,2.0NRT,286.34,8.14,N
37.33973,-120.6856,336.8,0.54,0.51,2026-08-30,0924,N20,nominal,2.0NRT,286.33,7.73,N
36.28566,-113.1596,300.81,0.39,0.36,2026-08-30,0924,N20,nominal,2.0NRT,288.37,2.07,N
36.28502,-113.15534,310.18,0.39,0.36,2026-08-30,0924,N20,nominal,2.0NRT,289.36,2.07,N
36.28236,-113.16034,330.09,0.39,0.36,2026-08-30,0924,N20,nominal,2.0NRT,289.28,2.07,N
36.28173,-113.15608,340.96,0.39,0.36,2026-08-30,0924,N20,nominal,2.0NRT,292.17,2.07,N
36.27843,-113.15681,341.25,0.39,0.36,2026-08-30,0924,N20,nominal,2.0NRT,293.12,2.28,N
36.27969,-113.16532,301.23,0.39,0.36,2026-08-30,0924,N20,nominal,2.0NRT,287.91,0.64,N
36.27906,-113.16107,303.58,0.39,0.36,2026-08-30,0924,N20,nominal,2.0NRT,288.54,2.28,N
36.27576,-113.1618,330.32,0.39,0.36,2026-08-30,0924,N20,nominal,2.0NRT,290.31,2.28,N
36.27703,-113.1703,310.19,0.39,0.36,2026-08-30,0924,N20,nominal,2.0NRT,287.8,0.64,N
36.27639,-113.16605,304.34,0.39,0.36,2026-08-30,0924,N20,nominal,2.0NRT,288.44,0.64,N
36.27513,-113.15755,311.59,0.39,0.36,2026-08-30,0924,N20,nominal,2.0NRT,289.28,2.28,N
36.27373,-113.17107,306.73,0.39,0.36,2026-08-30,0924,N20,nominal,2.0NRT,288.21,2.09,N
36.27309,-113.16679,317.86,0.39,0.36,2026-08-30,0924,N20,nominal,2.0NRT,289.31,2.09,N
36.27246,-113.16254,317.81,0.39,0.36,2026-08-30,0924,N20,nominal,2.0NRT,288.58,1.36,N
36.27044,-113.17182,339.79,0.39,0.36,2026-08-30,0924,N20,nominal,2.0NRT,290.8,2.09,N
36.2698,-113.16754,315.42,0.39,0.36,2026-08-30,0924,N20,nominal,2.0NRT,289.16,2.09,N
36.38489,-114.87646,312.25,0.42,0.38,2026-08-30,0924,N20,nominal,2.0NRT,291.92,2.31,N
36.35765,-114.91106,312.93,0.43,0.38,2026-08-30,0924,N20,nominal,2.0NRT,291.28,2.29,N
32.45962,-97.04417,314.17,0.73,0.76,2026-08-30,0924,N20,nominal,2.0NRT,292.41,3.09,N
32.45949,-97.04507,309.81,0.73,0.76,2026-08-30,0924,N20,nominal,2.0NRT,292.6,4.03,N
34.68672,-106.43052,338.86,0.39,0.44,2026-08-30,0924,N20,nominal,2.0NRT,289.76,6.49,N
34.68753,-106.4344,304.52,0.39,0.44,2026-08-30,0924,N20,nominal,2.0NRT,287.68,2.8,N
34.6792,-106.4346,304.86,0.39,0.44,2026-08-30,0924,N20,nominal,2.0NRT,286.98,0.73,N
34.67841,-106.43088,298.17,0.39,0.44,2026-08-30,0924,N20,nominal,2.0NRT,286.75,0.73,N
34.67457,-106.43247,299.07,0.39,0.44,2026-08-30,0924,N20,nominal,2.0NRT,285.85,0.44,N
32.24696,-97.55283,303.11,0.69,0.74,2026-08-30,0924,N20,nominal,2.0NRT,292.83,0.95,N
32.24492,-97.55338,303.63,0.69,0.75,2026-08-30,0924,N20,nominal,2.0NRT,292.14,1.14,N
35.51665,-113.31702,310.18,0.39,0.36,2026-08-30,0924,N20,nominal,2.0NRT,290.16,1.37,N
35.51601,-113.31276,310.17,0.39,0.36,2026-08-30,0924,N20,nominal,2.0NRT,291.75,1.44,N
36.29272,-121.77957,330.65,0.61,0.53,2026-08-30,0924,N20,nominal,2.0NRT,289.61,3.46,N
36.29217,-121.77225,318.16,0.61,0.53,2026-08-30,0924,N20,nominal,2.0NRT,289.16,3.46,N
36.28775,-121.77937,307.14,0.61,0.53,2026-08-30,0924,N20,nominal,2.0NRT,289.63,3.46,N
36.21442,-121.62537,302.91,0.59,0.53,2026-08-30,0924,N20,nominal,2.0NRT,287.82,0.93,N
36.21408,-121.68381,303.35,0.6,0.53,2026-08-30,0924,N20,nominal,2.0NRT,288.15,0.62,N
33.03458,-102.93749,305.12,0.33,0.55,2026-08-30,0926,N20,nominal,2.0NRT,293.74,0.5,N
35.95749,-121.43139,352.17,0.57,0.52,2026-08-30,0926,N20,nominal,2.0NRT,295.23,11.77,N
35.95692,-121.42423,348.8,0.57,0.52,2026-08-30,0926,N20,nominal,2.0NRT,298.65,6.55,N
35.95411,-121.45007,320.07,0.58,0.52,2026-08-30,0926,N20,nominal,2.0NRT,291.15,3.81,N
35.95284,-121.43388,340.16,0.57,0.52,2026-08-30,0926,N20,nominal,2.0NRT,294.5,11.77,N
35.94923,-121.38857,321.67,0.57,0.52,2026-08-30,0926,N20,nominal,2.0NRT,289.27,2.56,N
35.95217,-121.42545,316.74,0.57,0.52,2026-08-30,0926,N20,nominal,2.0NRT,292.77,6.55,N
35.95162,-121.41853,311.54,0.57,0.52,2026-08-30,0926,N20,nominal,2.0NRT,291.37,6.55,N
35.95115,-121.41254,313.82,0.57,0.52,2026-08-30,0926,N20,nominal,2.0NRT,291.36,1.95,N
35.95067,-121.40652,310.87,0.57,0.52,2026-08-30,0926,N20,nominal,2.0NRT,290.3,1.95,N
35.9497,-121.39447,299.58,0.57,0.52,2026-08-30,0926,N20,nominal,2.0NRT,288.6,1.85,N
35.94878,-121.38294,307.97,0.57,0.52,2026-08-30,0926,N20,nominal,2.0NRT,287.6,2.56,N
35.94942,-121.45217,355.22,0.58,0.52,2026-08-30,0926,N20,nominal,2.0NRT,295.96,17.17,N
35.94881,-121.44441,314.97,0.58,0.52,2026-08-30,0926,N20,nominal,2.0NRT,292.41,4.39,N
35.94817,-121.4362,315.08,0.57,0.52,2026-08-30,0926,N20,nominal,2.0NRT,294.15,4.39,N
35.94681,-121.41889,302.61,0.57,0.52,2026-08-30,0926,N20,nominal,2.0NRT,291.04,2.7,N
35.94441,-121.38863,300.42,0.57,0.52,2026-08-30,0926,N20,nominal,2.0NRT,289.15,0.96,N
35.9315,-121.34783,306.7,0.57,0.52,2026-08-30,0926,N20,nominal,2.0NRT,288.34,2.49,N
35.93566,-121.46261,305.37,0.58,0.52,2026-08-30,0926,N20,nominal,2.0NRT,288.18,1.52,N
35.92192,-121.34871,299.83,0.57,0.52,2026-08-30,0926,N20,nominal,2.0NRT,289.64,1.98,N
35.92607,-121.46418,324.47,0.58,0.52,2026-08-30,0926,N20,nominal,2.0NRT,287.91,2.93,N
35.91953,-121.37966,336.41,0.57,0.52,2026-08-30,0926,N20,nominal,2.0NRT,290.44,3.93,N
35.92537,-121.45494,303.3,0.58,0.52,2026-08-30,0926,N20,nominal,2.0NRT,289.45,2.93,N
35.91892,-121.3718,310.87,0.57,0.52,2026-08-30,0926,N20,nominal,2.0NRT,289.86,3.93,N
35.91707,-121.3483,309.85,0.57,0.52,2026-08-30,0926,N20,nominal,2.0NRT,290.57,1.98,N
35.91659,-121.34211,308.73,0.57,0.52,2026-08-30,0926,N20,nominal,2.0NRT,289.4,1.95,N
35.91222,-121.34786,302.29,0.57,0.52,2026-08-30,0926,N20,nominal,2.0NRT,290.24,2.45,N
35.91005,-121.38217,340.31,0.57,0.52,2026-08-30,0926,N20,nominal,2.0NRT,293.95,48.79,N
35.90946,-121.37441,341.66,0.57,0.52,2026-08-30,0926,N20,nominal,2.0NRT,304.84,48.79,N
35.90745,-121.34856,320.27,0.57,0.52,2026-08-30,0926,N20,nominal,2.0NRT,290.37,2.45,N
35.90886,-121.36652,318.79,0.57,0.52,2026-08-30,0926,N20,nominal,2.0NRT,291.61,4.47,N
35.90836,-121.36014,307.36,0.57,0.52,2026-08-30,0926,N20,nominal,2.0NRT,290.24,4.47,N
35.90697,-121.34234,305.45,0.57,0.52,2026-08-30,0926,N20,nominal,2.0NRT,288.86,2.12,N
35.9053,-121.38322,345.15,0.57,0.52,2026-08-30,0926,N20,nominal,2.0NRT,296.6,6.81,N
35.90472,-121.37556,321.93,0.57,0.52,2026-08-30,0926,N20,nominal,2.0NRT,293.08,6.81,N
35.90208,-121.40418,325.07,0.57,0.52,2026-08-30,0926,N20,nominal,2.0NRT,294.12,4.19,N
35.90046,-121.38294,336.14,0.57,0.52,2026-08-30,0926,N20,nominal,2.0NRT,295.83,6.81,N
35.89557,-121.38212,325.74,0.57,0.52,2026-08-30,0926,N20,nominal,2.0NRT,295.43,5.61,N
35.89499,-121.37441,342.05,0.57,0.52,2026-08-30,0926,N20,nominal,2.0NRT,294.11,5.61,N
35.90094,-121.45288,306.96,0.58,0.52,2026-08-30,0926,N20,nominal,2.0NRT,287.38,6.72,N
35.89718,-121.40335,311.23,0.57,0.52,2026-08-30,0926,N20,nominal,2.0NRT,294.48,2.56,N
35.89683,-121.46288,333.76,0.58,0.52,2026-08-30,0926,N20,nominal,2.0NRT,286.77,7.89,N
35.89625,-121.4552,344.79,0.58,0.52,2026-08-30,0926,N20,nominal,2.0NRT,291.04,6.72,N
35.89123,-121.38854,329.68,0.57,0.52,2026-08-30,0926,N20,nominal,2.0NRT,294.63,7.12,N
35.89016,-121.37439,331.78,0.57,0.52,2026-08-30,0926,N20,nominal,2.0NRT,296.26,5.61,N
35.88967,-121.36797,338.98,0.57,0.52,2026-08-30,0926,N20,nominal,2.0NRT,294.1,7.73,N
35.89573,-121.44827,304.6,0.57,0.52,2026-08-30,0926,N20,nominal,2.0NRT,286.16,6.72,N
35.8923,-121.4026,306.49,0.57,0.52,2026-08-30,0926,N20,nominal,2.0NRT,292.98,2.56,N
35.89072,-121.38184,311.46,0.57,0.52,2026-08-30,0926,N20,nominal,2.0NRT,295.03,5.61,N
34.77995,-112.0854,305.1,0.39,0.36,2026-08-30,0926,N20,nominal,2.0NRT,290.26,0.52,N
35.91208,-121.34882,300.91,0.57,0.52,2026-08-30,0926,N20,nominal,2.0NRT,289.75,2.3,N
35.91016,-121.38324,323.9,0.57,0.52,2026-08-30,0926,N20,nominal,2.0NRT,292.36,6.79,N
35.90952,-121.37576,332.93,0.57,0.52,2026-08-30,0926,N20,nominal,2.0NRT,306.95,51.01,N
35.90884,-121.36771,338.51,0.57,0.52,2026-08-30,0926,N20,nominal,2.0NRT,294.07,51.01,N
35.9068,-121.34334,323.41,0.57,0.52,2026-08-30,0926,N20,nominal,2.0NRT,290.27,2.3,N
35.90829,-121.36105,307.67,0.57,0.52,2026-08-30,0926,N20,nominal,2.0NRT,290.52,4.06,N
35.90733,-121.34956,312.71,0.57,0.52,2026-08-30,0926,N20,nominal,2.0NRT,289.87,2.3,N
35.90541,-121.38435,340.33,0.57,0.52,2026-08-30,0926,N20,nominal,2.0NRT,295.36,7.35,N
35.90479,-121.37695,326.22,0.57,0.52,2026-08-30,0926,N20,nominal,2.0NRT,294.42,4.24,N
35.9041,-121.36868,302.07,0.57,0.52,2026-08-30,0926,N20,nominal,2.0NRT,290.01,4.24,N
35.90233,-121.40534,322.58,0.57,0.52,2026-08-30,0926,N20,nominal,2.0NRT,293.99,3.98,N
35.90055,-121.38403,333.48,0.57,0.52,2026-08-30,0926,N20,nominal,2.0NRT,295.73,7.35,N
35.89565,-121.38317,325.6,0.57,0.52,2026-08-30,0926,N20,nominal,2.0NRT,294.68,3.69,N
35.89502,-121.37566,341.97,0.57,0.52,2026-08-30,0926,N20,nominal,2.0NRT,295.51,8.3,N
35.89742,-121.40448,315.13,0.57,0.52,2026-08-30,0926,N20,nominal,2.0NRT,294.48,2.65,N
35.89683,-121.45601,353.99,0.57,0.52,2026-08-30,0926,N20,nominal,2.0NRT,294.16,12.2,N
35.89135,-121.38956,322.13,0.57,0.52,2026-08-30,0926,N20,nominal,2.0NRT,293.97,3.69,N
35.89019,-121.37559,327.01,0.57,0.52,2026-08-30,0926,N20,nominal,2.0NRT,295.48,8.3,N
35.88963,-121.3688,342.56,0.57,0.52,2026-08-30,0926,N20,nominal,2.0NRT,295.25,8.3,N
35.89747,-121.46382,307.53,0.58,0.52,2026-08-30,0926,N20,nominal,2.0NRT,285.83,12.2,N
35.89626,-121.44913,302.76,0.57,0.52,2026-08-30,0926,N20,nominal,2.0NRT,285.78,3.48,N
35.89251,-121.40369,307.77,0.57,0.52,2026-08-30,0926,N20,nominal,2.0NRT,292.58,2.65,N
35.89079,-121.38283,315.75,0.57,0.52,2026-08-30,0926,N20,nominal,2.0NRT,295.44,3.69,N
35.8854,-121.37605,327.77,0.57,0.52,2026-08-30,0926,N20,nominal,2.0NRT,297.61,7.17,N
35.88483,-121.36919,330.96,0.57,0.52,2026-08-30,0926,N20,nominal,2.0NRT,298.47,7.17,N
35.88439,-121.3638,343.62,0.57,0.52,2026-08-30,0926,N20,nominal,2.0NRT,299.24,14.91,N
35.88704,-121.39599,310.06,0.57,0.52,2026-08-30,0926,N20,nominal,2.0NRT,292.89,3.17,N
35.88651,-121.3895,306.66,0.57,0.52,2026-08-30,0926,N20,nominal,2.0NRT,293.24,5.3,N
35.88598,-121.38312,312.96,0.57,0.52,2026-08-30,0926,N20,nominal,2.0NRT,295.71,5.3,N
35.88179,-121.39091,325.92,0.57,0.52,2026-08-30,0926,N20,nominal,2.0NRT,292.82,5.3,N
35.88127,-121.38461,353.57,0.57,0.52,2026-08-30,0926,N20,nominal,2.0NRT,296.48,5.3,N
35.88005,-121.3698,342.66,0.57,0.52,2026-08-30,0926,N20,nominal,2.0NRT,297.11,7.17,N
35.87958,-121.36404,347.98,0.57,0.52,2026-08-30,0926,N20,nominal,2.0NRT,293.19,14.91,N
32.53689,-101.67365,320.66,0.4,0.6,2026-08-30,0926,N20,nominal,2.0NRT,293.22,1.77,N
32.46116,-101.40314,309.37,0.42,0.61,2026-08-30,0926,N20,nominal,2.0NRT,293.29,0.82,N
32.75903,-102.68384,305.36,0.35,0.57,2026-08-30,0926,N20,nominal,2.0NRT,295.04,0.78,N
32.41122,-101.63943,312.09,0.41,0.6,2026-08-30,0926,N20,nominal,2.0NRT,293.31,1.01,N
32.0372,-100.27143,303.31,0.5,0.65,2026-08-30,0926,N20,nominal,2.0NRT,291.59,1.03,N
32.28144,-101.40841,308.72,0.42,0.61,2026-08-30,0926,N20,nominal,2.0NRT,294.89,1.49,N
32.0492,-100.68389,303.95,0.47,0.64,2026-08-30,0926,N20,nominal,2.0NRT,293.03,0.41,N
32.24987,-101.58213,304.95,0.41,0.61,2026-08-30,0926,N20,nominal,2.0NRT,292.78,0.59,N
32.24981,-101.58044,306.32,0.41,0.61,2026-08-30,0926,N20,nominal,2.0NRT,293.09,0.43,N
32.19713,-101.44303,303.43,0.42,0.61,2026-08-30,0926,N20,nominal,2.0NRT,293.41,0.65,N
32.70092,-103.78748,309.21,0.6,0.53,2026-08-30,0926,N20,nominal,2.0NRT,293.74,1.05,N
31.97003,-101.76671,310.29,0.41,0.61,2026-08-30,0926,N20,nominal,2.0NRT,292.92,1.59,N
31.97492,-101.76443,306.52,0.41,0.61,2026-08-30,0926,N20,nominal,2.0NRT,292.9,0.86,N
31.96956,-101.76631,304.98,0.41,0.61,2026-08-30,0926,N20,nominal,2.0NRT,293.12,0.86,N
31.85472,-101.77332,303.63,0.41,0.61,2026-08-30,0926,N20,nominal,2.0NRT,293.44,0.62,N
31.84288,-101.79581,306.3,0.41,0.61,2026-08-30,0926,N20,nominal,2.0NRT,293.08,1.38,N
31.84182,-101.79163,306.4,0.41,0.61,2026-08-30,0926,N20,nominal,2.0NRT,293.44,1.13,N
31.07345,-99.03124,305.73,0.62,0.71,2026-08-30,0926,N20,nominal,2.0NRT,291.98,0.91,N
32.22121,-103.53011,305.87,0.32,0.55,2026-08-30,0926,N20,nominal,2.0NRT,293.92,0.76,N
31.84383,-102.05075,307.8,0.4,0.6,2026-08-30,0926,N20,nominal,2.0NRT,293.4,0.54,N
34.81862,-118.75183,301.76,0.4,0.44,2026-08-30,0926,N20,nominal,2.0NRT,289.62,1.2,N
34.60918,-117.33869,296.46,0.51,0.41,2026-08-30,0926,N20,nominal,2.0NRT,267.13,0.96,N
31.64761,-101.58157,308.11,0.43,0.62,2026-08-30,0926,N20,nominal,2.0NRT,292.25,0.66,N
32.13506,-103.61209,311.28,0.32,0.54,2026-08-30,0926,N20,nominal,2.0NRT,293.87,2.03,N
31.6264,-101.81725,310.77,0.41,0.61,2026-08-30,0926,N20,nominal,2.0NRT,292.97,0.82,N
31.70343,-102.19197,309.64,0.39,0.6,2026-08-30,0926,N20,nominal,2.0NRT,293.68,0.74,N
31.46,-101.59962,305.12,0.43,0.62,2026-08-30,0926,N20,nominal,2.0NRT,293.27,1.01,N
34.43174,-118.64574,313.33,0.39,0.44,2026-08-30,0926,N20,nominal,2.0NRT,291.84,1.4,N
31.39267,-102.00097,304.2,0.41,0.61,2026-08-30,0926,N20,nominal,2.0NRT,293.01,0.28,N
31.53639,-102.61465,316.63,0.37,0.58,2026-08-30,0926,N20,nominal,2.0NRT,293.88,1.1,N
31.75891,-103.60541,306.41,0.32,0.55,2026-08-30,0926,N20,nominal,2.0NRT,295.3,0.33,N
31.32264,-101.86537,306.83,0.42,0.61,2026-08-30,0926,N20,nominal,2.0NRT,293.15,0.54,N
31.511,-102.64756,304.88,0.37,0.58,2026-08-30,0926,N20,nominal,2.0NRT,294.07,0.72,N
34.33515,-118.52264,315.13,0.57,0.43,2026-08-30,0926,N20,nominal,2.0NRT,291.78,0.78,N
31.32314,-101.8645,306.54,0.42,0.61,2026-08-30,0926,N20,nominal,2.0NRT,293.19,0.39,N
31.51193,-102.64735,309.45,0.37,0.58,2026-08-30,0926,N20,nominal,2.0NRT,294.42,0.86,N
31.4436,-102.46176,304.78,0.38,0.59,2026-08-30,0926,N20,nominal,2.0NRT,294.69,0.56,N
31.3561,-102.11155,304.17,0.4,0.6,2026-08-30,0926,N20,nominal,2.0NRT,293.23,0.84,N
31.35506,-102.10741,308.81,0.41,0.6,2026-08-30,0926,N20,nominal,2.0NRT,293.44,0.97,N
31.65898,-103.52027,307.24,0.33,0.55,2026-08-30,0926,N20,nominal,2.0NRT,295.06,0.4,N
34.14291,-117.42733,304.27,0.5,0.41,2026-08-30,0926,N20,nominal,2.0NRT,290.54,0.25,N
31.47099,-102.88696,305.98,0.36,0.58,2026-08-30,0926,N20,nominal,2.0NRT,294.42,1.46,N
31.47164,-102.89011,304.79,0.36,0.58,2026-08-30,0926,N20,nominal,2.0NRT,294.19,1.42,N
31.17362,-101.85087,308.87,0.42,0.61,2026-08-30,0926,N20,nominal,2.0NRT,293.63,0.72,N
34.15487,-118.19431,311.69,0.55,0.43,2026-08-30,0926,N20,nominal,2.0NRT,291.56,1.5,N
31.46305,-103.25846,310.32,0.35,0.56,2026-08-30,0926,N20,nominal,2.0NRT,294.73,0.39,N
34.03995,-117.82392,304.63,0.53,0.42,2026-08-30,0926,N20,nominal,2.0NRT,292.17,0.62,N
31.49863,-103.53181,305.29,0.33,0.55,2026-08-30,0926,N20,nominal,2.0NRT,294.97,0.85,N
31.35537,-103.22802,320.99,0.35,0.57,2026-08-30,0926,N20,nominal,2.0NRT,294.32,1.96,N
31.3545,-103.22446,315.72,0.35,0.57,2026-08-30,0926,N20,nominal,2.0NRT,294.82,1.79,N
31.26588,-103.18103,305.24,0.35,0.57,2026-08-30,0926,N20,nominal,2.0NRT,293.77,0.47,N
31.24899,-103.17893,309.19,0.35,0.57,2026-08-30,0926,N20,nominal,2.0NRT,294.68,0.74,N
31.22965,-103.18922,307.87,0.35,0.57,2026-08-30,0926,N20,nominal,2.0NRT,294.58,0.65,N
33.79499,-117.47517,311.82,0.5,0.41,2026-08-30,0926,N20,nominal,2.0NRT,294.31,1.29,N
33.79447,-117.47705,310.32,0.5,0.41,2026-08-30,0926,N20,nominal,2.0NRT,293.68,1.49,N
30.35046,-100.13194,321.32,0.56,0.69,2026-08-30,0926,N20,nominal,2.0NRT,291.92,1.63,N
30.34443,-100.13412,306.65,0.56,0.69,2026-08-30,0926,N20,nominal,2.0NRT,291.29,1.63,N
33.71444,-117.71006,310.41,0.51,0.41,2026-08-30,0926,N20,nominal,2.0NRT,292.25,1.35,N
33.71517,-117.71098,309.86,0.51,0.41,2026-08-30,0926,N20,nominal,2.0NRT,292.53,1.35,N
29.5807,-98.03481,303.2,0.77,0.77,2026-08-30,0926,N20,nominal,2.0NRT,290.9,1.09,N
33.61286,-117.8212,306.83,0.52,0.41,2026-08-30,0926,N20,nominal,2.0NRT,291.09,1.05,N
29.57576,-98.03801,300.84,0.77,0.77,2026-08-30,0926,N20,nominal,2.0NRT,290.46,1.23,N
32.85661,-117.02827,303.04,0.47,0.4,2026-08-30,0926,N20,nominal,2.0NRT,292.85,0.53,N
32.58397,-115.51216,318.51,0.41,0.37,2026-08-30,0926,N20,nominal,2.0NRT,299.21,1.11,N
32.58095,-115.49023,314.73,0.41,0.37,2026-08-30,0926,N20,nominal,2.0NRT,300.37,1.39,N
32.54414,-115.35217,316.78,0.41,0.37,2026-08-30,0926,N20,nominal,2.0NRT,300.64,2.15,N
32.49689,-116.83585,328.32,0.46,0.39,2026-08-30,0926,N20,nominal,2.0NRT,296.23,9.89,N
28.81858,-99.03183,305.44,0.7,0.75,2026-08-30,0926,N20,nominal,2.0NRT,291.44,0.68,N
28.81719,-99.03393,304.42,0.7,0.75,2026-08-30,0926,N20,nominal,2.0NRT,291.45,0.88,N
32.35353,-116.59415,313.35,0.45,0.39,2026-08-30,0926,N20,nominal,2.0NRT,294.28,1.51,N
31.84399,-116.58435,310.05,0.44,0.38,2026-08-30,0926,N20,nominal,2.0NRT,294.02,1.2,N
30.84858,-116.03099,325.12,0.42,0.37,2026-08-30,0926,N20,nominal,2.0NRT,293.38,2.17,N
26.4087,-105.4118,305.61,0.33,0.56,2026-08-30,0926,N20,nominal,2.0NRT,287.34,1.04,N
19.41646,-155.27524,327.32,0.64,0.72,2026-08-30,1113,N20,nominal,2.0NRT,298.68,8.62,N
19.40977,-155.27597,327.49,0.64,0.72,2026-08-30,1113,N20,nominal,2.0NRT,302.08,7.31,N
19.41029,-155.28194,301.7,0.64,0.72,2026-08-30,1113,N20,nominal,2.0NRT,289.49,5.97,N
19.40361,-155.28285,326.3,0.64,0.72,2026-08-30,1113,N20,nominal,2.0NRT,302.66,5.97,N
19.40459,-155.29422,310.11,0.64,0.72,2026-08-30,1113,N20,nominal,2.0NRT,290.12,4.75,N
19.40412,-155.28882,312.08,0.64,0.72,2026-08-30,1113,N20,nominal,2.0NRT,293.34,5.97,N
19.40308,-155.27663,310.79,0.64,0.72,2026-08-30,1113,N20,nominal,2.0NRT,296.96,7.31,N
46.82417,-115.23071,299.16,0.59,0.7,2026-08-30,1102,N20,nominal,2.0NRT,274.8,1.78,N
46.81856,-115.23551,302.58,0.59,0.7,2026-08-30,1102,N20,nominal,2.0NRT,274.69,1.82,N
46.79494,-115.18868,298.35,0.6,0.7,2026-08-30,1102,N20,nominal,2.0NRT,277.53,1.66,N
46.8163,-115.23524,304.47,0.59,0.7,2026-08-30,1102,N20,nominal,2.0NRT,274.85,1.3,N
46.16116,-113.93161,307.95,0.71,0.75,2026-08-30,1102,N20,nominal,2.0NRT,277.41,4.24,N
48.0856,-120.62415,323.03,0.63,0.54,2026-08-30,1102,N20,nominal,2.0NRT,276.85,5.39,N
48.08035,-120.62482,328.79,0.63,0.54,2026-08-30,1102,N20,nominal,2.0NRT,277.38,5.5,N
48.07829,-120.61752,319.3,0.63,0.54,2026-08-30,1102,N20,nominal,2.0NRT,278.84,5.5,N
48.07811,-120.82858,321.16,0.62,0.54,2026-08-30,1102,N20,nominal,2.0NRT,278.14,3.59,N
48.07652,-120.82292,298.82,0.62,0.54,2026-08-30,1102,N20,nominal,2.0NRT,277.94,2.94,N
48.07535,-120.82662,354.32,0.62,0.54,2026-08-30,1102,N20,nominal,2.0NRT,286.83,30.32,N
48.07027,-120.82774,338.09,0.62,0.54,2026-08-30,1102,N20,nominal,2.0NRT,285.97,30.32,N
48.02908,-120.67922,295.89,0.63,0.54,2026-08-30,1102,N20,nominal,2.0NRT,276.73,2,N
48.02647,-120.66982,300.43,0.63,0.54,2026-08-30,1102,N20,nominal,2.0NRT,276.41,1.59,N
47.91039,-120.37378,297.55,0.33,0.55,2026-08-30,1102,N20,nominal,2.0NRT,274.94,0.51,N
47.90683,-120.38071,301.42,0.33,0.55,2026-08-30,1102,N20,nominal,2.0NRT,278.1,1.78,N
47.9059,-120.37744,295.73,0.33,0.55,2026-08-30,1102,N20,nominal,2.0NRT,277.37,0.74,N
47.9007,-120.37863,299.1,0.33,0.55,2026-08-30,1102,N20,nominal,2.0NRT,277.97,0.74,N
47.91168,-120.5723,318.49,0.32,0.55,2026-08-30,1102,N20,nominal,2.0NRT,277.68,2,N
47.91093,-120.57211,315.74,0.32,0.55,2026-08-30,1102,N20,nominal,2.0NRT,277.68,2.22,N
47.84315,-120.56499,303.61,0.32,0.55,2026-08-30,1102,N20,nominal,2.0NRT,273.47,1.01,N
47.90049,-120.82716,323.08,0.63,0.54,2026-08-30,1102,N20,nominal,2.0NRT,281.15,4.77,N
45.97958,-117.96877,301.83,0.48,0.65,2026-08-30,1102,N20,nominal,2.0NRT,276.72,1.11,N
45.64491,-120.21738,303.18,0.39,0.59,2026-08-30,1102,N20,nominal,2.0NRT,280.8,0.69,N
43.82998,-115.60724,299.39,0.72,0.76,2026-08-30,1102,N20,nominal,2.0NRT,277.9,2.7,N
43.82753,-115.60033,315.59,0.72,0.76,2026-08-30,1102,N20,nominal,2.0NRT,278.62,2.7,N
43.82558,-115.61677,307.16,0.72,0.76,2026-08-30,1102,N20,nominal,2.0NRT,278.47,3.6,N
43.82274,-115.60874,308.54,0.72,0.76,2026-08-30,1102,N20,nominal,2.0NRT,279.94,6.39,N
43.81845,-115.61858,319.23,0.72,0.76,2026-08-30,1102,N20,nominal,2.0NRT,280.89,3.6,N
43.81123,-115.62012,324.41,0.72,0.76,2026-08-30,1102,N20,nominal,2.0NRT,280.98,4.6,N
45.02428,-121.8819,306.8,0.34,0.56,2026-08-30,1102,N20,nominal,2.0NRT,278.89,1.15,N
45.04375,-122.01211,299.17,0.34,0.56,2026-08-30,1102,N20,nominal,2.0NRT,280.38,0.86,N
45.04642,-122.04169,298.83,0.34,0.56,2026-08-30,1102,N20,nominal,2.0NRT,280.97,4,N
45.04438,-122.03432,300.04,0.34,0.56,2026-08-30,1102,N20,nominal,2.0NRT,280.66,2.71,N
45.04338,-122.03072,309.6,0.34,0.56,2026-08-30,1102,N20,nominal,2.0NRT,282.16,1.7,N
45.04239,-122.02716,307.72,0.34,0.56,2026-08-30,1102,N20,nominal,2.0NRT,282,1.7,N
45.04144,-122.02375,309.11,0.34,0.56,2026-08-30,1102,N20,nominal,2.0NRT,282.01,1.89,N
45.04583,-122.05949,321.71,0.34,0.56,2026-08-30,1102,N20,nominal,2.0NRT,281.26,1.16,N
45.04278,-122.04852,367,0.34,0.56,2026-08-30,1102,N20,high,2.0NRT,282.31,4,N
45.04696,-122.06358,310.76,0.34,0.56,2026-08-30,1102,N20,nominal,2.0NRT,279.62,1.16,N
45.04176,-122.04485,317.59,0.34,0.56,2026-08-30,1102,N20,nominal,2.0NRT,282.7,4,N
45.0423,-122.06671,367,0.34,0.56,2026-08-30,1102,N20,high,2.0NRT,280.2,8.84,N
45.04111,-122.06242,347.97,0.34,0.56,2026-08-30,1102,N20,nominal,2.0NRT,288.72,8.84,N
45.04008,-122.0587,305.49,0.34,0.56,2026-08-30,1102,N20,nominal,2.0NRT,281.34,1.8,N
45.03913,-122.05527,301.64,0.34,0.56,2026-08-30,1102,N20,nominal,2.0NRT,280.18,1.8,N
45.03523,-122.06116,321.62,0.34,0.56,2026-08-30,1102,N20,nominal,2.0NRT,281.41,1.8,N
45.03638,-122.06532,295.37,0.34,0.56,2026-08-30,1102,N20,nominal,2.0NRT,279.19,8.84,N
45.03419,-122.05742,301.23,0.34,0.56,2026-08-30,1102,N20,nominal,2.0NRT,280.9,1.8,N
45.03315,-122.05372,296.98,0.34,0.56,2026-08-30,1102,N20,nominal,2.0NRT,280.47,1.25,N
45.03207,-122.04981,311.23,0.34,0.56,2026-08-30,1102,N20,nominal,2.0NRT,280.43,1.25,N
45.03097,-122.04585,304.19,0.34,0.56,2026-08-30,1102,N20,nominal,2.0NRT,280.84,1.75,N
45.0252,-122.04501,307.71,0.34,0.56,2026-08-30,1102,N20,nominal,2.0NRT,280.89,2.27,N
45.02053,-122.04813,322.67,0.34,0.56,2026-08-30,1102,N20,nominal,2.0NRT,279.72,2.27,N
45.01952,-122.04449,333.11,0.34,0.56,2026-08-30,1102,N20,nominal,2.0NRT,283.05,4.04,N
45.01025,-122.01131,321.98,0.34,0.56,2026-08-30,1102,N20,nominal,2.0NRT,279.68,1.48,N
43.41626,-123.53353,367,0.32,0.54,2026-08-30,1104,N20,high,2.0NRT,282.92,7.51,N
43.41516,-123.52937,349.72,0.32,0.54,2026-08-30,1104,N20,nominal,2.0NRT,285.01,7.51,N
38.01372,-122.11507,299.85,0.53,0.67,2026-08-30,1104,N20,nominal,2.0NRT,288.1,1.72,N
36.29028,-121.78409,304.46,0.62,0.71,2026-08-30,1104,N20,nominal,2.0NRT,288.59,1.56,N
36.28835,-121.77773,312.98,0.62,0.71,2026-08-30,1104,N20,nominal,2.0NRT,290.12,1.56,N
35.96362,-121.43154,301.26,0.66,0.73,2026-08-30,1104,N20,nominal,2.0NRT,287.69,24.44,N
35.96144,-121.42448,299.31,0.66,0.73,2026-08-30,1104,N20,nominal,2.0NRT,288.04,9,N
35.95151,-121.3922,300.5,0.66,0.73,2026-08-30,1104,N20,nominal,2.0NRT,287.45,2.8,N
35.94631,-121.37534,301.76,0.66,0.73,2026-08-30,1104,N20,nominal,2.0NRT,287.05,1.4,N
35.95811,-121.43707,350.48,0.66,0.73,2026-08-30,1104,N20,nominal,2.0NRT,290.24,24.44,N
35.95638,-121.43147,346.7,0.66,0.73,2026-08-30,1104,N20,nominal,2.0NRT,302.45,24.44,N
35.95463,-121.42579,340.54,0.66,0.73,2026-08-30,1104,N20,nominal,2.0NRT,294.24,9,N
35.95273,-121.41962,305.62,0.66,0.73,2026-08-30,1104,N20,nominal,2.0NRT,290.22,9,N
35.93148,-121.35078,297.43,0.67,0.73,2026-08-30,1104,N20,nominal,2.0NRT,286.77,0.9,N
35.95398,-121.44709,329.6,0.66,0.73,2026-08-30,1104,N20,nominal,2.0NRT,292.16,6.45,N
35.95225,-121.44147,329.63,0.66,0.73,2026-08-30,1104,N20,nominal,2.0NRT,291.86,6.45,N
35.95066,-121.43631,329.13,0.66,0.73,2026-08-30,1104,N20,nominal,2.0NRT,293.07,5.58,N
35.9559,-121.45332,300.88,0.66,0.73,2026-08-30,1104,N20,nominal,2.0NRT,290.35,7.55,N
35.94921,-121.43164,305.13,0.66,0.73,2026-08-30,1104,N20,nominal,2.0NRT,290.67,5.58,N
35.94848,-121.45264,367,0.66,0.73,2026-08-30,1104,N20,high,2.0NRT,293.88,7.55,N
35.94675,-121.44706,332.78,0.66,0.73,2026-08-30,1104,N20,nominal,2.0NRT,292.47,6.45,N
35.95105,-121.46097,303.92,0.66,0.73,2026-08-30,1104,N20,nominal,2.0NRT,288.65,7.55,N
35.94518,-121.44196,303.08,0.66,0.73,2026-08-30,1104,N20,nominal,2.0NRT,291.66,6.45,N
35.91777,-121.37681,367,0.67,0.73,2026-08-30,1104,N20,high,2.0NRT,296.26,9.2,N
35.91943,-121.38215,299.98,0.67,0.73,2026-08-30,1104,N20,nominal,2.0NRT,288.95,8.1,N
35.91086,-121.3779,328.48,0.67,0.73,2026-08-30,1104,N20,nominal,2.0NRT,291.18,9.2,N
35.90933,-121.37296,337.48,0.67,0.73,2026-08-30,1104,N20,nominal,2.0NRT,294.01,9.2,N
35.93853,-121.46716,300.48,0.66,0.73,2026-08-30,1104,N20,nominal,2.0NRT,286.82,1.69,N
35.93694,-121.46201,315.8,0.66,0.73,2026-08-30,1104,N20,nominal,2.0NRT,288.68,3.35,N
35.90771,-121.36772,307.35,0.67,0.73,2026-08-30,1104,N20,nominal,2.0NRT,289.96,3.49,N
35.9059,-121.3619,309.51,0.67,0.73,2026-08-30,1104,N20,nominal,2.0NRT,289.1,3.49,N
35.9303,-121.46389,367,0.66,0.73,2026-08-30,1104,N20,high,2.0NRT,289.76,5.18,N
35.90587,-121.38516,345.11,0.67,0.73,2026-08-30,1104,N20,nominal,2.0NRT,293.41,26.95,N
35.90417,-121.3797,353.78,0.67,0.73,2026-08-30,1104,N20,nominal,2.0NRT,298.75,9.62,N
35.929,-121.45972,304.2,0.66,0.73,2026-08-30,1104,N20,nominal,2.0NRT,289.43,5.18,N
35.90269,-121.37495,308.12,0.67,0.73,2026-08-30,1104,N20,nominal,2.0NRT,291.23,9.62,N
35.92374,-121.46605,320.1,0.66,0.73,2026-08-30,1104,N20,nominal,2.0NRT,286.76,5.18,N
35.92221,-121.46109,306.17,0.66,0.73,2026-08-30,1104,N20,nominal,2.0NRT,287.71,5.18,N
35.89832,-121.38422,303.19,0.67,0.73,2026-08-30,1104,N20,nominal,2.0NRT,291.42,9.62,N
35.89674,-121.37914,311.84,0.67,0.73,2026-08-30,1104,N20,nominal,2.0NRT,292.1,9.62,N
35.89904,-121.40984,301.5,0.66,0.73,2026-08-30,1104,N20,nominal,2.0NRT,290.9,2.57,N
35.89757,-121.40511,316.39,0.66,0.73,2026-08-30,1104,N20,nominal,2.0NRT,292.78,2.57,N
35.89593,-121.39983,308.11,0.66,0.73,2026-08-30,1104,N20,nominal,2.0NRT,292.16,3.04,N
35.88906,-121.37778,303.62,0.67,0.73,2026-08-30,1104,N20,nominal,2.0NRT,291.67,9.09,N
35.88746,-121.37267,311.15,0.67,0.73,2026-08-30,1104,N20,nominal,2.0NRT,291.8,9.09,N
35.88471,-121.36382,301.55,0.67,0.74,2026-08-30,1104,N20,nominal,2.0NRT,290.36,9.06,N
35.88244,-121.37982,335.63,0.67,0.73,2026-08-30,1104,N20,nominal,2.0NRT,290.91,9.09,N
35.88079,-121.37453,353.69,0.67,0.73,2026-08-30,1104,N20,nominal,2.0NRT,293.95,9.09,N
35.88861,-121.3996,306.47,0.67,0.73,2026-08-30,1104,N20,nominal,2.0NRT,291.14,3.04,N
35.88684,-121.39394,318.05,0.67,0.73,2026-08-30,1104,N20,nominal,2.0NRT,291.47,4.2,N
35.88451,-121.38647,307.61,0.67,0.73,2026-08-30,1104,N20,nominal,2.0NRT,291.78,4.2,N
35.95421,-121.43882,328.46,0.66,0.73,2026-08-30,1104,N20,nominal,2.0NRT,291.83,5.96,N
35.95263,-121.43363,331.07,0.66,0.73,2026-08-30,1104,N20,nominal,2.0NRT,293.13,5.96,N
35.95119,-121.42888,306.32,0.66,0.73,2026-08-30,1104,N20,nominal,2.0NRT,290.83,5.47,N
35.95222,-121.45605,333.3,0.66,0.73,2026-08-30,1104,N20,nominal,2.0NRT,289.87,12.87,N
35.95024,-121.44952,367,0.66,0.73,2026-08-30,1104,N20,high,2.0NRT,295.86,15.1,N
35.94854,-121.44388,323.28,0.66,0.73,2026-08-30,1104,N20,nominal,2.0NRT,292.41,15.1,N
35.94698,-121.43876,313.97,0.66,0.73,2026-08-30,1104,N20,nominal,2.0NRT,291.55,5.96,N
35.94522,-121.45672,307.52,0.66,0.73,2026-08-30,1104,N20,nominal,2.0NRT,287.98,1.91,N
35.92152,-121.37859,315.71,0.67,0.73,2026-08-30,1104,N20,nominal,2.0NRT,289.05,4.3,N
35.91997,-121.3735,312.84,0.67,0.73,2026-08-30,1104,N20,nominal,2.0NRT,290.82,4.3,N
35.9147,-121.37996,336.82,0.67,0.73,2026-08-30,1104,N20,nominal,2.0NRT,290.26,4.3,N
35.94026,-121.46408,314.13,0.66,0.73,2026-08-30,1104,N20,nominal,2.0NRT,287.42,1.91,N
35.91311,-121.3747,314.7,0.67,0.73,2026-08-30,1104,N20,nominal,2.0NRT,291.06,4.3,N
35.90974,-121.36365,309.9,0.67,0.73,2026-08-30,1104,N20,nominal,2.0NRT,288.91,4.53,N
35.90789,-121.38134,367,0.67,0.73,2026-08-30,1104,N20,high,2.0NRT,295.51,14.62,N
35.90626,-121.37598,356.16,0.67,0.73,2026-08-30,1104,N20,nominal,2.0NRT,295.97,14.62,N
35.93356,-121.46574,303.12,0.66,0.73,2026-08-30,1104,N20,nominal,2.0NRT,286.77,5.78,N
35.93212,-121.46101,307.91,0.66,0.73,2026-08-30,1104,N20,nominal,2.0NRT,289.14,5.78,N
35.90979,-121.38757,304.52,0.67,0.73,2026-08-30,1104,N20,nominal,2.0NRT,289.69,6.19,N
35.90478,-121.37114,310.86,0.67,0.73,2026-08-30,1104,N20,nominal,2.0NRT,291.61,3.97,N
35.90322,-121.36603,307.56,0.67,0.73,2026-08-30,1104,N20,nominal,2.0NRT,289.09,3.97,N
35.92693,-121.46761,325.18,0.66,0.73,2026-08-30,1104,N20,nominal,2.0NRT,286.75,5.78,N
35.92546,-121.46278,350.91,0.66,0.73,2026-08-30,1104,N20,nominal,2.0NRT,290.81,5.78,N
35.90159,-121.38441,327.87,0.67,0.73,2026-08-30,1104,N20,nominal,2.0NRT,292.74,14.62,N
35.9241,-121.45834,303.49,0.66,0.73,2026-08-30,1104,N20,nominal,2.0NRT,288.84,5.68,N
35.9033,-121.39,302.37,0.67,0.73,2026-08-30,1104,N20,nominal,2.0NRT,290.9,6.19,N
35.90007,-121.37943,310.06,0.67,0.73,2026-08-30,1104,N20,nominal,2.0NRT,291.65,14.62,N
35.89867,-121.37486,301.76,0.67,0.73,2026-08-30,1104,N20,nominal,2.0NRT,290.99,3.97,N
35.90077,-121.40544,313.69,0.66,0.73,2026-08-30,1104,N20,nominal,2.0NRT,292.04,2.11,N
35.89427,-121.38419,303.24,0.67,0.73,2026-08-30,1104,N20,nominal,2.0NRT,291.15,5,N
35.88465,-121.37638,367,0.67,0.73,2026-08-30,1104,N20,high,2.0NRT,294.96,15.9,N
35.89493,-121.41001,301.84,0.66,0.73,2026-08-30,1104,N20,nominal,2.0NRT,290.07,2.11,N
35.89346,-121.40519,308.06,0.66,0.73,2026-08-30,1104,N20,nominal,2.0NRT,290.79,3.08,N
35.89189,-121.40009,307.49,0.67,0.73,2026-08-30,1104,N20,nominal,2.0NRT,290.67,3.08,N
35.88647,-121.38234,305.43,0.67,0.73,2026-08-30,1104,N20,nominal,2.0NRT,292.05,15.9,N
35.88289,-121.37063,317.99,0.67,0.74,2026-08-30,1104,N20,nominal,2.0NRT,292.14,19.85,N
35.90239,-121.4581,297.55,0.66,0.73,2026-08-30,1104,N20,nominal,2.0NRT,285.92,10.21,N
35.90081,-121.45292,316.98,0.66,0.73,2026-08-30,1104,N20,nominal,2.0NRT,286.58,6.24,N
35.8817,-121.39044,318.07,0.67,0.73,2026-08-30,1104,N20,nominal,2.0NRT,290.84,4.55,N
35.87786,-121.37787,300.57,0.67,0.73,2026-08-30,1104,N20,nominal,2.0NRT,289.63,2.82,N
35.89521,-121.45818,367,0.66,0.73,2026-08-30,1104,N20,high,2.0NRT,289.77,10.21,N
35.8937,-121.45325,317.47,0.66,0.73,2026-08-30,1104,N20,nominal,2.0NRT,285.68,6.24,N
19.41425,-155.27573,347.82,0.54,0.68,2026-08-30,1253,N20,nominal,2.0NRT,318.64,6.24,N
19.41548,-155.28105,312.64,0.54,0.68,2026-08-30,1253,N20,nominal,2.0NRT,289.33,6.24,N
19.40819,-155.27725,326.19,0.54,0.68,2026-08-30,1253,N20,nominal,2.0NRT,304.55,6.24,N
19.40937,-155.28236,317.49,0.54,0.68,2026-08-30,1253,N20,nominal,2.0NRT,294.84,6.24,N
19.40449,-155.28897,323.93,0.54,0.68,2026-08-30,1253,N20,nominal,2.0NRT,299.95,4.47,N
19.40328,-155.28375,332.45,0.54,0.68,2026-08-30,1253,N20,nominal,2.0NRT,308.5,6.15,N
19.40579,-155.2946,298.27,0.54,0.68,2026-08-30,1253,N20,nominal,2.0NRT,287.06,4.47,N
19.40214,-155.27884,314.65,0.54,0.68,2026-08-30,1253,N20,nominal,2.0NRT,298.18,6.15,N
19.66602,-71.58243,332.4,0.5,0.66,2026-08-30,1717,N20,nominal,2.0NRT,294.82,7.45,D
20.11135,-74.46297,336.49,0.75,0.77,2026-08-30,1717,N20,nominal,2.0NRT,292.21,6.79,D
20.42097,-74.93732,327.02,0.79,0.78,2026-08-30,1717,N20,nominal,2.0NRT,289.44,1.86,D
20.46584,-74.96645,355.1,0.79,0.78,2026-08-30,1717,N20,nominal,2.0NRT,291.24,17.2,D
36.62498,-78.07236,336.91,0.47,0.64,2026-08-30,1722,N20,nominal,2.0NRT,285.75,3.74,D
18.3671,-71.71373,332.6,0.54,0.68,2026-08-30,1717,N20,nominal,2.0NRT,297.58,37.55,D
18.36621,-71.71768,355.68,0.55,0.68,2026-08-30,1717,N20,nominal,2.0NRT,301.7,37.55,D
18.36526,-71.72189,335.53,0.55,0.68,2026-08-30,1717,N20,nominal,2.0NRT,301.51,63.07,D
18.36345,-71.93156,339.86,0.57,0.69,2026-08-30,1717,N20,nominal,2.0NRT,298.91,5.59,D
18.7905,-71.53456,335.26,0.52,0.67,2026-08-30,1717,N20,nominal,2.0NRT,293.11,5.35,D
21.58867,-98.62113,331.88,0.58,0.7,2026-08-30,1900,N20,nominal,2.0NRT,293.45,5.64,D
21.77542,-98.18194,345.07,0.54,0.68,2026-08-30,1900,N20,nominal,2.0NRT,294.16,8.44,D
21.70315,-99.14143,355.65,0.62,0.72,2026-08-30,1900,N20,nominal,2.0NRT,292.32,15.05,D
21.70251,-99.14491,367,0.62,0.72,2026-08-30,1900,N20,high,2.0NRT,293.44,15.53,D
22.26008,-97.80434,339.14,0.5,0.66,2026-08-30,1900,N20,nominal,2.0NRT,294.32,7,D
22.26278,-97.80701,352.39,0.5,0.66,2026-08-30,1900,N20,nominal,2.0NRT,295.09,12.09,D
21.83103,-99.8876,337.15,0.69,0.74,2026-08-30,1900,N20,nominal,2.0NRT,294.91,14.21,D
23.08199,-98.47332,331.72,0.53,0.67,2026-08-30,1900,N20,nominal,2.0NRT,295.9,4.26,D
23.08197,-98.47586,332.94,0.53,0.67,2026-08-30,1900,N20,nominal,2.0NRT,295.9,3.27,D
23.65084,-97.88226,367,0.47,0.64,2026-08-30,1900,N20,high,2.0NRT,300.91,21.62,D
23.65656,-97.88389,367,0.47,0.64,2026-08-30,1900,N20,high,2.0NRT,297.61,8.17,D
23.65018,-97.883,367,0.47,0.64,2026-08-30,1900,N20,high,2.0NRT,301.1,10.72,D
23.65122,-97.87864,331.23,0.47,0.64,2026-08-30,1900,N20,nominal,2.0NRT,297.49,10.72,D
23.65591,-97.88459,367,0.47,0.64,2026-08-30,1900,N20,high,2.0NRT,297.84,10.5,D
23.77916,-99.0772,334.97,0.55,0.68,2026-08-30,1900,N20,nominal,2.0NRT,299.79,6.49,D
23.82124,-99.14521,367,0.56,0.69,2026-08-30,1900,N20,high,2.0NRT,298.33,13.7,D
23.81996,-99.15043,354.4,0.56,0.69,2026-08-30,1900,N20,nominal,2.0NRT,299.31,13.7,D
23.82606,-99.15225,336.38,0.56,0.69,2026-08-30,1900,N20,nominal,2.0NRT,297.6,7.28,D
24.10579,-98.45204,343.27,0.5,0.66,2026-08-30,1900,N20,nominal,2.0NRT,300.41,7.94,D
24.10465,-98.45678,351.91,0.5,0.66,2026-08-30,1900,N20,nominal,2.0NRT,300.19,12.89,D
24.06084,-98.82368,340.92,0.53,0.67,2026-08-30,1900,N20,nominal,2.0NRT,301.38,6.5,D
24.25325,-98.47594,345.64,0.5,0.66,2026-08-30,1900,N20,nominal,2.0NRT,300.42,6.59,D
24.20105,-98.72132,339.27,0.52,0.67,2026-08-30,1900,N20,nominal,2.0NRT,298.52,6.63,D
24.25624,-98.4786,340.26,0.5,0.66,2026-08-30,1900,N20,nominal,2.0NRT,300.47,8.55,D
24.19659,-98.72166,343.32,0.52,0.66,2026-08-30,1900,N20,nominal,2.0NRT,297.69,11.11,D
24.26095,-98.48492,330.75,0.5,0.66,2026-08-30,1900,N20,nominal,2.0NRT,300.03,9.79,D
24.43634,-98.89875,336.06,0.52,0.67,2026-08-30,1900,N20,nominal,2.0NRT,302,6.76,D
24.43516,-98.9036,354.23,0.52,0.67,2026-08-30,1900,N20,nominal,2.0NRT,304.16,6.76,D
24.61304,-98.21685,331.93,0.47,0.64,2026-08-30,1900,N20,nominal,2.0NRT,296.25,6.63,D
25.8946,-97.9548,334.32,0.42,0.61,2026-08-30,1902,N20,nominal,2.0NRT,297.57,2.87,D
25.92698,-98.01687,346.67,0.43,0.62,2026-08-30,1902,N20,nominal,2.0NRT,296.23,5.34,D
25.92591,-98.01473,340.85,0.43,0.62,2026-08-30,1902,N20,nominal,2.0NRT,295.78,4.69,D
25.53222,-99.8453,338.91,0.56,0.69,2026-08-30,1902,N20,nominal,2.0NRT,297.16,3.86,D
25.57478,-99.93929,339.27,0.57,0.69,2026-08-30,1902,N20,nominal,2.0NRT,296.21,2.88,D
25.74358,-100.23254,340.33,0.59,0.7,2026-08-30,1902,N20,nominal,2.0NRT,296.75,4.77,D
26.18718,-98.52266,336.15,0.45,0.63,2026-08-30,1902,N20,nominal,2.0NRT,300.41,11.8,D
26.19385,-98.51994,338.94,0.45,0.63,2026-08-30,1902,N20,nominal,2.0NRT,298.46,11.8,D
26.1928,-98.52431,354.7,0.45,0.63,2026-08-30,1902,N20,nominal,2.0NRT,303.15,11.8,D
26.61619,-97.93888,330.87,0.41,0.6,2026-08-30,1902,N20,low,2.0NRT,301.19,11.46,D
26.62956,-97.95545,332.56,0.41,0.6,2026-08-30,1902,N20,nominal,2.0NRT,301.28,5.56,D
26.63496,-97.95701,331.47,0.41,0.6,2026-08-30,1902,N20,nominal,2.0NRT,299.34,5.56,D
26.63402,-97.96098,333.38,0.41,0.6,2026-08-30,1902,N20,nominal,2.0NRT,300.81,10.04,D
26.64036,-97.95858,338.43,0.41,0.6,2026-08-30,1902,N20,nominal,2.0NRT,298.07,7.38,D
26.63941,-97.96255,334.79,0.41,0.6,2026-08-30,1902,N20,nominal,2.0NRT,299.1,9.79,D
28.05752,-97.43623,367,0.35,0.57,2026-08-30,1902,N20,high,2.0NRT,298.53,7.29,D
28.93319,-97.86022,347.09,0.36,0.57,2026-08-30,1902,N20,nominal,2.0NRT,300.07,9.62,D
28.93396,-97.86081,344.88,0.36,0.57,2026-08-30,1902,N20,nominal,2.0NRT,300.24,6.61,D
29.83442,-93.96502,338.05,0.41,0.45,2026-08-30,1902,N20,nominal,2.0NRT,302.11,3.59,D
29.97457,-93.42661,333.03,0.57,0.43,2026-08-30,1902,N20,nominal,2.0NRT,297.26,5.39,D
29.98624,-93.42964,333.09,0.57,0.43,2026-08-30,1902,N20,nominal,2.0NRT,296.99,5.07,D
30.93922,-88.01441,339.23,0.38,0.36,2026-08-30,1902,N20,nominal,2.0NRT,292.3,4.48,D
30.81073,-89.01702,329.65,0.39,0.36,2026-08-30,1902,N20,nominal,2.0NRT,291.64,2.59,D
29.7859,-94.88877,332.3,0.46,0.47,2026-08-30,1902,N20,low,2.0NRT,304.49,5.77,D
30.58227,-91.24178,330.62,0.44,0.39,2026-08-30,1902,N20,low,2.0NRT,301.22,3.84,D
28.96952,-98.91125,337.86,0.41,0.61,2026-08-30,1902,N20,nominal,2.0NRT,302.46,4.64,D
30.34538,-92.65868,330.09,0.51,0.41,2026-08-30,1902,N20,low,2.0NRT,301.09,3.42,D
31.14752,-87.98663,338.22,0.38,0.36,2026-08-30,1902,N20,nominal,2.0NRT,305.44,6.17,D
31.15081,-87.9873,332.09,0.38,0.36,2026-08-30,1902,N20,low,2.0NRT,303.85,7.87,D
31.1553,-87.97998,336.86,0.38,0.36,2026-08-30,1902,N20,nominal,2.0NRT,304.65,7,D
30.44833,-92.32697,335.52,0.49,0.4,2026-08-30,1902,N20,nominal,2.0NRT,306.41,3.09,D
29.14244,-98.77247,338.55,0.4,0.6,2026-08-30,1902,N20,nominal,2.0NRT,299.64,3.36,D
29.1436,-98.77251,335.45,0.4,0.6,2026-08-30,1902,N20,nominal,2.0NRT,299.69,4.06,D
30.21305,-95.36766,338.52,0.48,0.48,2026-08-30,1902,N20,nominal,2.0NRT,302.21,3.48,D
30.88,-92.0402,345.51,0.47,0.4,2026-08-30,1902,N20,nominal,2.0NRT,303.15,10.82,D
31.44417,-89.08391,331.63,0.39,0.36,2026-08-30,1902,N20,nominal,2.0NRT,300.4,4.27,D
31.29302,-90.04961,330.65,0.4,0.37,2026-08-30,1902,N20,nominal,2.0NRT,296.72,1.85,D
31.37791,-90.19397,343.7,0.4,0.37,2026-08-30,1902,N20,nominal,2.0NRT,303.02,15.51,D
31.06512,-92.79218,333.16,0.51,0.41,2026-08-30,1902,N20,nominal,2.0NRT,301.67,27.52,D
31.06413,-92.79737,340.35,0.51,0.41,2026-08-30,1902,N20,nominal,2.0NRT,302.06,27.52,D
31.06882,-92.79313,335.86,0.51,0.41,2026-08-30,1902,N20,nominal,2.0NRT,304.83,27.52,D
31.06783,-92.79832,342,0.51,0.41,2026-08-30,1902,N20,nominal,2.0NRT,310.54,27.52,D
31.06685,-92.80351,350.81,0.51,0.41,2026-08-30,1902,N20,nominal,2.0NRT,310.28,41.36,D
31.07252,-92.79408,344.34,0.51,0.41,2026-08-30,1902,N20,nominal,2.0NRT,308.29,36.61,D
31.07154,-92.79928,349.51,0.51,0.41,2026-08-30,1902,N20,nominal,2.0NRT,306.9,36.61,D
31.07055,-92.80447,347.61,0.51,0.41,2026-08-30,1902,N20,nominal,2.0NRT,306.83,33.22,D
31.07621,-92.79503,344.19,0.51,0.41,2026-08-30,1902,N20,nominal,2.0NRT,308.66,36.61,D
31.07523,-92.80022,352.56,0.51,0.41,2026-08-30,1902,N20,nominal,2.0NRT,308.25,36.61,D
31.36651,-92.41663,335.04,0.48,0.4,2026-08-30,1902,N20,nominal,2.0NRT,309.6,2.88,D
32.83087,-82.90376,342.14,0.39,0.44,2026-08-30,1902,N20,nominal,2.0NRT,297.66,6.58,D
32.2185,-88.03142,332.38,0.39,0.36,2026-08-30,1902,N20,low,2.0NRT,306.23,3.51,D
31.37747,-93.28998,335.32,0.53,0.42,2026-08-30,1902,N20,nominal,2.0NRT,300.15,5.44,D
30.153,-100.32352,331.75,0.47,0.64,2026-08-30,1902,N20,low,2.0NRT,304.95,4.64,D
30.17585,-100.30616,330,0.47,0.64,2026-08-30,1902,N20,low,2.0NRT,304.38,2.04,D
30.18503,-100.29417,330.36,0.46,0.64,2026-08-30,1902,N20,low,2.0NRT,303.52,3.52,D
30.18387,-100.29874,348.54,0.47,0.64,2026-08-30,1902,N20,nominal,2.0NRT,306.64,3.52,D
30.19068,-100.29606,339.42,0.46,0.64,2026-08-30,1902,N20,nominal,2.0NRT,304.11,3.52,D
30.18953,-100.30058,331.51,0.47,0.64,2026-08-30,1902,N20,low,2.0NRT,304.59,3.52,D
30.31674,-99.81845,336.34,0.43,0.62,2026-08-30,1902,N20,nominal,2.0NRT,305.23,7.29,D
30.31564,-99.82288,342.65,0.43,0.62,2026-08-30,1902,N20,nominal,2.0NRT,306.31,5.49,D
30.19514,-100.30264,335.34,0.47,0.64,2026-08-30,1902,N20,nominal,2.0NRT,302.33,2,D
30.32113,-99.82471,338.7,0.43,0.62,2026-08-30,1902,N20,nominal,2.0NRT,305.02,5.49,D
30.31967,-99.82182,350.6,0.43,0.62,2026-08-30,1902,N20,nominal,2.0NRT,306.56,6.42,D
30.31855,-99.8262,342.72,0.43,0.62,2026-08-30,1902,N20,nominal,2.0NRT,306.34,6.42,D
32.97553,-86.34716,332.75,0.42,0.37,2026-08-30,1902,N20,nominal,2.0NRT,297.36,1.34,D
32.14426,-92.03944,333.87,0.45,0.39,2026-08-30,1902,N20,low,2.0NRT,307.4,14.61,D
32.69681,-88.91491,335.02,0.38,0.36,2026-08-30,1902,N20,nominal,2.0NRT,301.25,2.56,D
33.21632,-86.78974,331.05,0.41,0.37,2026-08-30,1902,N20,low,2.0NRT,303.58,3.39,D
31.22825,-97.77497,336.63,0.63,0.54,2026-08-30,1902,N20,low,2.0NRT,307.03,8.54,D
31.23309,-97.77641,346.08,0.63,0.54,2026-08-30,1902,N20,nominal,2.0NRT,308.67,8.54,D
33.2355,-87.50715,332.72,0.39,0.36,2026-08-30,1902,N20,nominal,2.0NRT,300.34,2.69,D
33.09553,-88.53279,330.68,0.38,0.36,2026-08-30,1902,N20,nominal,2.0NRT,296.88,2.8,D
32.65276,-91.54398,340.33,0.43,0.38,2026-08-30,1902,N20,nominal,2.0NRT,305.35,3.64,D
33.30249,-87.82097,331.31,0.39,0.36,2026-08-30,1902,N20,nominal,2.0NRT,299.44,7.26,D
33.3627,-87.78185,333.38,0.39,0.36,2026-08-30,1902,N20,nominal,2.0NRT,301.65,7.32,D
33.43672,-88.56977,332.36,0.38,0.36,2026-08-30,1902,N20,low,2.0NRT,305.18,3.16,D
33.44,-88.57047,340.6,0.38,0.36,2026-08-30,1902,N20,nominal,2.0NRT,305.88,3.16,D
34.44299,-81.89735,336.05,0.46,0.47,2026-08-30,1902,N20,nominal,2.0NRT,293.71,4.65,D
33.56509,-89.02396,336.71,0.38,0.36,2026-08-30,1902,N20,nominal,2.0NRT,298.76,21.74,D
33.63041,-89.78098,331.84,0.39,0.36,2026-08-30,1902,N20,nominal,2.0NRT,299.59,5,D
33.51992,-91.36931,353.81,0.42,0.37,2026-08-30,1902,N20,nominal,2.0NRT,312.56,18.26,D
33.51916,-91.37373,337.57,0.42,0.37,2026-08-30,1902,N20,low,2.0NRT,312.03,9.39,D
33.52332,-91.37016,338.97,0.42,0.37,2026-08-30,1902,N20,low,2.0NRT,309.2,6.88,D
31.45793,-101.5986,332.05,0.51,0.66,2026-08-30,1902,N20,low,2.0NRT,303.86,1.67,D
33.83181,-90.69939,336.79,0.4,0.37,2026-08-30,1902,N20,nominal,2.0NRT,300.52,2.12,D
34.43901,-87.99045,344.04,0.39,0.36,2026-08-30,1902,N20,nominal,2.0NRT,302.21,7.03,D
31.62178,-101.81593,335.02,0.52,0.67,2026-08-30,1902,N20,low,2.0NRT,305.17,1.26,D
34.63762,-87.08292,336.97,0.41,0.37,2026-08-30,1902,N20,nominal,2.0NRT,298.46,2.77,D
34.01624,-91.54171,339.98,0.42,0.37,2026-08-30,1902,N20,low,2.0NRT,311.96,3.94,D
34.01546,-91.54615,342.39,0.42,0.37,2026-08-30,1902,N20,nominal,2.0NRT,312.06,12.69,D
31.35641,-103.22611,339.58,0.64,0.72,2026-08-30,1902,N20,nominal,2.0NRT,305.13,6.17,D
34.73853,-87.84422,330.01,0.4,0.37,2026-08-30,1902,N20,low,2.0NRT,302.56,2.98,D
32.85159,-98.2758,354.84,0.61,0.54,2026-08-30,1902,N20,nominal,2.0NRT,307.66,15.72,D
34.47963,-90.39678,353.07,0.39,0.36,2026-08-30,1904,N20,nominal,2.0NRT,306.03,40.39,D
34.73306,-88.86292,333.19,0.39,0.36,2026-08-30,1904,N20,nominal,2.0NRT,303.33,11.66,D
34.84782,-88.31257,331.29,0.39,0.36,2026-08-30,1904,N20,nominal,2.0NRT,298.38,2.84,D
34.84793,-91.07906,345.22,0.4,0.37,2026-08-30,1904,N20,nominal,2.0NRT,314.17,6.69,D
44.67007,-95.70341,333.05,0.42,0.38,2026-08-30,1906,N20,nominal,2.0NRT,296.83,7.28,D
33.47299,-97.92708,342.38,0.57,0.52,2026-08-30,1904,N20,nominal,2.0NRT,306.11,30.63,D
33.47161,-97.93298,341.57,0.57,0.52,2026-08-30,1904,N20,low,2.0NRT,314.95,66.89,D
42.68269,-111.58788,332.74,0.79,0.78,2026-08-30,1906,N20,nominal,2.0NRT,296.01,9.18,D
35.04592,-90.16463,336.59,0.39,0.36,2026-08-30,1904,N20,low,2.0NRT,307,4.66,D
34.55601,-93.03614,337.4,0.46,0.39,2026-08-30,1904,N20,nominal,2.0NRT,305.34,3.6,D
35.97861,-83.95396,329.4,0.56,0.43,2026-08-30,1904,N20,low,2.0NRT,303.14,6.48,D
36.0966,-83.05863,330.85,0.41,0.45,2026-08-30,1904,N20,nominal,2.0NRT,297.3,2.11,D
34.49075,-95.299,340.04,0.39,0.44,2026-08-30,1904,N20,nominal,2.0NRT,303.53,25.05,D
46.13223,-113.90833,334.81,0.76,0.77,2026-08-30,1908,N20,nominal,2.0NRT,287.93,7.21,D
34.48989,-95.30309,345.83,0.39,0.44,2026-08-30,1904,N20,nominal,2.0NRT,303.71,25.05,D
46.13147,-113.90704,335.96,0.76,0.77,2026-08-30,1908,N20,nominal,2.0NRT,288.33,8.95,D
34.49385,-95.30415,348.16,0.39,0.44,2026-08-30,1904,N20,nominal,2.0NRT,314.11,25.05,D
34.493,-95.30825,346.07,0.39,0.44,2026-08-30,1904,N20,nominal,2.0NRT,313.48,53.83,D
35.10227,-92.34347,337,0.43,0.38,2026-08-30,1904,N20,nominal,2.0NRT,305.06,2.81,D
35.99038,-86.57037,330.78,0.43,0.38,2026-08-30,1904,N20,low,2.0NRT,305.26,4.48,D
35.72673,-88.80945,336.73,0.39,0.36,2026-08-30,1904,N20,low,2.0NRT,307.97,4.66,D
36.22282,-85.17689,330.04,0.49,0.41,2026-08-30,1904,N20,low,2.0NRT,300.19,2.43,D
35.60911,-89.94502,341.08,0.38,0.36,2026-08-30,1904,N20,nominal,2.0NRT,309.57,10.49,D
35.64845,-89.93249,336.77,0.38,0.36,2026-08-30,1904,N20,low,2.0NRT,309.74,6.25,D
35.78708,-89.91942,350.77,0.38,0.36,2026-08-30,1904,N20,nominal,2.0NRT,310.86,7.39,D
35.78511,-89.93204,341.88,0.38,0.36,2026-08-30,1904,N20,low,2.0NRT,315.38,23.41,D
18.36,-71.71415,331.25,0.65,0.73,2026-08-30,1858,N20,nominal,2.0NRT,293.53,7.33,D
18.36688,-71.71291,345.75,0.65,0.73,2026-08-30,1858,N20,nominal,2.0NRT,294.3,7.33,D
35.79036,-89.92018,343.6,0.38,0.36,2026-08-30,1904,N20,low,2.0NRT,318.1,48.68,D
18.36616,-71.72121,336.58,0.65,0.73,2026-08-30,1858,N20,nominal,2.0NRT,294.97,18.47,D
36.22162,-87.41607,332.62,0.41,0.37,2026-08-30,1904,N20,nominal,2.0NRT,298.37,2.66,D
17.9956,-76.54604,336.04,0.62,0.54,2026-08-30,1858,N20,nominal,2.0NRT,297.23,12.52,D
35.88987,-89.78211,338.43,0.38,0.36,2026-08-30,1904,N20,low,2.0NRT,312.75,4.81,D
17.95889,-77.37227,349.77,0.54,0.51,2026-08-30,1858,N20,nominal,2.0NRT,296.47,12.5,D
36.5037,-85.41408,331.71,0.49,0.4,2026-08-30,1904,N20,nominal,2.0NRT,300.08,5.18,D
17.96356,-77.37284,345.65,0.54,0.51,2026-08-30,1858,N20,nominal,2.0NRT,297.4,14.47,D
35.93496,-89.71291,346.77,0.38,0.36,2026-08-30,1904,N20,nominal,2.0NRT,313.11,10.3,D
35.88657,-90.47634,344.21,0.39,0.36,2026-08-30,1904,N20,nominal,2.0NRT,310.98,4.72,D
17.96164,-77.3717,354.17,0.54,0.51,2026-08-30,1858,N20,nominal,2.0NRT,298.1,23.2,D
35.88589,-90.48058,349.03,0.39,0.36,2026-08-30,1904,N20,nominal,2.0NRT,314.4,5.75,D
17.98424,-77.50523,334.18,0.53,0.5,2026-08-30,1858,N20,nominal,2.0NRT,296.89,7.65,D
35.88917,-90.48138,342.59,0.39,0.36,2026-08-30,1904,N20,nominal,2.0NRT,308.52,5.75,D
18.76783,-71.42529,331.82,0.69,0.74,2026-08-30,1858,N20,nominal,2.0NRT,290.44,9.47,D
36.09674,-89.27386,335.07,0.38,0.36,2026-08-30,1904,N20,nominal,2.0NRT,304.13,1.87,D
18.76901,-71.42027,339.7,0.69,0.74,2026-08-30,1858,N20,nominal,2.0NRT,289.23,14,D
36.05332,-89.80587,332.1,0.38,0.36,2026-08-30,1904,N20,low,2.0NRT,306.18,1.81,D
18.44419,-77.59796,341.81,0.53,0.5,2026-08-30,1858,N20,nominal,2.0NRT,296.48,7.92,D
36.2449,-88.6105,337.52,0.39,0.36,2026-08-30,1904,N20,nominal,2.0NRT,301.49,2.83,D
18.44881,-77.59863,347.06,0.53,0.5,2026-08-30,1858,N20,nominal,2.0NRT,297.53,7.92,D
34.95988,-95.96061,337.66,0.41,0.45,2026-08-30,1904,N20,nominal,2.0NRT,306.49,2.5,D
18.47399,-77.58465,332.38,0.53,0.5,2026-08-30,1858,N20,nominal,2.0NRT,297.88,5.41,D
37.53017,-78.36239,327.73,0.39,0.59,2026-08-30,1904,N20,nominal,2.0NRT,296.09,2.31,D
18.47312,-77.58313,333.81,0.53,0.5,2026-08-30,1858,N20,nominal,2.0NRT,297.59,3.83,D
36.83419,-86.16314,333.32,0.46,0.39,2026-08-30,1904,N20,nominal,2.0NRT,300.1,4.05,D
36.83578,-86.16568,333.97,0.46,0.39,2026-08-30,1904,N20,nominal,2.0NRT,300.67,4.29,D
19.44495,-71.5902,330.29,0.68,0.74,2026-08-30,1858,N20,nominal,2.0NRT,294.3,6.24,D
37.63569,-83.17146,339.95,0.43,0.46,2026-08-30,1904,N20,nominal,2.0NRT,295.4,5.58,D
19.45113,-71.59882,330.94,0.68,0.74,2026-08-30,1858,N20,nominal,2.0NRT,294.46,6.24,D
37.26809,-86.98572,333.28,0.43,0.38,2026-08-30,1904,N20,nominal,2.0NRT,298.15,4.12,D
37.24618,-87.59499,332.82,0.41,0.37,2026-08-30,1904,N20,nominal,2.0NRT,296.24,2.5,D
38.00207,-86.1412,332.16,0.47,0.4,2026-08-30,1904,N20,low,2.0NRT,302.36,4.36,D
20.25458,-74.29592,346.02,0.46,0.64,2026-08-30,1858,N20,nominal,2.0NRT,293.49,5.75,D
20.16877,-75.58873,334.05,0.38,0.59,2026-08-30,1858,N20,nominal,2.0NRT,298.66,3.29,D
37.74185,-90.01345,334.95,0.38,0.36,2026-08-30,1904,N20,nominal,2.0NRT,303.15,2.4,D
17.7522,-92.62056,333.86,0.57,0.52,2026-08-30,1858,N20,nominal,2.0NRT,298,5.68,D
36.55844,-96.56824,337.13,0.41,0.45,2026-08-30,1904,N20,low,2.0NRT,307.18,2.79,D
17.84627,-92.28223,336.77,0.54,0.51,2026-08-30,1858,N20,nominal,2.0NRT,295.64,4.14,D
36.56245,-96.56957,354.33,0.41,0.45,2026-08-30,1904,N20,nominal,2.0NRT,311.91,8.21,D
17.84463,-92.28585,340.78,0.54,0.51,2026-08-30,1858,N20,nominal,2.0NRT,295.58,5.82,D
17.7382,-93.01762,333.46,0.61,0.53,2026-08-30,1858,N20,nominal,2.0NRT,293.65,8,D
36.56149,-96.57406,334.04,0.41,0.45,2026-08-30,1904,N20,low,2.0NRT,307.52,4.61,D
20.4177,-74.93492,367,0.42,0.61,2026-08-30,1858,N20,high,2.0NRT,294.98,12.07,D
36.56646,-96.57086,331.35,0.41,0.45,2026-08-30,1904,N20,nominal,2.0NRT,305.66,8.21,D
17.87707,-92.48803,344,0.56,0.51,2026-08-30,1858,N20,nominal,2.0NRT,296.41,13.35,D
37.08174,-94.21148,330.88,0.47,0.4,2026-08-30,1904,N20,low,2.0NRT,302.66,3.98,D
20.423,-74.93919,356.41,0.42,0.61,2026-08-30,1858,N20,low,2.0NRT,262.85,11.42,D
37.0853,-94.21255,333.94,0.47,0.4,2026-08-30,1904,N20,nominal,2.0NRT,303.69,3.25,D
20.41991,-75.20284,333.18,0.41,0.6,2026-08-30,1858,N20,nominal,2.0NRT,293.55,3.93,D
37.96693,-90.07863,335.1,0.38,0.36,2026-08-30,1904,N20,nominal,2.0NRT,306.61,2.16,D
18.03641,-91.9147,353.46,0.51,0.49,2026-08-30,1858,N20,nominal,2.0NRT,288.51,10.32,D
36.5191,-97.83733,335.27,0.48,0.48,2026-08-30,1904,N20,low,2.0NRT,310.24,3.74,D
17.84257,-93.11742,343.22,0.61,0.54,2026-08-30,1858,N20,nominal,2.0NRT,289.26,52.6,D
38.00755,-90.07947,336.4,0.38,0.36,2026-08-30,1904,N20,nominal,2.0NRT,308.02,3.41,D
20.36282,-76.59237,334.07,0.33,0.55,2026-08-30,1858,N20,nominal,2.0NRT,296.33,3.23,D
38.38581,-89.05533,334.28,0.39,0.36,2026-08-30,1904,N20,nominal,2.0NRT,297.52,2.72,D
20.36249,-76.59549,337.15,0.33,0.55,2026-08-30,1858,N20,nominal,2.0NRT,296.51,3.75,D
38.73146,-87.32139,340.48,0.43,0.38,2026-08-30,1904,N20,nominal,2.0NRT,302.25,4.61,D
17.89062,-93.18137,341.47,0.62,0.54,2026-08-30,1858,N20,nominal,2.0NRT,295.05,20.46,D
17.8884,-93.19273,335.66,0.62,0.54,2026-08-30,1858,N20,nominal,2.0NRT,293.12,6.02,D
35.96159,-101.81934,335.19,0.41,0.6,2026-08-30,1904,N20,low,2.0NRT,306.22,1.08,D
17.90144,-93.17782,341.6,0.62,0.54,2026-08-30,1858,N20,nominal,2.0NRT,294.25,70.75,D
34.68676,-106.42546,367,0.78,0.78,2026-08-30,1904,N20,high,2.0NRT,296.47,19.36,D
17.90033,-93.1835,285.2,0.62,0.54,2026-08-30,1858,N20,low,2.0NRT,302.89,181.31,D
38.7435,-88.11182,330.03,0.41,0.37,2026-08-30,1904,N20,nominal,2.0NRT,297.69,3.86,D
17.8926,-93.18382,342.11,0.62,0.54,2026-08-30,1858,N20,nominal,2.0NRT,294.91,12.62,D
38.69159,-90.12941,331.75,0.38,0.36,2026-08-30,1904,N20,nominal,2.0NRT,293.19,2.36,D
17.89031,-93.19511,340.26,0.62,0.54,2026-08-30,1858,N20,nominal,2.0NRT,293.82,19.51,D
38.69487,-90.1302,330.7,0.38,0.36,2026-08-30,1904,N20,nominal,2.0NRT,296.94,3.1,D
17.89861,-93.1792,345.85,0.62,0.54,2026-08-30,1858,N20,nominal,2.0NRT,295.45,273.37,D
38.69422,-90.13458,338.77,0.38,0.36,2026-08-30,1904,N20,nominal,2.0NRT,297.67,3.1,D
18.11303,-92.42052,335.25,0.55,0.51,2026-08-30,1858,N20,nominal,2.0NRT,295.11,11.09,D
39.154,-87.37269,329.11,0.44,0.38,2026-08-30,1904,N20,nominal,2.0NRT,280.87,2.69,D
18.11204,-92.42559,336.56,0.55,0.51,2026-08-30,1858,N20,nominal,2.0NRT,295.61,11.09,D
39.57684,-87.50623,326.82,0.44,0.38,2026-08-30,1904,N20,nominal,2.0NRT,297,1.55,D
18.00331,-93.08408,329.74,0.61,0.53,2026-08-30,1858,N20,nominal,2.0NRT,292.84,4.41,D
38.47591,-95.79189,336.59,0.52,0.42,2026-08-30,1904,N20,nominal,2.0NRT,303.61,45.83,D
18.5804,-90.09743,335.03,0.38,0.43,2026-08-30,1858,N20,nominal,2.0NRT,295.11,4.12,D
38.47844,-95.79896,343.06,0.52,0.42,2026-08-30,1904,N20,nominal,2.0NRT,304.97,5.06,D
18.00275,-93.18992,339.99,0.62,0.54,2026-08-30,1858,N20,nominal,2.0NRT,292.19,12.53,D
39.1153,-93.8299,332.87,0.43,0.38,2026-08-30,1904,N20,low,2.0NRT,302.88,7.86,D
18.00534,-93.19164,339.93,0.61,0.54,2026-08-30,1858,N20,nominal,2.0NRT,292.8,9.38,D
38.91018,-95.55488,338.13,0.5,0.41,2026-08-30,1904,N20,nominal,2.0NRT,306.83,10.89,D
18.15626,-92.46328,336.3,0.55,0.51,2026-08-30,1858,N20,nominal,2.0NRT,292.1,2.7,D
39.68106,-93.13981,339.31,0.41,0.37,2026-08-30,1904,N20,nominal,2.0NRT,298.4,3.16,D
18.09363,-92.80259,343.77,0.58,0.52,2026-08-30,1858,N20,nominal,2.0NRT,298.72,8.74,D
40.48385,-93.53505,332,0.41,0.37,2026-08-30,1904,N20,nominal,2.0NRT,294.62,3.76,D
18.00425,-93.44997,367,0.32,0.55,2026-08-30,1858,N20,high,2.0NRT,295.1,13.68,D
42.60536,-94.30593,330.39,0.41,0.37,2026-08-30,1906,N20,nominal,2.0NRT,294.31,2.07,D
20.70424,-75.43424,367,0.39,0.6,2026-08-30,1858,N20,high,2.0NRT,295.71,13.34,D
43.56763,-93.29755,330.61,0.39,0.36,2026-08-30,1906,N20,nominal,2.0NRT,283.17,3.86,D
17.91306,-94.67503,330.32,0.39,0.59,2026-08-30,1858,N20,nominal,2.0NRT,292.06,2.19,D
43.56685,-93.30228,338.55,0.39,0.36,2026-08-30,1906,N20,nominal,2.0NRT,283.87,5.59,D
17.91561,-94.67705,328.51,0.39,0.59,2026-08-30,1858,N20,nominal,2.0NRT,292.15,1.86,D
20.75896,-76.37517,344.17,0.34,0.56,2026-08-30,1858,N20,nominal,2.0NRT,297.08,3.07,D
43.87163,-94.22848,332.13,0.4,0.37,2026-08-30,1906,N20,nominal,2.0NRT,296.37,1.47,D
17.98071,-94.52593,352.02,0.38,0.58,2026-08-30,1858,N20,nominal,2.0NRT,292.07,13.21,D
17.98,-94.52937,350.2,0.38,0.58,2026-08-30,1858,N20,nominal,2.0NRT,293.7,13.21,D
18.34019,-92.83315,334.64,0.57,0.52,2026-08-30,1858,N20,nominal,2.0NRT,292.79,3.22,D
20.86447,-76.21802,335.65,0.35,0.57,2026-08-30,1858,N20,nominal,2.0NRT,295.25,4.77,D
20.86495,-76.21618,337.8,0.35,0.57,2026-08-30,1858,N20,nominal,2.0NRT,295.01,5.37,D
18.41869,-93.18838,346.05,0.6,0.53,2026-08-30,1858,N20,nominal,2.0NRT,294.55,16.95,D
18.43858,-93.16365,356.67,0.6,0.53,2026-08-30,1858,N20,nominal,2.0NRT,295.15,11.24,D
18.64416,-92.17107,342.99,0.51,0.5,2026-08-30,1858,N20,nominal,2.0NRT,294.18,6.18,D
18.43739,-93.1647,346.66,0.6,0.53,2026-08-30,1858,N20,nominal,2.0NRT,294.85,11.73,D
18.64194,-92.16785,338.82,0.51,0.5,2026-08-30,1858,N20,nominal,2.0NRT,293.34,3.96,D
18.641,-92.17263,331.81,0.51,0.5,2026-08-30,1858,N20,nominal,2.0NRT,293.38,2.04,D
19.33529,-90.07774,340.16,0.56,0.43,2026-08-30,1858,N20,nominal,2.0NRT,301.58,13.47,D
19.33918,-90.07854,340.11,0.56,0.43,2026-08-30,1858,N20,nominal,2.0NRT,296.85,13.47,D
19.36594,-92.00522,340.48,0.49,0.48,2026-08-30,1858,N20,nominal,2.0NRT,291.66,13.87,D
19.39048,-92.04364,332.62,0.49,0.48,2026-08-30,1858,N20,nominal,2.0NRT,290.91,5.06,D
19.39574,-92.04002,332.5,0.49,0.48,2026-08-30,1858,N20,nominal,2.0NRT,291.46,5.06,D
19.39486,-92.04459,339.88,0.49,0.48,2026-08-30,1858,N20,nominal,2.0NRT,291.64,5.06,D
19.43679,-92.03769,339.62,0.49,0.48,2026-08-30,1858,N20,nominal,2.0NRT,293.01,5.37,D
19.44117,-92.03862,338.96,0.49,0.48,2026-08-30,1858,N20,nominal,2.0NRT,292.96,5.37,D
19.44541,-92.08707,354.81,0.49,0.49,2026-08-30,1858,N20,nominal,2.0NRT,292.01,11.91,D
20.11467,-89.17625,335.23,0.49,0.4,2026-08-30,1858,N20,low,2.0NRT,299.94,7.11,D
19.60228,-92.29359,329.93,0.5,0.49,2026-08-30,1858,N20,nominal,2.0NRT,293.27,4.55,D
21.92504,-77.95683,334.23,0.56,0.51,2026-08-30,1858,N20,nominal,2.0NRT,298.53,3.45,D
21.94046,-78.16433,340.63,0.54,0.51,2026-08-30,1858,N20,nominal,2.0NRT,296.77,5.69,D
21.93863,-78.16162,341.63,0.54,0.51,2026-08-30,1858,N20,nominal,2.0NRT,297.25,11.61,D
21.96231,-78.33846,331.75,0.53,0.5,2026-08-30,1858,N20,nominal,2.0NRT,296.55,4.4,D
22.0114,-78.31824,335.96,0.53,0.5,2026-08-30,1900,N20,nominal,2.0NRT,297.77,6.81,D
22.02873,-78.24669,339.59,0.54,0.51,2026-08-30,1900,N20,nominal,2.0NRT,297.42,2.53,D
22.0328,-78.25245,331.95,0.54,0.51,2026-08-30,1900,N20,nominal,2.0NRT,296.43,2.53,D
22.03746,-78.25301,349.05,0.54,0.51,2026-08-30,1900,N20,nominal,2.0NRT,298.38,7.27,D
22.03585,-78.25494,344.81,0.54,0.51,2026-08-30,1900,N20,nominal,2.0NRT,298.07,8.76,D
22.06954,-78.24841,343.67,0.54,0.51,2026-08-30,1900,N20,nominal,2.0NRT,297.95,23.64,D
22.07476,-78.24371,353.88,0.54,0.51,2026-08-30,1900,N20,nominal,2.0NRT,301.6,70.01,D
22.0742,-78.24895,333.57,0.54,0.51,2026-08-30,1900,N20,nominal,2.0NRT,300,23.64,D
22.07102,-78.57915,341.69,0.51,0.5,2026-08-30,1900,N20,nominal,2.0NRT,296.48,5.79,D
22.07613,-78.57471,341.1,0.51,0.5,2026-08-30,1900,N20,nominal,2.0NRT,296.39,11.24,D
22.07557,-78.5797,330.83,0.51,0.5,2026-08-30,1900,N20,nominal,2.0NRT,297.78,5.79,D
22.29061,-80.82375,336.17,0.57,0.43,2026-08-30,1900,N20,nominal,2.0NRT,296.53,2.22,D
22.29371,-80.82202,332.41,0.57,0.43,2026-08-30,1900,N20,nominal,2.0NRT,298.83,8.1,D
22.63182,-79.90948,334.08,0.43,0.46,2026-08-30,1900,N20,nominal,2.0NRT,298.79,4.83,D
22.09603,-84.20429,347.24,0.4,0.37,2026-08-30,1900,N20,nominal,2.0NRT,300.45,6.2,D
22.72925,-80.91355,335.1,0.57,0.43,2026-08-30,1900,N20,nominal,2.0NRT,300.15,8.92,D
22.52792,-83.09174,335.43,0.44,0.38,2026-08-30,1900,N20,nominal,2.0NRT,303.32,8.59,D
22.54025,-83.02817,333.34,0.44,0.39,2026-08-30,1900,N20,nominal,2.0NRT,298.89,2.9,D
22.53966,-83.03245,340.3,0.44,0.39,2026-08-30,1900,N20,nominal,2.0NRT,301.28,4.27,D
22.53988,-83.03201,345.13,0.44,0.39,2026-08-30,1900,N20,nominal,2.0NRT,301.38,5.58,D
22.54341,-83.03257,350.3,0.44,0.39,2026-08-30,1900,N20,nominal,2.0NRT,301.45,6.78,D
22.5383,-83.07113,339.38,0.44,0.38,2026-08-30,1900,N20,nominal,2.0NRT,297.72,3.69,D
22.54694,-83.03312,352.77,0.44,0.39,2026-08-30,1900,N20,nominal,2.0NRT,300.21,6.78,D
22.54637,-83.03741,333.13,0.44,0.39,2026-08-30,1900,N20,nominal,2.0NRT,301.36,6.78,D
22.57567,-83.00687,331.05,0.44,0.39,2026-08-30,1900,N20,low,2.0NRT,305.12,5.94,D
22.5705,-83.04556,340.3,0.44,0.39,2026-08-30,1900,N20,nominal,2.0NRT,297.17,7.49,D
22.57979,-83.00311,331.76,0.44,0.39,2026-08-30,1900,N20,low,2.0NRT,305.42,5.94,D
22.8217,-81.17176,336.22,0.55,0.43,2026-08-30,1900,N20,nominal,2.0NRT,298.63,8.18,D
22.62309,-82.81448,344.65,0.45,0.39,2026-08-30,1900,N20,nominal,2.0NRT,301.34,11.67,D
22.61968,-82.8943,333.22,0.45,0.39,2026-08-30,1900,N20,nominal,2.0NRT,301.49,3.56,D
22.63912,-82.80349,331.2,0.45,0.39,2026-08-30,1900,N20,low,2.0NRT,302.35,3.07,D
22.64269,-82.80404,332.25,0.45,0.39,2026-08-30,1900,N20,low,2.0NRT,302.4,3.07,D
22.6421,-82.80843,339.84,0.45,0.39,2026-08-30,1900,N20,nominal,2.0NRT,302.91,6.03,D
22.64626,-82.80457,335.79,0.45,0.39,2026-08-30,1900,N20,nominal,2.0NRT,300.28,2.9,D
22.64567,-82.80898,334.45,0.45,0.39,2026-08-30,1900,N20,nominal,2.0NRT,301.18,3.87,D
22.6146,-83.03925,347.72,0.44,0.39,2026-08-30,1900,N20,nominal,2.0NRT,297.9,5.92,D
22.61813,-83.03979,340.8,0.44,0.39,2026-08-30,1900,N20,nominal,2.0NRT,299.36,5.92,D
19.62563,-99.18731,327.15,0.7,0.75,2026-08-30,1900,N20,nominal,2.0NRT,297.01,3.91,D
22.74036,-82.37695,332.75,0.48,0.4,2026-08-30,1900,N20,nominal,2.0NRT,300.85,2.84,D
22.68442,-82.80939,334.46,0.45,0.39,2026-08-30,1900,N20,nominal,2.0NRT,299.81,4.23,D
20.03266,-99.27284,326.42,0.7,0.75,2026-08-30,1900,N20,nominal,2.0NRT,294.67,6.9,D
20.02888,-99.26914,326.39,0.7,0.75,2026-08-30,1900,N20,nominal,2.0NRT,294.5,6.79,D
20.83653,-97.26476,334.55,0.5,0.65,2026-08-30,1900,N20,nominal,2.0NRT,296.39,3.77,D
20.83481,-97.26137,329.4,0.49,0.65,2026-08-30,1900,N20,nominal,2.0NRT,296.17,4.9,D
46.78343,-115.14711,336.49,0.43,0.38,2026-08-30,2046,N20,nominal,2.0NRT,287.8,5.67,D
46.8131,-115.23287,330.64,0.43,0.38,2026-08-30,2046,N20,nominal,2.0NRT,295.25,3.29,D
46.8214,-115.22338,336.16,0.43,0.38,2026-08-30,2046,N20,nominal,2.0NRT,294.51,4.46,D
46.82922,-115.18856,328.95,0.43,0.38,2026-08-30,2046,N20,nominal,2.0NRT,289.26,2.69,D
46.83318,-115.21474,325.23,0.43,0.38,2026-08-30,2046,N20,nominal,2.0NRT,295.23,3.65,D
47.53856,-115.90058,339,0.42,0.38,2026-08-30,2046,N20,nominal,2.0NRT,290.4,4.99,D
18.50751,-96.13268,338.5,0.75,0.77,2026-08-30,2040,N20,nominal,2.0NRT,280.28,14.2,D
47.53785,-115.9062,347.22,0.42,0.38,2026-08-30,2046,N20,nominal,2.0NRT,292.12,4.99,D
47.54889,-115.903,325.08,0.42,0.38,2026-08-30,2046,N20,nominal,2.0NRT,294.46,4.72,D
18.5069,-96.13992,356.17,0.75,0.77,2026-08-30,2040,N20,nominal,2.0NRT,284.15,14.2,D
47.54748,-115.91409,331.75,0.42,0.38,2026-08-30,2046,N20,nominal,2.0NRT,293.75,4.32,D
17.93115,-102.20682,335.66,0.59,0.53,2026-08-30,2040,N20,nominal,2.0NRT,294.72,8.42,D
47.54677,-115.91963,327.73,0.42,0.38,2026-08-30,2046,N20,nominal,2.0NRT,291.62,4.32,D
18.22178,-102.67075,338.41,0.55,0.51,2026-08-30,2040,N20,nominal,2.0NRT,293.55,7.1,D
47.55235,-115.90368,331.9,0.42,0.38,2026-08-30,2046,N20,nominal,2.0NRT,288.11,4.72,D
18.22331,-102.6751,340.6,0.55,0.51,2026-08-30,2040,N20,nominal,2.0NRT,293.98,6.73,D
47.41788,-121.16956,334.36,0.4,0.37,2026-08-30,2046,N20,nominal,2.0NRT,287.71,2.19,D
19.00623,-104.25872,340.84,0.45,0.47,2026-08-30,2040,N20,nominal,2.0NRT,296.93,5.07,D
47.44648,-121.06438,333.77,0.4,0.37,2026-08-30,2046,N20,nominal,2.0NRT,288.43,2.72,D
20.04022,-99.28786,334.7,0.49,0.65,2026-08-30,2040,N20,nominal,2.0NRT,295.39,5.71,D
47.45235,-121.05067,329.74,0.4,0.37,2026-08-30,2046,N20,nominal,2.0NRT,289.26,3.38,D
20.04902,-99.28835,329.92,0.49,0.65,2026-08-30,2040,N20,nominal,2.0NRT,294.89,3.8,D
47.45148,-121.05572,330.35,0.4,0.37,2026-08-30,2046,N20,nominal,2.0NRT,287.57,3.38,D
20.51203,-97.47583,367,0.65,0.73,2026-08-30,2040,N20,high,2.0NRT,290.03,23.52,D
47.46964,-121.043,326.98,0.4,0.37,2026-08-30,2046,N20,nominal,2.0NRT,286.8,2.68,D
19.95889,-105.3171,329.98,0.4,0.44,2026-08-30,2040,N20,nominal,2.0NRT,297.76,2.59,D
47.4729,-121.04434,329.86,0.4,0.37,2026-08-30,2046,N20,nominal,2.0NRT,289.24,5.35,D
20.5223,-100.92191,345.79,0.39,0.59,2026-08-30,2040,N20,nominal,2.0NRT,300.07,7.07,D
47.47537,-121.05031,328.36,0.4,0.37,2026-08-30,2046,N20,nominal,2.0NRT,288.48,5.35,D
20.52406,-100.92181,341,0.39,0.59,2026-08-30,2040,N20,nominal,2.0NRT,297.92,7.49,D
47.45473,-121.22958,328.94,0.4,0.37,2026-08-30,2046,N20,nominal,2.0NRT,286.37,4.61,D
20.57631,-101.17068,367,0.37,0.58,2026-08-30,2040,N20,high,2.0NRT,292.72,9.04,D
47.45714,-121.23587,330.51,0.4,0.37,2026-08-30,2046,N20,nominal,2.0NRT,287.08,5.65,D
21.7749,-98.18054,367,0.6,0.71,2026-08-30,2040,N20,high,2.0NRT,293.18,10.92,D
47.46129,-121.23214,340.1,0.4,0.37,2026-08-30,2046,N20,nominal,2.0NRT,291.28,4.79,D
21.77444,-98.18637,332.73,0.6,0.71,2026-08-30,2040,N20,nominal,2.0NRT,292.73,10.92,D
47.4771,-121.22184,345.47,0.4,0.37,2026-08-30,2046,N20,nominal,2.0NRT,291.25,5.04,D
21.7197,-99.24394,342.62,0.51,0.66,2026-08-30,2040,N20,nominal,2.0NRT,292.81,5.42,D
47.47619,-121.22709,325.07,0.4,0.37,2026-08-30,2046,N20,nominal,2.0NRT,287.45,5.04,D
22.26293,-97.80151,350.92,0.64,0.72,2026-08-30,2040,N20,nominal,2.0NRT,295.03,10.63,D
47.84908,-120.34711,334.27,0.39,0.36,2026-08-30,2046,N20,nominal,2.0NRT,298.1,1.96,D
22.25955,-97.80482,330.01,0.64,0.72,2026-08-30,2040,N20,nominal,2.0NRT,295.11,6.44,D
47.87508,-120.35666,336.72,0.39,0.36,2026-08-30,2046,N20,nominal,2.0NRT,292.75,3.98,D
22.75003,-105.84186,330.15,0.4,0.44,2026-08-30,2040,N20,low,2.0NRT,304.56,3.68,D
47.87835,-120.3577,334.2,0.39,0.36,2026-08-30,2046,N20,nominal,2.0NRT,295.46,2.8,D
23.65086,-97.87774,334.93,0.66,0.73,2026-08-30,2040,N20,nominal,2.0NRT,294.93,11.43,D
47.84478,-120.56095,338.92,0.39,0.36,2026-08-30,2046,N20,nominal,2.0NRT,300.77,14.6,D
23.65318,-97.88042,349.5,0.66,0.73,2026-08-30,2040,N20,nominal,2.0NRT,295.15,10.15,D
47.84393,-120.5661,342.42,0.39,0.36,2026-08-30,2046,N20,nominal,2.0NRT,297.3,8.7,D
23.78531,-99.17117,331.77,0.55,0.68,2026-08-30,2040,N20,nominal,2.0NRT,298.42,3.88,D
47.8791,-120.37413,338.98,0.39,0.36,2026-08-30,2046,N20,nominal,2.0NRT,293.4,18.36,D
24.05954,-98.81847,348.18,0.58,0.69,2026-08-30,2040,N20,nominal,2.0NRT,302.28,12.69,D
47.88234,-120.37537,344.3,0.39,0.36,2026-08-30,2046,N20,nominal,2.0NRT,293.85,12.64,D
24.05912,-98.82421,342.66,0.58,0.69,2026-08-30,2040,N20,nominal,2.0NRT,303.67,11,D
47.89053,-120.36742,346.66,0.39,0.36,2026-08-30,2046,N20,nominal,2.0NRT,294.85,6.86,D
24.4341,-98.90165,367,0.58,0.69,2026-08-30,2042,N20,high,2.0NRT,307.8,23.93,D
47.89882,-120.40022,332.67,0.39,0.36,2026-08-30,2046,N20,nominal,2.0NRT,292.59,3.14,D
24.95265,-98.10452,332.07,0.65,0.73,2026-08-30,2042,N20,nominal,2.0NRT,293.14,2.88,D
47.90552,-120.38061,333.17,0.39,0.36,2026-08-30,2046,N20,nominal,2.0NRT,291.24,2.97,D
24.95551,-98.10473,333.62,0.65,0.73,2026-08-30,2042,N20,nominal,2.0NRT,292.83,3.92,D
47.57136,-122.36913,332.04,0.42,0.38,2026-08-30,2046,N20,nominal,2.0NRT,289.4,4.3,D
25.89433,-97.95183,330.82,0.68,0.74,2026-08-30,2042,N20,nominal,2.0NRT,290.73,2.97,D
47.91225,-120.71425,331.14,0.39,0.36,2026-08-30,2046,N20,nominal,2.0NRT,289.62,3.86,D
47.90077,-120.82389,335.69,0.39,0.36,2026-08-30,2046,N20,nominal,2.0NRT,288.3,8.12,D
47.94509,-120.7041,334.15,0.39,0.36,2026-08-30,2046,N20,nominal,2.0NRT,293.26,2.75,D
48.0388,-120.6154,328.76,0.39,0.36,2026-08-30,2046,N20,low,2.0NRT,301.49,2.26,D
48.03712,-120.6255,331.52,0.39,0.36,2026-08-30,2046,N20,nominal,2.0NRT,299.12,3.58,D
48.04122,-120.62159,333.92,0.39,0.36,2026-08-30,2046,N20,nominal,2.0NRT,300.92,5.73,D
48.05089,-120.83015,336.31,0.39,0.36,2026-08-30,2046,N20,nominal,2.0NRT,288.19,3.43,D
48.05415,-120.83136,325.44,0.39,0.36,2026-08-30,2046,N20,nominal,2.0NRT,288.12,3.66,D
48.05832,-120.82723,347.09,0.39,0.36,2026-08-30,2046,N20,nominal,2.0NRT,294.37,9.69,D
48.06158,-120.82845,332.92,0.39,0.36,2026-08-30,2046,N20,nominal,2.0NRT,288.8,4.12,D
48.06903,-120.8254,329.42,0.39,0.36,2026-08-30,2046,N20,nominal,2.0NRT,291.55,23.36,D
48.06812,-120.83077,328.79,0.39,0.36,2026-08-30,2046,N20,nominal,2.0NRT,290.13,23.36,D
48.0723,-120.82657,339.82,0.39,0.36,2026-08-30,2046,N20,nominal,2.0NRT,310.84,23.36,D
48.07557,-120.82774,342.2,0.39,0.36,2026-08-30,2046,N20,nominal,2.0NRT,290.71,7.01,D
48.35669,-120.79624,333.91,0.39,0.36,2026-08-30,2046,N20,nominal,2.0NRT,284.81,7.97,D
48.35584,-120.80134,343.04,0.39,0.36,2026-08-30,2046,N20,nominal,2.0NRT,288.71,7.97,D
48.35064,-120.83262,333.42,0.39,0.36,2026-08-30,2046,N20,nominal,2.0NRT,287.72,3.77,D
48.34978,-120.83779,337.94,0.39,0.36,2026-08-30,2046,N20,nominal,2.0NRT,286.59,6.25,D
48.35388,-120.83397,329.8,0.39,0.36,2026-08-30,2046,N20,nominal,2.0NRT,287.52,3.77,D
48.35304,-120.83898,349.72,0.39,0.36,2026-08-30,2046,N20,nominal,2.0NRT,292.97,6.25,D
48.36144,-120.8093,335.04,0.39,0.36,2026-08-30,2046,N20,nominal,2.0NRT,287.83,11.14,D
48.36466,-120.8108,342.84,0.39,0.36,2026-08-30,2046,N20,nominal,2.0NRT,297.66,11.14,D
48.36382,-120.81588,349.51,0.39,0.36,2026-08-30,2046,N20,nominal,2.0NRT,290.02,11.14,D
48.35953,-120.84162,352.11,0.39,0.36,2026-08-30,2046,N20,nominal,2.0NRT,296.04,14.18,D
48.36617,-120.82256,333.4,0.39,0.36,2026-08-30,2046,N20,nominal,2.0NRT,290.42,5.42,D
48.36361,-120.83798,346.05,0.39,0.36,2026-08-30,2046,N20,nominal,2.0NRT,292.91,5.62,D
48.36276,-120.84303,325.35,0.39,0.36,2026-08-30,2046,N20,nominal,2.0NRT,288.09,2.74,D
48.36768,-120.83435,336.02,0.39,0.36,2026-08-30,2046,N20,nominal,2.0NRT,290.18,5.62,D
28.9364,-97.85879,333.59,0.73,0.76,2026-08-30,2042,N20,nominal,2.0NRT,292.68,7.25,D
28.93429,-97.86153,333.28,0.73,0.76,2026-08-30,2042,N20,nominal,2.0NRT,292.96,13.41,D
29.14305,-98.77431,367,0.65,0.73,2026-08-30,2042,N20,high,2.0NRT,297.67,24.94,D
28.74261,-106.15008,340.83,0.46,0.47,2026-08-30,2042,N20,nominal,2.0NRT,307.81,11.75,D
30.15059,-100.32183,345.43,0.53,0.67,2026-08-30,2042,N20,nominal,2.0NRT,304.25,4.15,D
30.15026,-100.32748,337.06,0.53,0.67,2026-08-30,2042,N20,nominal,2.0NRT,304.33,4.15,D
30.15648,-100.32798,331.26,0.53,0.67,2026-08-30,2042,N20,low,2.0NRT,305.88,4.15,D
30.17717,-100.2953,331.51,0.53,0.67,2026-08-30,2042,N20,low,2.0NRT,304.64,5.4,D
30.1765,-100.30653,334.86,0.53,0.67,2026-08-30,2042,N20,low,2.0NRT,306.51,9.33,D
30.17616,-100.31223,339.2,0.53,0.67,2026-08-30,2042,N20,nominal,2.0NRT,307.8,6.84,D
30.1834,-100.29568,349.19,0.53,0.67,2026-08-30,2042,N20,nominal,2.0NRT,307.18,5.4,D
30.15471,-100.33062,336.32,0.53,0.67,2026-08-30,2042,N20,nominal,2.0NRT,306.08,5.82,D
30.17459,-100.30923,332.59,0.53,0.67,2026-08-30,2042,N20,low,2.0NRT,306.16,4.27,D
30.18173,-100.29271,343.05,0.53,0.67,2026-08-30,2042,N20,nominal,2.0NRT,303.84,7.63,D
30.18143,-100.29839,332.86,0.53,0.67,2026-08-30,2042,N20,low,2.0NRT,306.92,5.41,D
30.18766,-100.29892,333.29,0.53,0.67,2026-08-30,2042,N20,low,2.0NRT,306.18,5.41,D
30.3169,-99.82381,330.26,0.57,0.69,2026-08-30,2044,N20,low,2.0NRT,304.53,5.86,D
30.49776,-109.63024,343.92,0.47,0.4,2026-08-30,2044,N20,nominal,2.0NRT,308.41,21,D
31.1562,-103.51318,345.16,0.35,0.57,2026-08-30,2044,N20,nominal,2.0NRT,314.98,7.4,D
31.47871,-97.59612,340.91,0.79,0.78,2026-08-30,2044,N20,nominal,2.0NRT,295.19,6.7,D
31.35303,-103.22216,345.13,0.36,0.58,2026-08-30,2044,N20,nominal,2.0NRT,311.43,11.44,D
31.46055,-101.59848,335.82,0.46,0.63,2026-08-30,2044,N20,low,2.0NRT,305.91,2.16,D
31.49655,-102.638,341.71,0.4,0.6,2026-08-30,2044,N20,nominal,2.0NRT,307.03,5.35,D
31.49644,-102.63794,342.69,0.4,0.6,2026-08-30,2044,N20,nominal,2.0NRT,307.48,7.04,D
31.62266,-101.81749,344.45,0.45,0.63,2026-08-30,2044,N20,nominal,2.0NRT,307.33,4.07,D
31.65853,-103.51601,339.67,0.35,0.57,2026-08-30,2044,N20,low,2.0NRT,312.95,2.07,D
31.84044,-101.79145,337.34,0.45,0.63,2026-08-30,2044,N20,nominal,2.0NRT,305.19,2.17,D
32.15348,-101.92651,337.84,0.44,0.63,2026-08-30,2044,N20,nominal,2.0NRT,307.11,1.87,D
32.53603,-101.67038,337.39,0.46,0.64,2026-08-30,2044,N20,low,2.0NRT,308.15,2.75,D
32.76176,-98.32999,331.31,0.73,0.76,2026-08-30,2044,N20,nominal,2.0NRT,297.95,9.6,D
32.7594,-98.33112,332.62,0.73,0.76,2026-08-30,2044,N20,nominal,2.0NRT,299.17,6.87,D
31.03695,-116.06771,353.04,0.42,0.38,2026-08-30,2044,N20,nominal,2.0NRT,317.2,23.41,D
32.56479,-103.77728,349.6,0.35,0.57,2026-08-30,2044,N20,nominal,2.0NRT,313.63,6.39,D
32.86324,-98.39052,367,0.72,0.76,2026-08-30,2044,N20,high,2.0NRT,302.36,23.85,D
32.863,-98.39792,351.04,0.72,0.76,2026-08-30,2044,N20,nominal,2.0NRT,302.98,23.85,D
32.87028,-98.39039,367,0.72,0.76,2026-08-30,2044,N20,high,2.0NRT,302.57,151.74,D
32.87003,-98.39783,207.93,0.72,0.76,2026-08-30,2044,N20,low,2.0NRT,323.41,151.74,D
32.86849,-98.38884,367,0.73,0.76,2026-08-30,2044,N20,high,2.0NRT,302.14,137.76,D
32.86809,-98.40336,336.4,0.72,0.76,2026-08-30,2044,N20,nominal,2.0NRT,302.18,143.17,D
32.86828,-98.39641,307.75,0.72,0.76,2026-08-30,2044,N20,low,2.0NRT,324.12,143.17,D
32.87532,-98.39638,367,0.72,0.76,2026-08-30,2044,N20,high,2.0NRT,300.32,21.78,D
32.69681,-103.78718,339.97,0.35,0.57,2026-08-30,2044,N20,low,2.0NRT,314.75,4.15,D
32.80907,-103.77044,342.94,0.35,0.57,2026-08-30,2044,N20,nominal,2.0NRT,311.72,2.61,D
33.47842,-97.93566,330.31,0.78,0.78,2026-08-30,2044,N20,nominal,2.0NRT,296.52,5.08,D
32.30357,-115.04724,338.59,0.39,0.36,2026-08-30,2044,N20,nominal,2.0NRT,305.7,7.55,D
33.4197,-110.86282,344.86,0.45,0.39,2026-08-30,2044,N20,nominal,2.0NRT,307.31,6.76,D
34.97059,-109.89535,344.97,0.51,0.41,2026-08-30,2044,N20,nominal,2.0NRT,309.73,11.03,D
34.33535,-118.52068,331.97,0.47,0.4,2026-08-30,2044,N20,low,2.0NRT,305.84,2.22,D
35.51494,-113.31478,337.25,0.4,0.37,2026-08-30,2044,N20,nominal,2.0NRT,310.88,1.75,D
36.72934,-99.97963,330.64,0.62,0.72,2026-08-30,2044,N20,low,2.0NRT,300.71,3.08,D
36.27205,-113.15762,350.06,0.4,0.37,2026-08-30,2044,N20,nominal,2.0NRT,303.03,22.96,D
36.27143,-113.16218,338.18,0.4,0.37,2026-08-30,2044,N20,nominal,2.0NRT,307.3,6.79,D
36.27081,-113.16669,344.56,0.4,0.37,2026-08-30,2044,N20,nominal,2.0NRT,310.03,6.79,D
36.27541,-113.15833,348.26,0.4,0.37,2026-08-30,2044,N20,nominal,2.0NRT,312.43,22.96,D
36.2794,-113.15446,342.89,0.4,0.37,2026-08-30,2044,N20,nominal,2.0NRT,303.42,7.91,D
36.28275,-113.15517,341.33,0.4,0.37,2026-08-30,2044,N20,nominal,2.0NRT,301.57,7.91,D
36.28213,-113.15971,339.02,0.4,0.37,2026-08-30,2044,N20,nominal,2.0NRT,300.96,7.91,D
35.16074,-120.6739,335.71,0.57,0.43,2026-08-30,2044,N20,nominal,2.0NRT,305.79,22.35,D
35.16465,-120.67493,332.88,0.57,0.43,2026-08-30,2044,N20,low,2.0NRT,304.79,22.35,D
35.16336,-120.68138,331.56,0.57,0.43,2026-08-30,2044,N20,low,2.0NRT,303.81,22.35,D
35.87392,-121.36264,367,0.4,0.44,2026-08-30,2046,N20,high,2.0NRT,330.13,96.47,D
35.87476,-121.35865,346.88,0.4,0.44,2026-08-30,2046,N20,nominal,2.0NRT,294.46,96.47,D
35.87305,-121.36686,347.53,0.4,0.44,2026-08-30,2046,N20,nominal,2.0NRT,297.98,40.12,D
35.87868,-121.36002,367,0.4,0.44,2026-08-30,2046,N20,high,2.0NRT,303.34,55.52,D
35.87788,-121.36388,367,0.4,0.44,2026-08-30,2046,N20,high,2.0NRT,342.21,55.52,D
35.87704,-121.36793,349.31,0.4,0.44,2026-08-30,2046,N20,nominal,2.0NRT,307.23,23.08,D
35.87613,-121.37232,334.3,0.4,0.44,2026-08-30,2046,N20,nominal,2.0NRT,297.43,23.08,D
35.87511,-121.37724,339.4,0.4,0.44,2026-08-30,2046,N20,nominal,2.0NRT,300.99,94.59,D
35.88262,-121.36133,345.99,0.4,0.44,2026-08-30,2046,N20,nominal,2.0NRT,302.58,55.52,D
35.88184,-121.3651,343.96,0.4,0.44,2026-08-30,2046,N20,nominal,2.0NRT,303.09,55.52,D
35.88102,-121.369,334.82,0.4,0.44,2026-08-30,2046,N20,nominal,2.0NRT,303.59,23.08,D
35.87709,-121.38802,347.73,0.4,0.44,2026-08-30,2046,N20,nominal,2.0NRT,302.38,4.86,D
35.87805,-121.38342,312.22,0.4,0.44,2026-08-30,2046,N20,low,2.0NRT,318.19,94.59,D
35.88657,-121.36256,348.75,0.4,0.44,2026-08-30,2046,N20,nominal,2.0NRT,297.1,36.67,D
35.88579,-121.36633,338.7,0.4,0.44,2026-08-30,2046,N20,nominal,2.0NRT,305.72,36.67,D
35.88302,-121.37971,345.54,0.4,0.44,2026-08-30,2046,N20,nominal,2.0NRT,304.83,14.24,D
35.88205,-121.38441,342.63,0.4,0.44,2026-08-30,2046,N20,nominal,2.0NRT,309.64,14.24,D
35.88112,-121.38891,336.08,0.4,0.44,2026-08-30,2046,N20,low,2.0NRT,308.07,8.59,D
35.88976,-121.36749,367,0.4,0.44,2026-08-30,2046,N20,high,2.0NRT,330.72,36.67,D
35.89055,-121.36364,345.39,0.4,0.44,2026-08-30,2046,N20,nominal,2.0NRT,296.17,36.67,D
35.8928,-121.37315,343.51,0.4,0.44,2026-08-30,2046,N20,nominal,2.0NRT,299.34,10.86,D
35.88733,-121.39964,334.42,0.4,0.44,2026-08-30,2046,N20,nominal,2.0NRT,300.11,2.39,D
35.89758,-121.37035,331.15,0.4,0.44,2026-08-30,2046,N20,nominal,2.0NRT,293.85,95.63,D
35.89662,-121.37502,341.61,0.4,0.44,2026-08-30,2046,N20,nominal,2.0NRT,302.21,10.86,D
35.89115,-121.40154,338.96,0.4,0.44,2026-08-30,2046,N20,nominal,2.0NRT,299.96,2.39,D
35.89486,-121.36812,344.33,0.4,0.44,2026-08-30,2046,N20,nominal,2.0NRT,293.37,23.37,D
35.89394,-121.37239,350.57,0.4,0.44,2026-08-30,2046,N20,nominal,2.0NRT,304.5,34.01,D
35.88831,-121.39884,343.45,0.4,0.44,2026-08-30,2046,N20,nominal,2.0NRT,301.06,8.47,D
35.90447,-121.36247,345.84,0.4,0.44,2026-08-30,2046,N20,nominal,2.0NRT,308.87,63.1,D
35.90638,-121.37332,342.21,0.4,0.44,2026-08-30,2046,N20,nominal,2.0NRT,308.7,97.03,D
35.89473,-121.44807,367,0.4,0.44,2026-08-30,2046,N20,high,2.0NRT,330.55,96.04,D
35.8957,-121.4435,349.91,0.4,0.44,2026-08-30,2046,N20,nominal,2.0NRT,302.46,96.04,D
35.89377,-121.45258,348.21,0.4,0.44,2026-08-30,2046,N20,nominal,2.0NRT,306.02,22.83,D
35.89273,-121.45748,343.75,0.4,0.44,2026-08-30,2046,N20,nominal,2.0NRT,299.07,22.83,D
35.89987,-121.44384,347.4,0.4,0.44,2026-08-30,2046,N20,nominal,2.0NRT,305.33,96.04,D
35.89775,-121.45378,344.19,0.4,0.44,2026-08-30,2046,N20,nominal,2.0NRT,304.44,22.83,D
35.89664,-121.45901,353.58,0.4,0.44,2026-08-30,2046,N20,nominal,2.0NRT,302.02,22.83,D
35.89883,-121.44872,367,0.4,0.44,2026-08-30,2046,N20,low,2.0NRT,325.44,96.04,D
35.93315,-121.38622,349.92,0.4,0.44,2026-08-30,2046,N20,nominal,2.0NRT,309.61,7.62,D
35.94212,-121.36357,335.22,0.4,0.44,2026-08-30,2046,N20,low,2.0NRT,308.54,5.84,D
35.94605,-121.36485,341.35,0.4,0.44,2026-08-30,2046,N20,nominal,2.0NRT,302.55,202.35,D
35.92553,-121.46251,350.09,0.4,0.44,2026-08-30,2046,N20,nominal,2.0NRT,295.26,6.57,D
35.94749,-121.37806,343.23,0.4,0.44,2026-08-30,2046,N20,nominal,2.0NRT,305.54,11.29,D
35.95417,-121.36625,341.32,0.4,0.44,2026-08-30,2046,N20,nominal,2.0NRT,296.25,27.87,D
35.95326,-121.37059,351.18,0.4,0.44,2026-08-30,2046,N20,nominal,2.0NRT,305.69,27.87,D
35.95142,-121.3794,342.54,0.4,0.44,2026-08-30,2046,N20,nominal,2.0NRT,311.69,54.02,D
35.94897,-121.39111,353.1,0.4,0.44,2026-08-30,2046,N20,nominal,2.0NRT,303.36,7.5,D
35.93948,-121.45654,338.08,0.4,0.44,2026-08-30,2046,N20,nominal,2.0NRT,292.61,17.04,D
35.95171,-121.41827,340.1,0.4,0.44,2026-08-30,2046,N20,nominal,2.0NRT,300.53,32.95,D
35.94637,-121.44382,342.62,0.4,0.44,2026-08-30,2046,N20,nominal,2.0NRT,294.05,18.58,D
35.95654,-121.41534,341.18,0.4,0.44,2026-08-30,2046,N20,nominal,2.0NRT,300.95,34.16,D
35.95474,-121.42392,336.43,0.4,0.44,2026-08-30,2046,N20,nominal,2.0NRT,306.15,32.95,D
35.9515,-121.43949,348.62,0.4,0.44,2026-08-30,2046,N20,nominal,2.0NRT,302.29,18.58,D
35.95042,-121.44466,352.56,0.4,0.44,2026-08-30,2046,N20,nominal,2.0NRT,308.05,18.58,D
35.96054,-121.41635,340.65,0.4,0.44,2026-08-30,2046,N20,nominal,2.0NRT,295.73,15.46,D
35.95875,-121.42492,351.9,0.4,0.44,2026-08-30,2046,N20,nominal,2.0NRT,312.05,97.72,D
35.95559,-121.44006,355.72,0.4,0.44,2026-08-30,2046,N20,nominal,2.0NRT,305.54,8.15,D
35.96083,-121.43515,348.11,0.4,0.44,2026-08-30,2046,N20,nominal,2.0NRT,320.8,50.51,D
35.95974,-121.44041,333.45,0.4,0.44,2026-08-30,2046,N20,nominal,2.0NRT,300.66,8.15,D
35.96185,-121.43027,367,0.4,0.44,2026-08-30,2046,N20,low,2.0NRT,328.51,50.51,D
35.96583,-121.43142,343.49,0.4,0.44,2026-08-30,2046,N20,nominal,2.0NRT,302.43,11.16,D
36.28255,-121.76655,336.56,0.41,0.45,2026-08-30,2046,N20,low,2.0NRT,310.87,5.59,D
36.28746,-121.76357,340.39,0.41,0.45,2026-08-30,2046,N20,nominal,2.0NRT,300.85,6.76,D
36.28472,-121.77643,340.35,0.41,0.45,2026-08-30,2046,N20,nominal,2.0NRT,301.08,18.25,D
36.28371,-121.78114,342.9,0.41,0.45,2026-08-30,2046,N20,nominal,2.0NRT,313.87,37.11,D
36.28963,-121.77344,355.86,0.41,0.45,2026-08-30,2046,N20,nominal,2.0NRT,303.31,18.25,D
36.2887,-121.77779,349.98,0.41,0.45,2026-08-30,2046,N20,nominal,2.0NRT,309.06,18.25,D
39.08968,-121.6266,339.02,0.53,0.42,2026-08-30,2046,N20,low,2.0NRT,313.1,14.14,D
41.58317,-117.64847,346.36,0.39,0.36,2026-08-30,2046,N20,nominal,2.0NRT,306.41,17.99,D
41.58245,-117.65293,354.08,0.39,0.36,2026-08-30,2046,N20,nominal,2.0NRT,311.42,27.61,D
41.58572,-117.65383,354.64,0.39,0.36,2026-08-30,2046,N20,nominal,2.0NRT,320.19,27.61,D
41.58499,-117.65834,353.08,0.39,0.36,2026-08-30,2046,N20,nominal,2.0NRT,306.56,27.61,D
42.68327,-111.58796,342.12,0.53,0.42,2026-08-30,2046,N20,nominal,2.0NRT,302.84,8.33,D
42.68708,-111.58873,331.16,0.53,0.42,2026-08-30,2046,N20,nominal,2.0NRT,300.92,8.33,D
43.47388,-116.60242,335.07,0.39,0.36,2026-08-30,2046,N20,nominal,2.0NRT,307.15,8.85,D
43.80865,-115.61709,348.88,0.4,0.37,2026-08-30,2046,N20,nominal,2.0NRT,309.86,6.53,D
43.81199,-115.61797,347.25,0.4,0.37,2026-08-30,2046,N20,nominal,2.0NRT,306.2,7.7,D
43.81598,-115.61407,353.52,0.4,0.37,2026-08-30,2046,N20,nominal,2.0NRT,310.91,11.18,D
43.81996,-115.6102,338.89,0.4,0.37,2026-08-30,2046,N20,low,2.0NRT,309.92,6.85,D
43.82394,-115.60632,345.42,0.4,0.37,2026-08-30,2046,N20,low,2.0NRT,317.99,9.6,D
43.82856,-115.59767,346.62,0.4,0.37,2026-08-30,2046,N20,nominal,2.0NRT,318.05,24.53,D
43.82792,-115.60248,349.48,0.4,0.37,2026-08-30,2046,N20,nominal,2.0NRT,311.1,18.58,D
43.8319,-115.59859,342.88,0.4,0.37,2026-08-30,2046,N20,nominal,2.0NRT,309.45,24.53,D
43.85201,-115.55199,336.01,0.4,0.37,2026-08-30,2046,N20,nominal,2.0NRT,301.72,5.46,D
43.41652,-123.52786,339.26,0.53,0.42,2026-08-30,2049,N20,nominal,2.0NRT,301.07,4.92,D
44.811,-118.24082,355.79,0.38,0.36,2026-08-30,2049,N20,nominal,2.0NRT,296.51,9.77,D
44.80952,-118.25037,351.02,0.38,0.36,2026-08-30,2049,N20,nominal,2.0NRT,299.24,14.28,D
44.80803,-118.25996,336.39,0.38,0.36,2026-08-30,2049,N20,nominal,2.0NRT,293.68,5.69,D
44.80729,-118.26474,334.67,0.38,0.36,2026-08-30,2049,N20,nominal,2.0NRT,294.99,5.69,D
44.80654,-118.26953,334.52,0.38,0.36,2026-08-30,2049,N20,nominal,2.0NRT,298.58,7.26,D
44.8083,-118.28007,367,0.38,0.36,2026-08-30,2049,N20,high,2.0NRT,333.87,93.32,D
44.80979,-118.2705,345.49,0.38,0.36,2026-08-30,2049,N20,nominal,2.0NRT,296.63,21.31,D
44.81155,-118.28107,367,0.38,0.36,2026-08-30,2049,N20,high,2.0NRT,338.62,93.32,D
44.82346,-118.20466,335.37,0.38,0.36,2026-08-30,2049,N20,nominal,2.0NRT,300.1,5.82,D
44.81528,-118.25714,336.37,0.38,0.36,2026-08-30,2049,N20,nominal,2.0NRT,290.74,4.02,D
44.81304,-118.2715,344.95,0.38,0.36,2026-08-30,2049,N20,nominal,2.0NRT,298.2,21.31,D
44.81229,-118.27627,345.66,0.38,0.36,2026-08-30,2049,N20,nominal,2.0NRT,301.98,21.31,D
44.81555,-118.27727,346,0.38,0.36,2026-08-30,2049,N20,nominal,2.0NRT,308.13,27.76,D
44.8148,-118.28204,355.88,0.38,0.36,2026-08-30,2049,N20,nominal,2.0NRT,300.42,7.99,D
44.81405,-118.28681,330.33,0.38,0.36,2026-08-30,2049,N20,nominal,2.0NRT,297.42,7.99,D
44.82995,-118.20663,345.83,0.38,0.36,2026-08-30,2049,N20,nominal,2.0NRT,309.25,168.6,D
44.82847,-118.21618,340.14,0.38,0.36,2026-08-30,2049,N20,nominal,2.0NRT,295.46,9.08,D
44.82624,-118.23049,355.58,0.38,0.36,2026-08-30,2049,N20,nominal,2.0NRT,300.74,25.52,D
44.8255,-118.23526,342.53,0.38,0.36,2026-08-30,2049,N20,nominal,2.0NRT,299.13,17.61,D
44.8188,-118.27825,347.95,0.38,0.36,2026-08-30,2049,N20,nominal,2.0NRT,297.11,27.76,D
44.81805,-118.28303,354.05,0.38,0.36,2026-08-30,2049,N20,nominal,2.0NRT,298.92,7.99,D
44.8173,-118.28781,347.58,0.38,0.36,2026-08-30,2049,N20,nominal,2.0NRT,301.05,7.99,D
44.83395,-118.20284,336.54,0.38,0.36,2026-08-30,2049,N20,nominal,2.0NRT,291.68,7.49,D
44.8332,-118.20761,351.39,0.38,0.36,2026-08-30,2049,N20,nominal,2.0NRT,299.94,9.07,D
44.83246,-118.21238,332.66,0.38,0.36,2026-08-30,2049,N20,nominal,2.0NRT,291.95,9.07,D
44.8213,-118.28403,352.41,0.38,0.36,2026-08-30,2049,N20,nominal,2.0NRT,296.85,5.68,D
44.82055,-118.2888,348.16,0.38,0.36,2026-08-30,2049,N20,nominal,2.0NRT,299.38,5.68,D
44.86273,-118.30471,333.49,0.38,0.36,2026-08-30,2049,N20,nominal,2.0NRT,299.28,3.44,D
45.60887,-113.14588,338.35,0.49,0.4,2026-08-30,2049,N20,nominal,2.0NRT,298.38,18.68,D
45.60821,-113.15191,354.18,0.49,0.4,2026-08-30,2049,N20,nominal,2.0NRT,304.79,18.68,D
45.71574,-114.64574,329.45,0.44,0.38,2026-08-30,2049,N20,nominal,2.0NRT,293.3,3.82,D
45.71856,-114.65217,344.5,0.44,0.38,2026-08-30,2049,N20,nominal,2.0NRT,296.45,15.82,D
45.72406,-114.63635,348.18,0.44,0.38,2026-08-30,2049,N20,nominal,2.0NRT,293.12,5.55,D
45.72755,-114.63722,345.34,0.44,0.38,2026-08-30,2049,N20,nominal,2.0NRT,296.86,13.3,D
45.43435,-118.32523,331.13,0.38,0.36,2026-08-30,2049,N20,nominal,2.0NRT,302.56,1.84,D
46.13322,-113.9082,337.89,0.47,0.39,2026-08-30,2049,N20,nominal,2.0NRT,295.68,12.96,D
46.15732,-113.92384,329.93,0.47,0.39,2026-08-30,2049,N20,nominal,2.0NRT,291.42,5.01,D
46.16032,-113.92995,349.2,0.47,0.39,2026-08-30,2049,N20,nominal,2.0NRT,288.15,11.57,D
45.59344,-118.20104,337.78,0.38,0.36,2026-08-30,2049,N20,nominal,2.0NRT,296.22,3.25,D
45.59373,-118.22144,349.83,0.38,0.36,2026-08-30,2049,N20,nominal,2.0NRT,303.48,7.23,D
45.0039,-121.8674,333.01,0.44,0.38,2026-08-30,2049,N20,nominal,2.0NRT,291.58,7.79,D
46.10589,-114.81927,348.17,0.44,0.38,2026-08-30,2049,N20,nominal,2.0NRT,292.28,5.95,D
46.10525,-114.82459,329.96,0.44,0.38,2026-08-30,2049,N20,nominal,2.0NRT,291.34,5.95,D
45.02353,-121.87994,340.74,0.44,0.38,2026-08-30,2049,N20,nominal,2.0NRT,292.97,5.81,D
46.08559,-115.07456,327.96,0.43,0.38,2026-08-30,2049,N20,nominal,2.0NRT,294.18,6.3,D
46.08491,-115.08002,335.69,0.43,0.38,2026-08-30,2049,N20,nominal,2.0NRT,300.44,6.3,D
45.00648,-122.00843,334.05,0.44,0.39,2026-08-30,2049,N20,nominal,2.0NRT,291.47,3.33,D
46.0857,-115.18884,333.88,0.43,0.38,2026-08-30,2049,N20,nominal,2.0NRT,296.64,7.66,D
46.09045,-115.17925,327.72,0.43,0.38,2026-08-30,2049,N20,nominal,2.0NRT,291.73,4.24,D
46.09592,-115.16387,349.11,0.43,0.38,2026-08-30,2049,N20,nominal,2.0NRT,297.5,9.21,D
46.09522,-115.16949,345.9,0.43,0.38,2026-08-30,2049,N20,nominal,2.0NRT,304.95,13.5,D
45.01828,-122.04332,336.05,0.44,0.39,2026-08-30,2049,N20,nominal,2.0NRT,295.74,3.53,D
46.12055,-115.05139,330.29,0.43,0.38,2026-08-30,2049,N20,nominal,2.0NRT,292.51,3.05,D
46.11989,-115.05676,335.34,0.43,0.38,2026-08-30,2049,N20,nominal,2.0NRT,293.27,3.05,D
45.02852,-122.04772,345.75,0.44,0.39,2026-08-30,2049,N20,nominal,2.0NRT,294.46,15.62,D
45.0309,-122.0546,333.21,0.44,0.39,2026-08-30,2049,N20,nominal,2.0NRT,293.76,6.05,D
45.04295,-122.01033,346.47,0.44,0.39,2026-08-30,2049,N20,nominal,2.0NRT,292.34,10.16,D
45.04303,-122.02942,354.32,0.44,0.39,2026-08-30,2049,N20,nominal,2.0NRT,295.83,8.65,D
45.04198,-122.03497,330.75,0.44,0.39,2026-08-30,2049,N20,nominal,2.0NRT,292.76,17.99,D
45.03991,-122.04596,330.12,0.44,0.39,2026-08-30,2049,N20,nominal,2.0NRT,295.28,29.27,D
45.04435,-122.04195,347.59,0.44,0.39,2026-08-30,2049,N20,nominal,2.0NRT,300.22,17.99,D
45.04121,-122.05857,347.34,0.44,0.39,2026-08-30,2049,N20,nominal,2.0NRT,296.04,13.41,D
45.04463,-122.06001,334.08,0.44,0.39,2026-08-30,2049,N20,low,2.0NRT,306.64,47.66,D
46.24927,-115.08742,334.16,0.43,0.38,2026-08-30,2049,N20,nominal,2.0NRT,292.09,5.73,D
46.25269,-115.08863,348.78,0.43,0.38,2026-08-30,2049,N20,nominal,2.0NRT,291.31,5.73,D
46.26199,-115.11063,337.65,0.43,0.38,2026-08-30,2049,N20,nominal,2.0NRT,303.67,8.46,D
46.27901,-115.02911,328.82,0.43,0.38,2026-08-30,2049,N20,nominal,2.0NRT,273.65,7.25,D
46.27838,-115.0343,330.31,0.43,0.38,2026-08-30,2049,N20,nominal,2.0NRT,275.75,7.25,D
46.27774,-115.03954,348.88,0.43,0.38,2026-08-30,2049,N20,nominal,2.0NRT,284.14,6.59,D
46.28375,-115.01947,343.81,0.43,0.38,2026-08-30,2049,N20,nominal,2.0NRT,275.58,4.3,D
46.2831,-115.02485,329.7,0.43,0.38,2026-08-30,2049,N20,nominal,2.0NRT,282.94,4.3,D
46.28246,-115.0301,355.45,0.43,0.38,2026-08-30,2049,N20,nominal,2.0NRT,290.83,7.25,D
46.28183,-115.03533,336.13,0.43,0.38,2026-08-30,2049,N20,nominal,2.0NRT,286.42,7.25,D
46.28119,-115.04057,338.92,0.43,0.38,2026-08-30,2049,N20,nominal,2.0NRT,287,6.59,D
46.275,-115.09162,337.76,0.43,0.38,2026-08-30,2049,N20,nominal,2.0NRT,291.84,6.12,D
46.28852,-115.00962,327.48,0.43,0.38,2026-08-30,2049,N20,nominal,2.0NRT,271.26,70.76,D
46.28787,-115.01499,347.85,0.43,0.38,2026-08-30,2049,N20,nominal,2.0NRT,297.91,70.76,D
46.28721,-115.02042,350.5,0.43,0.38,2026-08-30,2049,N20,nominal,2.0NRT,284.72,51.36,D
46.28527,-115.03637,351.19,0.43,0.38,2026-08-30,2049,N20,nominal,2.0NRT,288,14.27,D
46.28465,-115.04152,328.87,0.43,0.38,2026-08-30,2049,N20,nominal,2.0NRT,280.4,5.62,D
46.27908,-115.08738,327.48,0.43,0.38,2026-08-30,2049,N20,nominal,2.0NRT,290.15,2.51,D
46.29132,-115.01598,367,0.43,0.38,2026-08-30,2049,N20,high,2.0NRT,332.63,70.76,D
46.29198,-115.01052,340.76,0.43,0.38,2026-08-30,2049,N20,nominal,2.0NRT,267.99,70.76,D
46.29,-115.0269,341.95,0.43,0.38,2026-08-30,2049,N20,nominal,2.0NRT,280.97,51.36,D
46.29478,-115.01701,351.79,0.43,0.38,2026-08-30,2049,N20,nominal,2.0NRT,273.27,17.42,D
46.2941,-115.02261,343.26,0.43,0.38,2026-08-30,2049,N20,nominal,2.0NRT,285.58,29.32,D
46.28741,-115.07761,333.87,0.43,0.38,2026-08-30,2049,N20,nominal,2.0NRT,288.33,3.27,D
19.40232,-155.27849,367,0.44,0.46,2026-08-31,0001,N20,high,2.0NRT,336.13,16.87,D
19.40181,-155.28265,367,0.44,0.46,2026-08-31,0001,N20,high,2.0NRT,342.17,16.87,D
19.40282,-155.27435,351.99,0.44,0.46,2026-08-31,0001,N20,low,2.0NRT,327.92,14.99,D
19.4013,-155.28683,367,0.44,0.46,2026-08-31,0001,N20,low,2.0NRT,327.64,10.35,D
19.40705,-155.27487,367,0.44,0.46,2026-08-31,0001,N20,high,2.0NRT,332.71,14.07,D
19.40755,-155.27074,367,0.44,0.46,2026-08-31,0001,N20,low,2.0NRT,325.98,14.07,D
19.41179,-155.27127,353.55,0.44,0.46,2026-08-31,0001,N20,low,2.0NRT,335.18,14.07,D
19.41128,-155.27545,353.64,0.44,0.46,2026-08-31,0001,N20,low,2.0NRT,340.12,14.07,D
20.48546,-74.9674,304.84,0.72,0.75,2026-08-31,0548,N20,nominal,2.0NRT,291.24,2.71,N
20.47842,-74.96726,305.65,0.72,0.75,2026-08-31,0548,N20,nominal,2.0NRT,291.51,4.41,N
20.47194,-74.97443,330.1,0.72,0.75,2026-08-31,0548,N20,nominal,2.0NRT,292.34,5.38,N
20.47259,-74.98282,304.71,0.72,0.75,2026-08-31,0548,N20,nominal,2.0NRT,291.73,5.38,N
20.47141,-74.96763,316.41,0.72,0.75,2026-08-31,0548,N20,nominal,2.0NRT,290.73,4.41,N
20.46479,-74.97295,317.06,0.72,0.75,2026-08-31,0548,N20,nominal,2.0NRT,291.3,4.07,N
48.19072,-64.923,297.19,0.33,0.55,2026-08-31,0540,N20,nominal,2.0NRT,282.85,0.3,N
20.4643,-74.96656,309.86,0.72,0.75,2026-08-31,0548,N20,nominal,2.0NRT,290.63,4.59,N
48.1856,-64.92396,296.6,0.33,0.55,2026-08-31,0540,N20,nominal,2.0NRT,284.01,0.62,N
45.27993,-66.01527,304.55,0.35,0.57,2026-08-31,0540,N20,nominal,2.0NRT,286.43,1.12,N
