{"type": "FeatureCollection", "features": [{"type": "Feature", "geometry": {"type": "LineString", "coordinates": [[-121.77067802414959, 36.867620710552586], [-121.77043823056259, 36.8685599249942], [-121.77039130257215, 36.86880274132545], [-121.77032637414004, 36.86913868729034], [-121.77024990145823, 36.86986837818699], [-121.77018010415726, 36.870534342653194], [-121.7701739354262, 36.871198433568516], [-121.77039793573222, 36.872860435034696], [-121.77046993570222, 36.87354843355161], [-121.77061780199126, 36.87410257647475], [-121.77077893639704, 36.87470643581131], [-121.77097230235519, 36.87560172720095]]}, "properties": {"County": "MON", "Route": 1, "bPM": 100.882, "ePM": 101.443}}, {"type": "Feature", "geometry": {"type": "LineString", "coordinates": [[-121.76618329464233, 36.77172563604893], [-121.7663698432858, 36.771866073153696], [-121.76638492420281, 36.77187742586191], [-121.76640554952175, 36.771890912822435], [-121.76640572469321, 36.77189102795416], [-121.76711412893975, 36.77235428702059], [-121.76926612944112, 36.773821287377224], [-121.77140212915064, 36.77530328727944], [-121.77186413000634, 36.77561328726832], [-121.77254312969865, 36.77609228594896], [-121.77298513046287, 36.77641928669698], [-121.77363112964491, 36.776924286889475], [-121.7736884089224, 36.77697242027854], [-121.77777989817332, 36.780410568150266], [-121.77779681794172, 36.780425194725446], [-121.77816013077856, 36.78073928732524], [-121.77871813009708, 36.78124628728512], [-121.77908013229197, 36.78159128619594], [-121.7796121316712, 36.782120287169406], [-121.77976313128394, 36.78229728840848], [-121.78004113201662, 36.7826652862699], [-121.78016613169008, 36.7828552870782], [-121.7803371313943, 36.783147287106836], [-121.78052913191324, 36.78354928706552], [-121.78184913076478, 36.78670428700762], [-121.78304913355898, 36.78966428668145], [-121.78334513293665, 36.79033728758917], [-121.78359518708083, 36.791011943665126], [-121.78365613328128, 36.79140328776701], [-121.78369543457497, 36.791921101471324], [-121.78369613076929, 36.79193028801843], [-121.7837031313403, 36.79217328797663], [-121.7836911334414, 36.79255828769709], [-121.78316813338463, 36.79883928820617], [-121.78316413408501, 36.799294288487026], [-121.78318913419935, 36.79963528804165], [-121.78321957001951, 36.799839777566554], [-121.78322113398643, 36.79985028957292], [-121.7832393230743, 36.799952158277314], [-121.78334914660934, 36.8005672331976], [-121.7837691341575, 36.80291928846902], [-121.78380613396742, 36.803269288759694], [-121.78381813456132, 36.80350328840703], [-121.7838191343862, 36.80373728877787], [-121.78379870220509, 36.804076182664446], [-121.78379749217439, 36.8040962567946], [-121.7837271343247, 36.80526328915827], [-121.78370513458341, 36.80621128927631], [-121.7837251346749, 36.80657128788523], [-121.78376513485784, 36.80693028864851], [-121.78383113498008, 36.80728628921372], [-121.78395409188458, 36.80779358892153], [-121.78397413599355, 36.807876288792826], [-121.7841071351646, 36.80848528802982], [-121.78429553703252, 36.80893048405996], [-121.78500513514007, 36.81060728924789], [-121.7852731367253, 36.81126929004942], [-121.7853801350588, 36.81158328712653], [-121.78543713585854, 36.8117942880144], [-121.78550213525754, 36.812117289422886], [-121.78564913557064, 36.8138602892793], [-121.78588185582308, 36.81693857974695], [-121.78588274156195, 36.81695028463329], [-121.78599213660061, 36.81839728993671], [-121.7859831363798, 36.81876028971782], [-121.78595013676781, 36.81903028988271], [-121.78586713602884, 36.81938728914185], [-121.78578713476459, 36.81964028770727], [-121.78572013661406, 36.81980629027957], [-121.78560013516685, 36.820049288803766], [-121.78545813757154, 36.82028529097034], [-121.78535313619295, 36.820438288347816], [-121.78510213702107, 36.820740290381394], [-121.78470913755899, 36.82112228946543], [-121.7844271375267, 36.82135528892121], [-121.78412013648173, 36.82156528992155], [-121.78378913604563, 36.821751290223666], [-121.7834371356931, 36.821911290175926], [-121.78004900395345, 36.82334438581201], [-121.78004886920617, 36.8233444433392], [-121.7785811379146, 36.82397529113681], [-121.77829213461631, 36.82410829063956], [-121.77786913591534, 36.82431929007927], [-121.77745713528839, 36.824544292276066], [-121.77691513496505, 36.824894290063746], [-121.77652613659926, 36.82517329079408], [-121.77615313543205, 36.82546429106738], [-121.7755661349029, 36.8259512911814], [-121.77254013561384, 36.82850729165979], [-121.7722091351777, 36.82880829186616], [-121.77205613501685, 36.82896729198216], [-121.7719111361502, 36.829130291762525], [-121.77165013513599, 36.829473292521776], [-121.7714261357283, 36.82983229157717], [-121.7713281349207, 36.830017291750536], [-121.77116513561239, 36.83039329316516], [-121.77107613502562, 36.8306242921158], [-121.7709946892704, 36.830972957793016], [-121.77099328250864, 36.83097898172748], [-121.77097513564162, 36.83146329214244], [-121.77096813507059, 36.831943291188914], [-121.77098613551225, 36.83576229328144], [-121.77097575008926, 36.83814565451461], [-121.77097538537325, 36.83822936334974], [-121.770975182354, 36.83827586861801], [-121.7709751365399, 36.838286292667384], [-121.77113513637347, 36.84591929323574], [-121.7710990735064, 36.85287456317999], [-121.77112945632595, 36.85296021321566], [-121.77113017407987, 36.8537326599953], [-121.77109440496187, 36.85381587807614], [-121.7710899762675, 36.85483332110151], [-121.7710794893349, 36.855847927198866], [-121.77106613947147, 36.86060329332955], [-121.77102890609957, 36.86533366489469], [-121.77104248593172, 36.865695258978356], [-121.77092059173418, 36.866591159059844], [-121.77080479709744, 36.8671396713012], [-121.77069814281867, 36.867541911540044], [-121.77067802414959, 36.867620710552586]]}, "properties": {"County": "MON", "Route": 1, "bPM": 93.695, "ePM": 100.882}}, {"type": "Feature", "geometry": {"type": "LineString", "coordinates": [[-121.7656971111392, 36.75721130809264], [-121.76569892304116, 36.75731042517331], [-121.76579292275245, 36.758691423884805], [-121.76583892278322, 36.75917942512153], [-121.76581445087825, 36.76003903317328], [-121.76578698938002, 36.76064014789953], [-121.76575792259237, 36.76106342433147], [-121.7655969229339, 36.76275642537804], [-121.76529192333537, 36.76567942534555], [-121.76515992488751, 36.76671342439673], [-121.76510990938746, 36.767611043624825], [-121.76506520742227, 36.76842231194424], [-121.76518192373051, 36.770020425114204], [-121.7652159240657, 36.77024042598089], [-121.76529792497979, 36.77053042612609], [-121.76543327324534, 36.77082735404064], [-121.76554392323044, 36.771012424119526], [-121.76572692352856, 36.77126742534815], [-121.76583092508224, 36.77139042576455], [-121.76593892324065, 36.771508427084235], [-121.76611792423911, 36.77167642503971], [-121.76618329464233, 36.77172563604893]]}, "properties": {"County": "MON", "Route": 1, "bPM": 91.261, "ePM": 92.288}}, {"type": "Feature", "geometry": {"type": "LineString", "coordinates": [[-121.81731338120169, 36.6457439058378], [-121.81719191909379, 36.64582741034705], [-121.81683891801805, 36.64610541065498], [-121.81652991732327, 36.64637941052107], [-121.81632091888251, 36.64658441156421], [-121.81606091859152, 36.64688241052887], [-121.81594298057449, 36.64704131799696], [-121.81587092041734, 36.64713841069714], [-121.8156855368888, 36.647429833652744], [-121.81564035342663, 36.64750086250654], [-121.8156394829591, 36.64750223046902], [-121.81554391748426, 36.64766541063102], [-121.81538791874696, 36.6479714120532], [-121.81529191758916, 36.64818941087391], [-121.8151719188369, 36.64850541105757], [-121.81508391897334, 36.64879341115392], [-121.81500691898046, 36.64911741321815], [-121.8149719924822, 36.64943246112543], [-121.81496036019759, 36.649723300267155], [-121.8149669196958, 36.65008441091324], [-121.81499991930775, 36.65048241235132], [-121.81504991773984, 36.65077541109404], [-121.81511091873753, 36.6510344108721], [-121.81522691908847, 36.65138441078543], [-121.81538491927223, 36.651779412442195], [-121.8156776856132, 36.652430158982966], [-121.81604491959631, 36.653246412033575], [-121.81619591920905, 36.65364341195729], [-121.81640091924844, 36.65426641259419], [-121.81654891848812, 36.65480741250174], [-121.81659169805862, 36.654999911290176], [-121.81665091949371, 36.65526641124627], [-121.81672049760573, 36.65568807047051], [-121.81673391933438, 36.655769412301815], [-121.81678791976107, 36.656228410356], [-121.81683191924368, 36.65691841279049], [-121.816831920142, 36.65756341127564], [-121.8165233200958, 36.66142489217553], [-121.81652261312168, 36.66143374485165], [-121.81646792009391, 36.6620464131404], [-121.81642692008604, 36.662321412684655], [-121.81636292051193, 36.662640413087026], [-121.8163199190576, 36.662815411363724], [-121.81578792057665, 36.66462641248774], [-121.81557692068948, 36.665201413347894], [-121.81532792026913, 36.66576641347377], [-121.81501991939925, 36.66636141367542], [-121.81464552045342, 36.666989617571716], [-121.81379992100514, 36.66840841338773], [-121.81316253576834, 36.66955076565269], [-121.81315845023042, 36.669558086983265], [-121.81202792044536, 36.67149541440053], [-121.81153185906736, 36.67232247896737], [-121.81146292055584, 36.67243741408912], [-121.8112549210417, 36.672747414554685], [-121.81097892085714, 36.67310441411292], [-121.81061191953775, 36.67352541363917], [-121.81008492287629, 36.674071413849965], [-121.80974392059781, 36.67444941449723], [-121.80941992073272, 36.67483741431285], [-121.80910392036522, 36.67525441290252], [-121.80905527210102, 36.6753256624899], [-121.8086949210096, 36.675853414743116], [-121.80869137086763, 36.675859986902154], [-121.80843992074149, 36.67632541493977], [-121.80825492079357, 36.67672641473815], [-121.80811092085351, 36.677081414563595], [-121.80798991958137, 36.67744241489195], [-121.80791292048681, 36.67771641418398], [-121.8078909854242, 36.677810363037274], [-121.80778437785786, 36.67826695519347], [-121.80776092194746, 36.67836741408095], [-121.80770792044738, 36.67902641476123], [-121.80769592075183, 36.67937241431665], [-121.80771894457257, 36.67975642185833], [-121.80772392123923, 36.679839415429896], [-121.80780992145297, 36.680490413930976], [-121.80788392107281, 36.68085941516996], [-121.80798692100498, 36.68127141524469], [-121.80852313617783, 36.68306741758841], [-121.80856792258466, 36.68321741460389], [-121.80857176647574, 36.683230805482246], [-121.80864239202339, 36.68347686353753], [-121.80878492231962, 36.68397341421455], [-121.80892392403342, 36.68460341577791], [-121.80904392278572, 36.68537441529657], [-121.80909892213899, 36.68596641477717], [-121.80912392225335, 36.686605413320144], [-121.8091079223598, 36.68733641607084], [-121.8090789220475, 36.68774641558313], [-121.80903392184163, 36.68815641507071], [-121.80894292250336, 36.688745416638795], [-121.80880592223603, 36.68939141619211], [-121.80864892187718, 36.68997141628134], [-121.80841392259886, 36.6906764160943], [-121.80822492245296, 36.69115541482568], [-121.8078829221462, 36.691886417544424], [-121.80760092211389, 36.692435415054184], [-121.80730292218809, 36.6929784163596], [-121.806919362223, 36.69368836808125], [-121.80666823908362, 36.694084077495916], [-121.80660287856188, 36.69418150342238], [-121.80626492067391, 36.69468525061975], [-121.80516074745928, 36.69670319195655], [-121.80505889018416, 36.69688933754943], [-121.80505392250063, 36.69689841663372], [-121.80495392473816, 36.69707350985913], [-121.80347893865233, 36.69965635510456], [-121.80099392279368, 36.70400741741128], [-121.79693892400789, 36.71115241740972], [-121.79657286052961, 36.7118314168964], [-121.796435922246, 36.71208541796113], [-121.79641692197943, 36.712129418139625], [-121.79625992341725, 36.71242541770345], [-121.79617179958619, 36.71260788784823], [-121.79573592263728, 36.71351041898773], [-121.79529792207103, 36.71450641939922], [-121.79395092255703, 36.71814041723816], [-121.79337092259888, 36.71962141835935], [-121.79286092206264, 36.72070942000495], [-121.79247992319445, 36.72149041960292], [-121.79204592282619, 36.72224542002256], [-121.79154192303602, 36.72303341926882], [-121.79137492263145, 36.72327642013385], [-121.79110192281996, 36.72366042008446], [-121.79105700346251, 36.72372017282227], [-121.79078092332792, 36.72408741925452], [-121.78966479533348, 36.72546788761492], [-121.78965885926608, 36.72547522954244], [-121.7890289219613, 36.72631842043936], [-121.7884089227185, 36.727016419726326], [-121.78775192276748, 36.727684420861756], [-121.78711773553307, 36.72826550860201], [-121.7869159227163, 36.72845042073479], [-121.78610492277949, 36.72921342075696], [-121.7852839227969, 36.72996742081738], [-121.78367217180237, 36.731463490714454], [-121.78301292246987, 36.7320754211754], [-121.78196481850202, 36.733055084501686], [-121.77959792122172, 36.73526742119988], [-121.77918192219343, 36.73567742132006], [-121.7787229217108, 36.73615342192248], [-121.77798092226926, 36.73706542096631], [-121.77660992246582, 36.738953421533736], [-121.7759129223318, 36.73989342278434], [-121.77454292325157, 36.741790423974585], [-121.77337292239122, 36.74337842185121], [-121.77335088941227, 36.74340808935833], [-121.7724609221721, 36.744606422037165], [-121.77177492280705, 36.74555742345133], [-121.77151677933375, 36.74592619942044], [-121.7715086953945, 36.745937747439854], [-121.77142492300268, 36.74605742334328], [-121.77072057285301, 36.74698114841488], [-121.77064792429937, 36.74707642343202], [-121.76878692225449, 36.74961342401414], [-121.76806092270648, 36.750555423073344], [-121.76726166375043, 36.75176563393805], [-121.76686092260725, 36.752372423999155], [-121.766773752787, 36.75252558510586], [-121.7665769220268, 36.752871423654454], [-121.76640902061199, 36.75321986541341], [-121.76639092225398, 36.7532574247516], [-121.76627892210097, 36.753516422748824], [-121.76618507150997, 36.75377102224105], [-121.7660839221073, 36.75404542383363], [-121.76591992387239, 36.75461042387809], [-121.76581992251667, 36.75504742431205], [-121.76574292252374, 36.755488423939234], [-121.7656909226452, 36.755931424739806], [-121.76568092259947, 36.756325423794685], [-121.7656971111392, 36.75721130809264]]}, "properties": {"County": "MON", "Route": 1, "bPM": 82.739, "ePM": 91.261}}, {"type": "Feature", "geometry": {"type": "LineString", "coordinates": [[-121.64848981341423, 36.137011257585286], [-121.65177846661764, 36.14019554018729], [-121.65304667579642, 36.141474725792364], [-121.65305483519414, 36.14148014850357], [-121.65372176871558, 36.141923533493255], [-121.65393707961785, 36.14214436286281], [-121.65412175347733, 36.14252825324211], [-121.65456804639193, 36.142962238682294], [-121.65486104449828, 36.14322223836746], [-121.65675304560696, 36.145053238317566], [-121.6569729522902, 36.14526153972948], [-121.65717282833924, 36.1454899685202], [-121.6573203550651, 36.14567080774957], [-121.65750595329098, 36.146037244334245], [-121.65760113159196, 36.14631326157747], [-121.65768679224253, 36.146584520682374], [-121.65781052439311, 36.1468034305877], [-121.65793901491979, 36.1469795110966], [-121.65813413169441, 36.14719842280114], [-121.65851960327441, 36.14747919742374], [-121.65909067487696, 36.147821840828485], [-121.65959036095713, 36.14807406496032], [-121.66046600276347, 36.14835484080064], [-121.66082768066654, 36.148530920002955], [-121.66119887711835, 36.14876886567406], [-121.66245999140301, 36.149730169600424], [-121.66285498243006, 36.150068052018746], [-121.6633118386341, 36.150534425985775], [-121.66384008125883, 36.15117688059653], [-121.66501077561857, 36.15268070089647], [-121.665343899672, 36.1530614134989], [-121.66571985270323, 36.153427851821895], [-121.6657434011401, 36.15344788994601], [-121.66594352422582, 36.15361820799116], [-121.66629871000434, 36.15392896658706], [-121.66671226561506, 36.1541705936076], [-121.66859424332182, 36.155245757982385], [-121.67004571510674, 36.15618802581062], [-121.6702693848327, 36.15644500644198], [-121.670426429209, 36.15670198913232], [-121.67049305455868, 36.15694469411228], [-121.67050257220913, 36.15717788166574], [-121.6704692599834, 36.157453898867544], [-121.670393116085, 36.15768232696214], [-121.67035504548325, 36.15796786186976], [-121.67038359933288, 36.15822960328287], [-121.67047401835949, 36.15857700475277], [-121.6706120274349, 36.15885778070492], [-121.67062364175322, 36.15886905526823], [-121.67077383018726, 36.159014825180584], [-121.67120689271434, 36.15929084316848], [-121.67159236519267, 36.15947168176288], [-121.67208729559171, 36.159676314138885], [-121.67236806942365, 36.159857154745254], [-121.67252035542388, 36.16000944014114], [-121.67262029210092, 36.16022359177191], [-121.67270595275146, 36.16053292079186], [-121.67272498895068, 36.1608850821357], [-121.67276781972508, 36.161227724263455], [-121.67283444507476, 36.16148470578302], [-121.6729676939775, 36.16169885628499], [-121.67320563972994, 36.16192252737923], [-121.67338647957978, 36.16210336643056], [-121.67351021352702, 36.162312758304296], [-121.67371960453156, 36.16298852639203], [-121.67381478103589, 36.163269301049795], [-121.67383256767853, 36.16330555385091], [-121.67393851498313, 36.16352152408874], [-121.6741003186338, 36.16374519433397], [-121.67430495126226, 36.16394982715901], [-121.67474277216543, 36.164268676147955], [-121.67524721841828, 36.164601801492005], [-121.67567076239663, 36.164896854496725], [-121.67583732442336, 36.16502058511225], [-121.67596105747229, 36.16512052226806], [-121.6782215457139, 36.16754281400766], [-121.67848804531597, 36.16779027901828], [-121.67865361021272, 36.16789811444336], [-121.67883088195427, 36.16799794422662], [-121.67896150238644, 36.168064189134654], [-121.67915930063225, 36.16814256150166], [-121.67943605989318, 36.168220077330325], [-121.68002704894221, 36.16830622946756], [-121.68023644174335, 36.168330023940456], [-121.68058384451824, 36.1684323413245], [-121.68121678039942, 36.16863459342588], [-121.68194489547994, 36.16885112478419], [-121.6821828412324, 36.16892964937983], [-121.68236605892281, 36.16901055034984], [-121.68248741233451, 36.16907955375381], [-121.68258021099831, 36.169155697320896], [-121.6829680631138, 36.16950309823441], [-121.68310369345035, 36.16961255281892], [-121.68324408126466, 36.1696863172602], [-121.68336781341524, 36.16973390536082], [-121.68350582069402, 36.169764838118354], [-121.68369617909262, 36.169779114827335], [-121.68423869594722, 36.16973866402425], [-121.68443619146076, 36.16973152602897], [-121.68461703041228, 36.1697695967799], [-121.68476344592213, 36.169820567088834], [-121.68494063681527, 36.16991236519438], [-121.68505961058983, 36.17002419998072], [-121.68537607897959, 36.17040967401098], [-121.68550932878061, 36.17053340390092], [-121.68569016773216, 36.170666653710725], [-121.68595190985647, 36.170828457057326], [-121.686273135724, 36.17100453728081], [-121.68643493937465, 36.17111637268411], [-121.68691083177788, 36.17152801919858], [-121.68712974043284, 36.171661268767544], [-121.68733199611906, 36.17176596469849], [-121.68760801337157, 36.1718777997403], [-121.68782216544712, 36.17193728573618], [-121.68806011119955, 36.171982494656795], [-121.6883789592265, 36.17199201316064], [-121.68870970364276, 36.171992013885806], [-121.68896668649269, 36.17200629091418], [-121.6891213512318, 36.17203960203665], [-121.68928553362133, 36.172094330114774], [-121.68942116305956, 36.17216571513763], [-121.68956630924994, 36.17227278964941], [-121.68967338483853, 36.17238700466953], [-121.69003506453821, 36.17279865176113], [-121.69015403741444, 36.17289858987671], [-121.69027538992783, 36.1729771096918], [-121.69043243520247, 36.17304135621674], [-121.69062825805293, 36.173085874878964], [-121.69197505544604, 36.173334237528486], [-121.69225034236821, 36.17342920912888], [-121.69245973516935, 36.173567217521786], [-121.69257395146617, 36.17368618980415], [-121.69264295285976, 36.17380040493968], [-121.69277382392194, 36.17410497491995], [-121.69286186420966, 36.17423822518309], [-121.69300225202394, 36.1743714752196], [-121.69314026109934, 36.174454755561584], [-121.69328778872352, 36.17451662168847], [-121.69383982322857, 36.17470697886293], [-121.69403018072886, 36.1748235716879], [-121.69412297849432, 36.17494254568844], [-121.69416104999438, 36.17504010407456], [-121.69418722600345, 36.17517573191407], [-121.69416580837043, 36.17535657156874], [-121.69411822101658, 36.17546126763851], [-121.6940825282554, 36.175556446948924], [-121.69396831465355, 36.17570397399903], [-121.69347405529601, 36.176101238920616], [-121.69338536462801, 36.17621023616216], [-121.69333453884755, 36.17631818399771], [-121.69330421621515, 36.176424312350804], [-121.69329477761644, 36.17648055214757], [-121.69329663533243, 36.17653802026055], [-121.69331937528555, 36.17662898675959], [-121.69334211883191, 36.17670479378675], [-121.69341605467137, 36.176826238312835], [-121.69346782637783, 36.176900352722285], [-121.69354794172811, 36.17698367315838], [-121.69362105650741, 36.17702623901493], [-121.69376205607443, 36.17709323911423], [-121.69396762025582, 36.17715399373], [-121.69406985392506, 36.17715962788322], [-121.6943730811475, 36.17712930496714], [-121.69507049181159, 36.176947372300106], [-121.69523726404411, 36.176924631865326], [-121.69536494698532, 36.1769227857139], [-121.69551876820637, 36.176942012226256], [-121.69567863239433, 36.17699438822416], [-121.69573347364411, 36.17702533261811], [-121.6960161195651, 36.177150311589436], [-121.69612648478427, 36.17716734094414], [-121.69643819479798, 36.17717209988125], [-121.69692360485163, 36.17713164999393], [-121.69718534607767, 36.17709120008566], [-121.69765110368785, 36.17687471614917], [-121.69787222040179, 36.17679139704742], [-121.69797156149579, 36.1767785791067], [-121.69808051995324, 36.17677216904782], [-121.6981894748174, 36.176791395597206], [-121.69827282140778, 36.17681694953393], [-121.69842020530152, 36.17689394339852], [-121.69847788792254, 36.176951625843266], [-121.69853877573249, 36.17702212759883], [-121.69859325316459, 36.17710544790543], [-121.69862905641854, 36.17723523789063], [-121.69863353092698, 36.17745798073572], [-121.69861889018448, 36.17779122912191], [-121.69862529966402, 36.17797389073908], [-121.69866318161957, 36.178090530185415], [-121.69875588955351, 36.17828257107432], [-121.69913334905948, 36.17899113403623], [-121.69941779250937, 36.179516431893155], [-121.6995960757539, 36.17976739971833], [-121.69973387372524, 36.17998531206544], [-121.69994124262203, 36.180348661108205], [-121.69994600099811, 36.1804985682911], [-121.6999191997616, 36.18074291078673], [-121.69988826627481, 36.180938026769425], [-121.69987161240775, 36.1810974509474], [-121.6998746478151, 36.18130445007415], [-121.6999180301551, 36.181625977216065], [-121.69994786500233, 36.18201080396571], [-121.6999702968333, 36.182171034413344], [-121.70000234333273, 36.182305626836964], [-121.70004079841341, 36.18239856027375], [-121.70009848103443, 36.18251712906053], [-121.7002298695262, 36.18270940417053], [-121.70029716591739, 36.18278311132901], [-121.70054100641474, 36.18308009125167], [-121.70072264935847, 36.1832292681477], [-121.70088157929852, 36.18340806412552], [-121.70100605615251, 36.183643239361665], [-121.70133915505312, 36.18414449304518], [-121.70163697801087, 36.18459265919185], [-121.70175234235457, 36.18473366121293], [-121.70185488953581, 36.18483941346843], [-121.70194782294692, 36.18492273126152], [-121.70329533809391, 36.18580562441585], [-121.70382525787329, 36.18610943501942], [-121.70460179663917, 36.186429671460566], [-121.70479933706847, 36.18653293095007], [-121.70554909166584, 36.18708065616943], [-121.70559406941379, 36.18712215945488], [-121.70588073170241, 36.18740699041973], [-121.70592559446602, 36.18750312529482], [-121.70594482380301, 36.18759285522853], [-121.70595764096548, 36.18815365809763], [-121.70598648137765, 36.188285047283244], [-121.70602493645836, 36.18839208019056], [-121.70606339064072, 36.18845168632538], [-121.7062973281104, 36.18875099523482], [-121.70650883015583, 36.18899133895208], [-121.7066145816277, 36.18918041032303], [-121.70677801661893, 36.189542529161656], [-121.70684210871948, 36.18967071369041], [-121.70693696362699, 36.189786077121965], [-121.70715808213754, 36.19000206718045], [-121.70731190246026, 36.19017351436615], [-121.70775122714323, 36.190698539313], [-121.70785668306937, 36.19078398741915], [-121.70796563973018, 36.19085769422913], [-121.70809382303302, 36.1909163386021], [-121.70824730918245, 36.1910000327244], [-121.7084454577712, 36.191113365683925], [-121.7086056884718, 36.19119348033824], [-121.70872159988954, 36.19126507342966], [-121.70884218614005, 36.191329034538235], [-121.70905648014936, 36.19154880402767], [-121.70929786734767, 36.19187549447463], [-121.70942159859995, 36.19199208857239], [-121.70957864207793, 36.19210154436435], [-121.70977269794224, 36.19217222315424], [-121.71011058216838, 36.192238848536014], [-121.71038184104482, 36.19233402558675], [-121.71053421148669, 36.19242212024186], [-121.7106239379122, 36.192486211625685], [-121.71070085076853, 36.19255991828346], [-121.71078306099007, 36.192680238446165], [-121.71084826071338, 36.192806671382954], [-121.71088030811114, 36.192970106586635], [-121.71089580404978, 36.19316207909848], [-121.71089342531093, 36.193521377536804], [-121.71087200947454, 36.19398061382228], [-121.71087069434098, 36.19411446534298], [-121.7108450573211, 36.19427469567851], [-121.71080019455748, 36.19446056158703], [-121.71067170672576, 36.194724859826415], [-121.71063786539237, 36.194938775225395], [-121.71061402320642, 36.195151069777445], [-121.71061402320642, 36.19532411869953], [-121.71062996201452, 36.195769460286584], [-121.71063223115891, 36.19578681544294], [-121.71068415018907, 36.1961838458536], [-121.71074790272647, 36.19645479102874], [-121.71083396672059, 36.19655360576198], [-121.71100928372805, 36.19663966947403], [-121.71124516425368, 36.19672254700162], [-121.7112534997212, 36.196724160707234], [-121.71139707655475, 36.196751957614325], [-121.71161744048048, 36.196758031843245], [-121.71174805911603, 36.196723239314665], [-121.71185550031898, 36.19668161787847], [-121.71198481729567, 36.1966052023892], [-121.7121082565955, 36.19651409162764], [-121.71218173159922, 36.19644649556726], [-121.71259988568589, 36.195708896270396], [-121.71287082925366, 36.19540926380493], [-121.71301935310947, 36.19531497130417], [-121.71316630491356, 36.19523855738087], [-121.71335706036751, 36.19517923841715], [-121.71355719333472, 36.19516802054899], [-121.71370806089509, 36.19518823938861], [-121.71385404970518, 36.19523262947374], [-121.71403390410315, 36.19532084918365], [-121.71416615946919, 36.19542665528849], [-121.71440128091841, 36.195744069120494], [-121.7146720609928, 36.196028239477535], [-121.7153830613705, 36.19655023915588], [-121.71553868191708, 36.19664047052819], [-121.71572384176511, 36.19670806859589], [-121.71677106268905, 36.19690823963982], [-121.71694062868207, 36.19696071320219], [-121.71708166867327, 36.19703429965892], [-121.71718406224261, 36.197099239062304], [-121.71729033922894, 36.19718125053598], [-121.71738732853352, 36.19728411598582], [-121.71743729103297, 36.19739285829951], [-121.71748691217265, 36.197526010231165], [-121.71752736420822, 36.197771095575796], [-121.71757019318602, 36.197959071411454], [-121.71762492124805, 36.19807328740355], [-121.71768678732336, 36.198170843079765], [-121.71784581517979, 36.19836861524856], [-121.7181397169913, 36.198521444160036], [-121.71914188381047, 36.19880960669687], [-121.7193006295959, 36.19888588230069], [-121.7194622760414, 36.1989916872124], [-121.71964743499115, 36.19912688212895], [-121.71998542162522, 36.19942666202199], [-121.72025706228565, 36.19965623926137], [-121.72043509130698, 36.199770527442844], [-121.72200746824431, 36.20034951424764], [-121.7224982457318, 36.20049072639116], [-121.72302437192573, 36.200587575177735], [-121.72318307728698, 36.20062284297253], [-121.7239560623176, 36.20064423908891], [-121.72431695149983, 36.20064635651836], [-121.7245785247409, 36.200666929143516], [-121.72472206294687, 36.20069424041865], [-121.72489307522751, 36.20074898834766], [-121.72502231674576, 36.20081094244248], [-121.72514575694389, 36.200896172917794], [-121.72526299158005, 36.20101191995334], [-121.72535816988103, 36.20119038030158], [-121.72544383232821, 36.201461637975825], [-121.72552711334158, 36.201621063870405], [-121.72557946086813, 36.2016900668222], [-121.72572222831961, 36.201813799500094], [-121.7257864632523, 36.20185723332643], [-121.72587757218506, 36.20190131735245], [-121.7260749104934, 36.201966676052486], [-121.72632122405274, 36.20202825586731], [-121.72654766957294, 36.20206002543957], [-121.72670049725727, 36.202068842223945], [-121.72683275352159, 36.20206590281266], [-121.72702378924993, 36.20204826779253], [-121.72716486337708, 36.201998305021796], [-121.7275827919866, 36.201770530924264], [-121.72773268217998, 36.20170587302815], [-121.72809418311492, 36.20162945809351], [-121.72822055990574, 36.20162945809351], [-121.72834693849315, 36.20164415305598], [-121.72852606884902, 36.201688846108866], [-121.72864084030466, 36.20174407974258], [-121.72875252245406, 36.20182637195635], [-121.7288500624259, 36.20190823929975], [-121.72894401991641, 36.20199463782206], [-121.72901302400497, 36.20209457420962], [-121.72906299279265, 36.20219927223543], [-121.72930569781951, 36.20320102491924], [-121.72937232316916, 36.20338662173], [-121.72943418924446, 36.20350797487001], [-121.72966737572256, 36.203810166298766], [-121.72980776353684, 36.203938658010415], [-121.72996480881143, 36.204055250816445], [-121.73015048788571, 36.20414195721178], [-121.73038675648354, 36.204221272055975], [-121.7305570824513, 36.20430984479447], [-121.7306805208528, 36.204418588946986], [-121.73107706327036, 36.20493423945462], [-121.7312120638879, 36.20502623779128], [-121.73139176467396, 36.20510338006627], [-121.73152306423252, 36.205132238813476], [-121.7316974227376, 36.205147465888395], [-121.7318530648437, 36.20511523873444], [-121.73199896651721, 36.20505929639391], [-121.73214506312512, 36.204987238233834], [-121.7323604647572, 36.204853564046104], [-121.73260734335685, 36.20468604006037], [-121.73268963532509, 36.20465370978611], [-121.73284494415624, 36.204626544139906], [-121.73293357553541, 36.20462432098832], [-121.73400906464474, 36.204756239229994], [-121.7341691399368, 36.2047918451062], [-121.73434548102367, 36.20487119770935], [-121.73502145608848, 36.20519742954846], [-121.73517820851228, 36.20528781187217], [-121.73529242301244, 36.20537585208507], [-121.73537094385311, 36.20547578850489], [-121.73540901625148, 36.20556620819951], [-121.73543043208787, 36.20564949016781], [-121.7354375701011, 36.20574942696311], [-121.73541853480023, 36.20584222675128], [-121.73538295612508, 36.20591484370845], [-121.73528890790473, 36.206094125004604], [-121.73518898021086, 36.20623225923229], [-121.7350332132389, 36.206470319667886], [-121.73460206591996, 36.20682123802486], [-121.73444834710688, 36.206993465276604], [-121.73433406523304, 36.20715423897652], [-121.7339428354521, 36.20807620133623], [-121.73389805982507, 36.20819313444709], [-121.73388853858138, 36.20831448593355], [-121.73391709512593, 36.208419182887916], [-121.73396944265251, 36.208502462545184], [-121.73403130872781, 36.20856194899592], [-121.73410983046676, 36.208614299499565], [-121.73421452641819, 36.20867140626651], [-121.73428829247607, 36.208695200076036], [-121.73440012554242, 36.208718995327956], [-121.73450482149384, 36.20872375307281], [-121.73460475996751, 36.20871661645545], [-121.73495973643855, 36.20862579739776], [-121.73513775827335, 36.20854767283173], [-121.7352067623619, 36.208523880427016], [-121.73542805155236, 36.208481049006515], [-121.7355470253269, 36.20848342788619], [-121.735751659752, 36.20851198240986], [-121.73617520373035, 36.208590504215756], [-121.73628703859335, 36.20860002189525], [-121.73635842142076, 36.20859764301913], [-121.73646549700935, 36.20858098581032], [-121.73654877981936, 36.20855957011863], [-121.73698897766478, 36.20835493711206], [-121.73719633218855, 36.20824372603884], [-121.73729906532108, 36.20821423928757], [-121.73738442952757, 36.20820257896722], [-121.73747553935864, 36.20820257896722], [-121.7376195518751, 36.208229030140885], [-121.73771345995829, 36.208253103143804], [-121.7380002516043, 36.208445355654966], [-121.73903531472918, 36.209556564886114], [-121.73932084963212, 36.2098492379044], [-121.73948741525211, 36.20997059117169], [-121.73963256144246, 36.210044356024284], [-121.73977770942943, 36.21010622013332], [-121.74008206403757, 36.21020323895007], [-121.74159106662826, 36.21055223867536], [-121.7416551030333, 36.210572594878926], [-121.7417479016971, 36.21061304706466], [-121.74178716166826, 36.210636839559044], [-121.74181502561171, 36.21065372681863], [-121.7419120840866, 36.210734397697905], [-121.74197157142305, 36.21080102322884], [-121.7420653375724, 36.21095321685811], [-121.74209906751469, 36.21104423978351], [-121.74243406545382, 36.212245239182685], [-121.7425130219774, 36.21239979281839], [-121.74257474162732, 36.21245269666815], [-121.74267466842288, 36.2125055990326], [-121.74279822540203, 36.212546387245744], [-121.74297150952198, 36.212561441103254], [-121.7431537291841, 36.212520294852254], [-121.74327716758563, 36.212470330793636], [-121.74359036431112, 36.212308967888106], [-121.74366217922818, 36.21227929494771], [-121.7438884837129, 36.212232269039944], [-121.74398429622445, 36.212232269039944], [-121.7442958328633, 36.212293990085065], [-121.74497474631737, 36.21259376956049], [-121.7467087697002, 36.213413756509865], [-121.74683220810171, 36.21348723182867], [-121.74697622061817, 36.213619488098445], [-121.7470555732988, 36.21371353604395], [-121.74725836707586, 36.214098548647804], [-121.74734406725229, 36.21420223912624], [-121.74746409744562, 36.214301340933666], [-121.74761398853727, 36.21438657266387], [-121.74773806743758, 36.21444723891752], [-121.74794903678206, 36.21449237619156], [-121.74814007251037, 36.21449237546677], [-121.74836049841986, 36.214474741797034], [-121.74852222930699, 36.2144749106686], [-121.74869830898412, 36.21449394676936], [-121.74892435834727, 36.214532017507366], [-121.74931221046279, 36.21467478550915], [-121.74958584807808, 36.21476758268619], [-121.74997225929589, 36.21482448637642], [-121.75014860038279, 36.214859755003836], [-121.75028388756287, 36.214903557744364], [-121.75039253879648, 36.214956744009676], [-121.75050128345488, 36.215068424612575], [-121.75055006736473, 36.2151562378428], [-121.75060708792739, 36.21530060788144], [-121.75060414863977, 36.21545637598077], [-121.75055666728711, 36.21557660079747], [-121.75026399526922, 36.2161191191273], [-121.750190231008, 36.21633088949669], [-121.75008801620339, 36.216679258175134], [-121.75007363776896, 36.216728259977316], [-121.75008791559208, 36.21682343914301], [-121.75013106796338, 36.21695023894553], [-121.75016506829857, 36.21701523864914], [-121.75022501467411, 36.21710252062948], [-121.75029306834507, 36.21717623817309], [-121.75029994225365, 36.217180469963154], [-121.75040723433624, 36.2172465326765], [-121.75052185577323, 36.21729355774485], [-121.75060708702905, 36.21730825266525], [-121.75070606879694, 36.21730423903027], [-121.75151406836072, 36.217231239829715], [-121.75168206859023, 36.2172432387102], [-121.75186506978665, 36.21728023911195], [-121.75212069707882, 36.2173681578466], [-121.75218903371913, 36.217406513459814], [-121.75303005086114, 36.21787854549314], [-121.75320295409549, 36.21796832178458], [-121.75342301169569, 36.21805163548812], [-121.75365507887292, 36.218114926796325], [-121.75415891247476, 36.21827651761563], [-121.754401513297, 36.218399413093294], [-121.75461306834305, 36.2185652386638], [-121.75472337786667, 36.218721943863635], [-121.75476992946302, 36.21880839484812], [-121.75479807008762, 36.218890237904965], [-121.7548065052681, 36.21907439878326], [-121.75479652947688, 36.219210725820915], [-121.75476206920428, 36.219317238854025], [-121.754636927597, 36.219503330116936], [-121.75437424852981, 36.21983583574566], [-121.7540550429734, 36.22022154221474], [-121.75401514250343, 36.22031131726682], [-121.75401898010631, 36.22040091828409], [-121.75403509318757, 36.22044764504778], [-121.75406834253117, 36.22050749492097], [-121.75412486902042, 36.2205706719116], [-121.75427117134254, 36.22071032422368], [-121.75437092206833, 36.22077682530609], [-121.75445405036808, 36.220813402254265], [-121.75465349971736, 36.22087011022343], [-121.75486677234223, 36.22093723297191], [-121.75563115241074, 36.22118569172323], [-121.75579885080627, 36.22125538908813], [-121.75599354896602, 36.22134541007887], [-121.7561079530107, 36.22138962372043], [-121.7562928038383, 36.22150168575678], [-121.75668516100495, 36.22177101416824], [-121.7570841648064, 36.22207026960895], [-121.75743662060476, 36.222276422674874], [-121.75770933385364, 36.222362690730904], [-121.75789477307775, 36.22239552822401], [-121.7587459950814, 36.222414513842836], [-121.75882843706829, 36.22244250381669], [-121.75892107044207, 36.22249523854382], [-121.7590023086865, 36.22255691163458], [-121.75904103416005, 36.22259563574788], [-121.75906151754518, 36.22262492648486], [-121.75912571924022, 36.22273728170202], [-121.7591573632944, 36.22283221150927], [-121.75917002055677, 36.22295878778834], [-121.75913837740086, 36.22305371950088], [-121.75908458179009, 36.22312966710693], [-121.75879345936607, 36.223385981036756], [-121.758388416191, 36.223727735260084], [-121.75823336158305, 36.22386506729606], [-121.75809412900223, 36.22408974067092], [-121.75803084269046, 36.22430491937281], [-121.75809412900223, 36.224491618369996], [-121.7581700707797, 36.22460023881976], [-121.75826817040199, 36.22468148085781], [-121.75835787975954, 36.22474128835908], [-121.75839861206946, 36.22476379025833], [-121.75850233514541, 36.22481438490477], [-121.75863535767272, 36.224858329905246], [-121.75875548668068, 36.224871344334055], [-121.75907192542604, 36.22491880976873], [-121.75921750011277, 36.22496306269682], [-121.75934217639275, 36.22501375576989], [-121.75943582935437, 36.22507070128518], [-121.7596605016002, 36.225266893091145], [-121.75988517384603, 36.22551055020523], [-121.75999909010552, 36.22560231782052], [-121.76021743372016, 36.22569091998353], [-121.76048324161947, 36.22568775608814], [-121.76106507054752, 36.22546923901791], [-121.76135607080067, 36.225414240254715], [-121.76158761156515, 36.22541561785118], [-121.76178507114608, 36.2254442379379], [-121.7620480709118, 36.22554623867071], [-121.76223314631822, 36.22566560519358], [-121.76236207073117, 36.225800238794875], [-121.76248629875181, 36.22604216664949], [-121.76259198464665, 36.22627941679145], [-121.76266574800958, 36.226429322995855], [-121.7627395113725, 36.22653877773563], [-121.76287752044792, 36.22667440768746], [-121.7630190715805, 36.22678523893199], [-121.76366661766149, 36.2270990726154], [-121.7638944510788, 36.2272604557416], [-121.76423304138072, 36.22768448414462], [-121.76458726686019, 36.228069964228716], [-121.76465259863586, 36.22816632960504], [-121.76471922488386, 36.22828054426657], [-121.76476882356563, 36.228399594295574], [-121.76478364486951, 36.2284692511743], [-121.76477620502233, 36.22873201935357], [-121.7647741523719, 36.22880449912572], [-121.76477239167396, 36.2288666469515], [-121.76475889179186, 36.22901752138288], [-121.76472668629062, 36.22937743130959], [-121.76471507197232, 36.229770239193336], [-121.76476149510954, 36.230076760289705], [-121.7648510715164, 36.23026423897233], [-121.7654228509914, 36.231174803262206], [-121.76561588008133, 36.23142795542311], [-121.76593548359145, 36.23174439211674], [-121.76639115401932, 36.23211146093197], [-121.76656203155265, 36.232276008936935], [-121.76670107369064, 36.23244223912676], [-121.76681614967517, 36.23266006210866], [-121.76687214256513, 36.232810790097744], [-121.76696707113447, 36.23311140756893], [-121.76725186762226, 36.23374745063279], [-121.76740692312849, 36.234063889533054], [-121.76778107324098, 36.23472523816338], [-121.76808093717102, 36.23518218356589], [-121.76868216970922, 36.235951128235065], [-121.76890307352241, 36.23618323937466], [-121.76905873359483, 36.236337184175675], [-121.7692560719032, 36.236480238434815], [-121.77003020048919, 36.23698904862218], [-121.77053207396705, 36.23729923812151], [-121.77154607249682, 36.23810823910962], [-121.77180542150924, 36.238295940534826], [-121.77193832456058, 36.23837504831353], [-121.77221046378604, 36.238495296592], [-121.77245271696026, 36.23858743153053], [-121.77265969239498, 36.23864130015491], [-121.7734660022277, 36.23876340865711], [-121.77365975446146, 36.23879274912866], [-121.77416303559939, 36.23890181342271], [-121.77457807522696, 36.23906824036742], [-121.77510925354603, 36.239312131977634], [-121.77701118463186, 36.24018537819377], [-121.77707180474387, 36.24021321037999], [-121.77711107549484, 36.24023123818901], [-121.77742220968844, 36.240406586345394], [-121.77769751188197, 36.24058695654204], [-121.77781775587434, 36.240691379905996], [-121.7780674048783, 36.24092866819766], [-121.77813736207938, 36.240995161506646], [-121.7783240598432, 36.24121034006018], [-121.77850442987415, 36.24146665631276], [-121.77861518496215, 36.241656518159026], [-121.77934707656011, 36.243088239077885], [-121.77950754172099, 36.2433010514367], [-121.7796214579805, 36.24343395499116], [-121.78039989847983, 36.24417758649459], [-121.7805074879048, 36.24429466850043], [-121.78064671958731, 36.244503518223134], [-121.78071950109162, 36.24462376431898], [-121.7808115227127, 36.244798762111394], [-121.78133738300527, 36.2463477912949], [-121.78154439706758, 36.24699024544442], [-121.78165932393176, 36.247268244874476], [-121.78176058562384, 36.24744861372627], [-121.78202006399368, 36.24776505222576], [-121.78219727015819, 36.24793592732354], [-121.78252320229947, 36.248198573570384], [-121.78262446309324, 36.24826186076543], [-121.78295356089758, 36.24844855979318], [-121.783526313248, 36.248708039179824], [-121.7840041370291, 36.248894737866], [-121.78491231581502, 36.249230164831296], [-121.78539646732897, 36.249445341722165], [-121.78558316599111, 36.24953710877514], [-121.78575404442276, 36.24964786269577], [-121.78597871487196, 36.24982823257517], [-121.78604833161152, 36.249904176633564], [-121.78610845405686, 36.24995164353421], [-121.786183334924, 36.25002534532693], [-121.78651033246722, 36.250347191466616], [-121.78660842849624, 36.250480096803216], [-121.78680778442072, 36.25071109625912], [-121.78691220997923, 36.25089779450626], [-121.7870166337411, 36.25112879562506], [-121.78721007785272, 36.25160324074042], [-121.78733407770127, 36.25220623956635], [-121.78735561930179, 36.252645687358104], [-121.78735988360444, 36.25281780936861], [-121.78735997792757, 36.25282162486436], [-121.78736445782587, 36.25300246987727], [-121.78736471654067, 36.25312773901202], [-121.78738597517187, 36.25342906795869], [-121.78740977064544, 36.25362418385159], [-121.78747401456128, 36.25386926877439], [-121.78754777882253, 36.25409293738863], [-121.78766437206157, 36.25432374578777], [-121.78780140197333, 36.25454538405835], [-121.78808278037145, 36.254954563594026], [-121.78817833596487, 36.25511610581403], [-121.78828585082964, 36.25545871593572], [-121.7883108689103, 36.2558839199243], [-121.78832507846145, 36.256722239763576], [-121.78833607833212, 36.25778324017176], [-121.78834727852708, 36.25808091411826], [-121.7883924880404, 36.25840690085868], [-121.788437698452, 36.25857822134666], [-121.78853287765132, 36.25878999407881], [-121.78863281432835, 36.258954177347114], [-121.78876130485502, 36.259142155393135], [-121.78892807888413, 36.25934724007708], [-121.78943007902446, 36.259754238793924], [-121.78973907882096, 36.25994323914461], [-121.79012418388831, 36.26007130979423], [-121.79203851801327, 36.26048936837333], [-121.79241760885981, 36.26058113621752], [-121.79268027714721, 36.26071735684385], [-121.79293725909884, 36.26088391914174], [-121.79319424105049, 36.26108379415478], [-121.79340363385165, 36.2613074631195], [-121.79365231447174, 36.261685105994296], [-121.79382732515373, 36.26199266377071], [-121.79415554350737, 36.26276131424887], [-121.79448152954758, 36.26343708095644], [-121.79458622729564, 36.26358222813787], [-121.79468616307435, 36.2636750273941], [-121.79491935134907, 36.263943907039256], [-121.79512874415023, 36.26406525893859], [-121.7953928641151, 36.26417947329868], [-121.79563794877913, 36.26424847828528], [-121.79569157371002, 36.264262016351005], [-121.79593408110749, 36.26432323929237], [-121.79641204322915, 36.26438294983032], [-121.79806408007093, 36.264239241167], [-121.79864999992678, 36.26420505882216], [-121.79919073272724, 36.2641735100539], [-121.7997780809044, 36.26413924003877], [-121.80007164315272, 36.26412807406874], [-121.8004574965167, 36.26417763282684], [-121.80078591249975, 36.264254966648544], [-121.80114072996896, 36.26435456346451], [-121.80143123884363, 36.264453782064926], [-121.80170303491263, 36.26458581089577], [-121.80226995090867, 36.264935181415176], [-121.80291776199267, 36.265480333428705], [-121.80328591674892, 36.26589450763921], [-121.80360097208874, 36.26636532492753], [-121.80377807943859, 36.26669823893756], [-121.80425308161135, 36.26740524093274], [-121.80455408191024, 36.267756240050645], [-121.80490155026216, 36.26799546760778], [-121.80519608089435, 36.26816724001485], [-121.80541130286336, 36.268264504030846], [-121.80607398915014, 36.26851696461422], [-121.80612799676335, 36.26854221193135], [-121.80638743470897, 36.268663493674296], [-121.80664320303667, 36.2687884161206], [-121.80695508013703, 36.26899123894471], [-121.80724499612361, 36.269213210043056], [-121.80751808217333, 36.26953623879578], [-121.80797108280818, 36.27043023965484], [-121.80826808290912, 36.270864237805476], [-121.80879658963853, 36.271380588011084], [-121.80884703992321, 36.27142568807351], [-121.80915523572752, 36.27163433563529], [-121.80940436550526, 36.27178321262398], [-121.80956308254461, 36.27185523965873], [-121.80981847717312, 36.27195730512378], [-121.81158851491402, 36.27266466072816], [-121.81200274066796, 36.27278485044696], [-121.81229296567498, 36.27284165759637], [-121.81261864089808, 36.27287705793575], [-121.81290183568973, 36.27288059652036], [-121.81329831073364, 36.27287705793575], [-121.8134788469529, 36.27286289780196], [-121.8136523053461, 36.27283811683732], [-121.81450897473361, 36.272639880424855], [-121.81487712769326, 36.27259386056491], [-121.81513908631158, 36.272579702552385], [-121.81545413985475, 36.27259032124307], [-121.8158187552488, 36.2726115607928], [-121.81611611018425, 36.27265404059914], [-121.8164771350121, 36.27275687125586], [-121.81698647618494, 36.27294540632802], [-121.81742429798642, 36.273164318639786], [-121.81765986410169, 36.27332850066026], [-121.81785022160199, 36.273471267763306], [-121.81800726597827, 36.27360213852505], [-121.81815955108019, 36.273766321797495], [-121.81846650181949, 36.27413989660661], [-121.81874014033313, 36.27447777962065], [-121.81894715349709, 36.27474427852071], [-121.81903281414765, 36.27483231948091], [-121.8191636834132, 36.27493463670039], [-121.81927076079842, 36.27500839965511], [-121.81942780337806, 36.275101197644844], [-121.81956343371463, 36.27517020239512], [-121.819673041654, 36.275210544396565], [-121.8198065411867, 36.27525967970226], [-121.82004170575502, 36.27534152377068], [-121.82043193660941, 36.275455737570745], [-121.82090782991094, 36.27553426023087], [-121.82125522999087, 36.27555329667375], [-121.8217192260048, 36.27552474273191], [-121.82196430977051, 36.27549142930376], [-121.82222129082385, 36.27547477330855], [-121.82296555761316, 36.275496617509006], [-121.82338108502591, 36.275548239553245], [-121.8238682458961, 36.27564883729921], [-121.82427778603747, 36.27575966934776], [-121.82456571045905, 36.27585386198122], [-121.82485235208644, 36.27596743194153], [-121.82511308540272, 36.27609423938087], [-121.82569708555882, 36.27646523939662], [-121.82730199588248, 36.2776630664561], [-121.82767208560988, 36.277963238375825], [-121.83268308858901, 36.28167623996167], [-121.83317510485325, 36.282044749909176], [-121.83359547328709, 36.28228811995189], [-121.8342426205161, 36.2825536174967], [-121.83505038292463, 36.2828406449048], [-121.83575199141603, 36.2830422660906], [-121.83706140362196, 36.283471492347886], [-121.83843854700363, 36.283875641891484], [-121.83902623564228, 36.28407281282486], [-121.83947508965379, 36.2842672388314], [-121.839688611112, 36.284373372121166], [-121.83986908894077, 36.28450223906496], [-121.8400813249098, 36.28464440064395], [-121.84021608927043, 36.28477023887449], [-121.84050722427084, 36.28507583098905], [-121.84094106384069, 36.28579342828642], [-121.84126499633213, 36.286359062228044], [-121.84179045597611, 36.28695642787611], [-121.8420320893128, 36.28718923975715], [-121.84230485646063, 36.28742657942994], [-121.8425600884941, 36.28761123920889], [-121.84286903528998, 36.287813760424534], [-121.84313008840648, 36.287958238849995], [-121.8435936190931, 36.2881898797894], [-121.84434203699733, 36.28849003729242], [-121.84435046229638, 36.28849212989662], [-121.84484608888977, 36.2886152393693], [-121.84632308899845, 36.288857239235575], [-121.84663237715414, 36.28887911879131], [-121.84687886857992, 36.28890453909546], [-121.84710587824209, 36.28892164260301], [-121.84841440470913, 36.28891991711912], [-121.85136380824719, 36.28878724590408], [-121.8520190915177, 36.28880023882601], [-121.85267809111855, 36.288880238220386], [-121.85298222743609, 36.288947649398324], [-121.85376217261353, 36.28917980366828], [-121.85477985872754, 36.28965010619105], [-121.86001147177078, 36.29220325344796], [-121.8757350947188, 36.29984823778905], [-121.87717709646404, 36.30065623772105], [-121.8774723888676, 36.30083149801766], [-121.87818930554977, 36.301328097125946], [-121.878447967351, 36.301507266040936], [-121.87857209565864, 36.30162423676874], [-121.87967709711997, 36.30256023807667], [-121.88034509694164, 36.30322823691778], [-121.88181909757557, 36.30489323666028], [-121.88338928801355, 36.3066402017656], [-121.88373831045087, 36.3070224647016], [-121.88378033184323, 36.307068488149504], [-121.88385390745825, 36.30714907038095], [-121.88566909811856, 36.309244236357515], [-121.88608099723592, 36.30970973219376], [-121.88659909788107, 36.31029523703657], [-121.88756463140298, 36.31134930217787], [-121.89065517464519, 36.314847767452434], [-121.8908687562905, 36.31510826395143], [-121.891011523742, 36.315308139097674], [-121.89117808576871, 36.315565121295926], [-121.89138747856988, 36.3159410764545], [-121.89154928311885, 36.31627419954355], [-121.89165345265751, 36.31655169824727], [-121.89180174205302, 36.31702954803691], [-121.89200916035719, 36.31758954063624], [-121.8922964335002, 36.31850137641107], [-121.89241540637643, 36.31883450086328], [-121.89251058557574, 36.31925804524579], [-121.89254627833692, 36.319609015266735], [-121.89252724123942, 36.319818408340964], [-121.89249630865092, 36.32001352478285], [-121.89248917063769, 36.32022767641288], [-121.8924986873898, 36.32042279183014], [-121.8925367606865, 36.320613148587945], [-121.89259862586346, 36.32084395574118], [-121.89267952634133, 36.321039071787055], [-121.89283657161594, 36.32132222796085], [-121.89304358657651, 36.321672008931124], [-121.89311734814281, 36.321848089075345], [-121.89315779838175, 36.32200989094625], [-121.89318159475363, 36.322133624968], [-121.89317445584206, 36.32227877083308], [-121.89314828073131, 36.32245247202453], [-121.8930269291162, 36.32282604679181], [-121.89299361689054, 36.32295929774575], [-121.89298647708065, 36.32306399310969], [-121.89299361689054, 36.32317344779556], [-121.89303644676666, 36.3232900415111], [-121.89309831194362, 36.32341615394804], [-121.89318159295699, 36.32350657254443], [-121.89331722419186, 36.32362316720908], [-121.89348140478477, 36.32373024211917], [-121.8936336916833, 36.32384207702774], [-121.89377799705053, 36.32399719956777], [-121.8938454632233, 36.32413713021265], [-121.89388115508619, 36.324277518741454], [-121.89388591436058, 36.32451784393655], [-121.89382880755964, 36.324786723131886], [-121.89370269487355, 36.32510319124146], [-121.89367414371885, 36.325262616095515], [-121.8936789020949, 36.3254220391759], [-121.89370745594452, 36.32556956725947], [-121.8937621831083, 36.32570757427768], [-121.89393350351106, 36.32596693585098], [-121.89404771711291, 36.32611922073817], [-121.89417144926351, 36.32626912641484], [-121.8942296942299, 36.326353292990454], [-121.89429883306576, 36.326567624778676], [-121.89433340562778, 36.326788873379016], [-121.89426426319865, 36.3271138291769], [-121.89404909962015, 36.327508240001634], [-121.89126710162687, 36.33137423956797], [-121.89099249023775, 36.331726421468744], [-121.89081640966228, 36.331864430608604], [-121.89057846480814, 36.33198340380884], [-121.89034527743176, 36.33205478764175], [-121.89001691085603, 36.33206430403382], [-121.88979248205366, 36.332048925109405], [-121.88914210717786, 36.33191375819315], [-121.88844610058055, 36.331775239668104], [-121.88768978828162, 36.331745183674585], [-121.88659810164944, 36.33172823936066], [-121.88631191097632, 36.33179233087931], [-121.8861471006644, 36.33182924012483], [-121.88584210106589, 36.33198523978676], [-121.88561510038684, 36.33218124049648], [-121.88557804308475, 36.332238906826355], [-121.88540110102493, 36.3325142391723], [-121.88531810028593, 36.33289023993881], [-121.8853501009713, 36.33315223926154], [-121.8854641007741, 36.333417240199246], [-121.88565610219138, 36.333656240397424], [-121.88605810097596, 36.33392224044619], [-121.88734810148686, 36.33449923991118], [-121.88804410089764, 36.33477123835111], [-121.8888509757707, 36.3350100780863], [-121.88942680574928, 36.33520995284847], [-121.88979324382503, 36.33538603351882], [-121.89022630545384, 36.335671570459596], [-121.891049597937, 36.336247398417974], [-121.89118614365681, 36.336334348189936], [-121.8914741022144, 36.33665724016263], [-121.89156110225304, 36.33684223998863], [-121.89160210315923, 36.33718923911889], [-121.89155910350154, 36.33749024137489], [-121.89148265866748, 36.33775597650959], [-121.89121616086204, 36.33828421598068], [-121.89126374911422, 36.33868872551868], [-121.8912589925348, 36.338879082519384], [-121.89123519616292, 36.3390456444229], [-121.89108291106099, 36.339640509487936], [-121.8910210440874, 36.339821347271986], [-121.89079737436143, 36.34024965250515], [-121.89073550918442, 36.34044952684748], [-121.89071647298525, 36.340687472892434], [-121.890725991534, 36.34091590145369], [-121.89077833816225, 36.34111101789036], [-121.89091634813596, 36.34125378395783], [-121.89108291106099, 36.34141558750007], [-121.8911590531628, 36.341510766706044], [-121.89123519616292, 36.341686846881245], [-121.8913611022365, 36.34216424080797], [-121.89157872450397, 36.342452387468356], [-121.89177533607527, 36.342661235804734], [-121.89186099403086, 36.342789726409904], [-121.89192761938051, 36.342915837674816], [-121.89195379449127, 36.343044330030644], [-121.89195855376566, 36.34316092295373], [-121.89186099492917, 36.34351546251341], [-121.89183006144238, 36.34368202463157], [-121.89186337456638, 36.34392235002786], [-121.89193951666813, 36.34412698470418], [-121.89208228501793, 36.34428878661836], [-121.89225598595624, 36.34439348371075], [-121.89268428920899, 36.344571942957934], [-121.89311735083778, 36.34484320075127], [-121.89329343141326, 36.34505259402809], [-121.89345761380278, 36.34531433465144], [-121.89353137716569, 36.345404753882434], [-121.89378597948014, 36.34556417843562], [-121.89413576009558, 36.34569742884968], [-121.8942761479099, 36.34575215550818], [-121.89449267962257, 36.345866369680294], [-121.89470445116262, 36.3460519669909], [-121.89481152764954, 36.346228047751495], [-121.89487339282653, 36.3464207848816], [-121.89491622360096, 36.34661352008754], [-121.89499474533994, 36.34682053393625], [-121.89504471322931, 36.34689905566284], [-121.89509944129136, 36.346944266180266], [-121.89520651687998, 36.34702040877928], [-121.89558009386728, 36.34722028310924], [-121.89574810397824, 36.347304241823814], [-121.89597508399602, 36.34748440267032], [-121.8960702613987, 36.34759623893405], [-121.8961844776955, 36.34777231764963], [-121.89648428862495, 36.34827676393686], [-121.89660564113836, 36.348578954783555], [-121.89688676890653, 36.349547504781285], [-121.89698310423756, 36.349764240666644], [-121.89723510413266, 36.350199240854124], [-121.89739317528334, 36.350410940022705], [-121.89762405129447, 36.3506586048905], [-121.89772398976817, 36.35079899265439], [-121.89777871513527, 36.35088941275143], [-121.89781916717085, 36.35099410820385], [-121.89783344319733, 36.351122600252666], [-121.89782392464856, 36.35121539812507], [-121.89779799208296, 36.351304822200824], [-121.89774875811716, 36.35144705372415], [-121.89772636850704, 36.35155804214339], [-121.89772874634761, 36.35167463389467], [-121.89776681605102, 36.35180074596357], [-121.89780727078154, 36.35187926773217], [-121.89787389523288, 36.351953030993954], [-121.89795003733468, 36.3520220357625], [-121.89814991158708, 36.352126733309206], [-121.89828792156081, 36.352160044392484], [-121.89852715729403, 36.35219319918708], [-121.8993300679017, 36.352246163916746], [-121.89958710554889, 36.35228139726755], [-121.89968466438538, 36.352305192196255], [-121.89991785176178, 36.35241702515288], [-121.90002016807601, 36.35250506598243], [-121.90032711971365, 36.35288339971103], [-121.90042467585516, 36.35297857864629], [-121.9005365116165, 36.35305472185545], [-121.90095291668328, 36.35324269893104], [-121.9011242388827, 36.35334025696028], [-121.90125272940936, 36.35343067627622], [-121.90139073758648, 36.35360199793973], [-121.90148115840971, 36.353789975140785], [-121.90160964893636, 36.35450619418501], [-121.90164296026373, 36.354629925067044], [-121.90173338108697, 36.35483931879274], [-121.90187139016237, 36.35507250531466], [-121.90200226122452, 36.35527951837591], [-121.90205460785278, 36.35544846011903], [-121.90208792097678, 36.355786342505205], [-121.9021616834414, 36.35598621820525], [-121.90263519530912, 36.35680475201728], [-121.90270420209262, 36.35694276084974], [-121.9027351346811, 36.357049836985844], [-121.90274465322986, 36.357180707136564], [-121.90272561703067, 36.35725922998952], [-121.90267564644635, 36.35739010051164], [-121.90262092107925, 36.35747100111338], [-121.90255429572957, 36.35752097009024], [-121.9024588173913, 36.35757621148708], [-121.9023751060849, 36.35760924098961], [-121.90131552793592, 36.357836059448374], [-121.9010474742484, 36.35794000041566], [-121.90080677156634, 36.35806034955247], [-121.90056210461893, 36.358270241179085], [-121.90037460286294, 36.358481579832166], [-121.9002851055078, 36.35868024047867], [-121.90019610671767, 36.35898324169628], [-121.90018910524833, 36.35929924171669], [-121.90020501620866, 36.359479402295406], [-121.9002980169934, 36.359654457256966], [-121.90047307169282, 36.359955334335545], [-121.90054965756237, 36.36013039039688], [-121.90057810541077, 36.36024524178642], [-121.90061530554502, 36.360431269976004], [-121.90061710487052, 36.36060424153235], [-121.90055810711591, 36.361165241873785], [-121.90041289714519, 36.362102509516454], [-121.90031989815708, 36.36253467955181], [-121.90004831229386, 36.363209247780915], [-121.90004710585644, 36.363212241894374], [-121.8994881058147, 36.36418324221169], [-121.8993970229331, 36.364438962214145], [-121.89936419849262, 36.3646960760466], [-121.89939155309135, 36.364936779280896], [-121.89944625779718, 36.36520483391745], [-121.89956113884729, 36.365565888299216], [-121.90009724801897, 36.367191722632434], [-121.90022307054925, 36.36748713024907], [-121.90051847793715, 36.36793571205003], [-121.9006935344332, 36.36812170955871], [-121.90093423621695, 36.368362411599485], [-121.90162710589728, 36.36894724205643], [-121.90178216589509, 36.369106399226084], [-121.90183331956065, 36.36919222730285], [-121.90188804762268, 36.36937068756874], [-121.90190946256075, 36.369577700212055], [-121.90189756617144, 36.36968001753366], [-121.90186425304746, 36.369820404263315], [-121.90176987873863, 36.370117184175996], [-121.90170508056225, 36.370306542098916], [-121.90166298101644, 36.370448153730955], [-121.90168239181313, 36.37064943046226], [-121.90169282035525, 36.370686170839825], [-121.90170891008032, 36.37074285965906], [-121.9017892832471, 36.37084619749885], [-121.90193855000966, 36.37103373667301], [-121.90209929813986, 36.37119831227664], [-121.90224856310579, 36.371450917780386], [-121.90231745759986, 36.371703521740585], [-121.90236721348681, 36.37199822725304], [-121.90245906891957, 36.372227867344805], [-121.9025700602645, 36.37236182363144], [-121.90267951549029, 36.372442726751714], [-121.90276552648379, 36.37248941822655], [-121.90289650175052, 36.37255520344576], [-121.90358422677924, 36.37285603787672], [-121.90429343501795, 36.37312294339444], [-121.90448404045324, 36.3732206558816], [-121.90465298301545, 36.37333724845401], [-121.90474578167925, 36.373427668406556], [-121.90483382376364, 36.37356329777675], [-121.9048837907547, 36.37365847529073], [-121.90492186225472, 36.373767930481286], [-121.90495041520605, 36.37387738624112], [-121.9049480328739, 36.37399635962408], [-121.90492662063077, 36.37413198872597], [-121.90489568804232, 36.37428189384347], [-121.90479575046695, 36.3745031848188], [-121.90475767896687, 36.37462691790269], [-121.9047371731239, 36.37479124866793], [-121.90473925631704, 36.374845035580044], [-121.90478147623709, 36.375090911417075], [-121.90480764775457, 36.37521226397839], [-121.90481478666614, 36.37530506495284], [-121.90481240613062, 36.375426415733415], [-121.90479099029426, 36.37554063048496], [-121.9047576798652, 36.37566674149248], [-121.90466928384463, 36.375829648105835], [-121.90445436820112, 36.37614952298375], [-121.90425944456422, 36.37639942402303], [-121.90414448985226, 36.37655436304528], [-121.90408429105013, 36.37669466865932], [-121.90404146117402, 36.37685171396066], [-121.90402242497483, 36.37694689106733], [-121.90402004713428, 36.37709441701597], [-121.90403632191226, 36.37717135970128], [-121.90407151610847, 36.37729556516889], [-121.90402956298807, 36.37765835060714], [-121.90396769691277, 36.37777970277909], [-121.90357829700004, 36.37826390029849], [-121.90307495208174, 36.37875813635137], [-121.90293854380415, 36.37889207199009], [-121.90275602769798, 36.37900056079489], [-121.90237546810597, 36.37923841215001], [-121.90202848574263, 36.37954062237042], [-121.90196412684243, 36.379786867402686], [-121.9018969696901, 36.379890402243085], [-121.90143292606545, 36.38032153327428], [-121.90133256718025, 36.380430909658514], [-121.90112817619858, 36.380716729075154], [-121.90070333864622, 36.38140645821558], [-121.90058338840296, 36.38168134982769], [-121.90046343636307, 36.38198623079346], [-121.9003784692119, 36.382346087760105], [-121.90024352339164, 36.382851390434645], [-121.90020472695113, 36.38308096666358], [-121.90018911423151, 36.383404749557656], [-121.90018435405882, 36.383725977485106], [-121.90018985893485, 36.38389933406563], [-121.90019387350588, 36.3840257887791], [-121.9002057698952, 36.38420900762927], [-121.90023670338199, 36.38440174472118], [-121.90047940930712, 36.38536066662972], [-121.90058172472303, 36.38589366702547], [-121.90090295238718, 36.38723806078546], [-121.90094578136498, 36.38745697184215], [-121.90096481846248, 36.3876187747989], [-121.90101002797577, 36.387742507265415], [-121.90112490094106, 36.38810534087268], [-121.90128910848341, 36.38883124381718], [-121.90143013230492, 36.389412433363184], [-121.9014841920204, 36.3896352259243], [-121.90175436752865, 36.39074865126462], [-121.90269511922678, 36.394739208323145], [-121.90329611011816, 36.39713624339327], [-121.90350210998248, 36.397696244920176], [-121.90388111009915, 36.398423244130484], [-121.90453504679509, 36.399254249566496], [-121.90463007597573, 36.399358287037366], [-121.90598443538687, 36.40063490351787], [-121.90715811125504, 36.401669245072775], [-121.90749911083857, 36.40193024503964], [-121.90893811310904, 36.40283124420019], [-121.90915559523933, 36.40298374313991], [-121.90935955952122, 36.40314000075718], [-121.90954277810995, 36.403325598114215], [-121.90969506321186, 36.40351357591873], [-121.90983146160796, 36.403756229010924], [-121.90986808143053, 36.40383898219436], [-121.9099813203603, 36.404094868975044], [-121.91065111232096, 36.405672245258515], [-121.91120111214187, 36.40663524415482], [-121.91203711219306, 36.40759324618396], [-121.91380332490745, 36.409215059931014], [-121.91426311321258, 36.40963724511622], [-121.91439449990774, 36.40977869692282], [-121.91447540397884, 36.409890531123935], [-121.91456106193445, 36.41001902277602], [-121.9146157899965, 36.4101546512169], [-121.91466575788587, 36.410304559180375], [-121.91468955425775, 36.410456843194865], [-121.91468717551886, 36.4105829539591], [-121.91467765607182, 36.410697168396034], [-121.91465624203205, 36.41079710589061], [-121.91462292890807, 36.410913699953724], [-121.91454916734175, 36.411085021539684], [-121.91442543339453, 36.41131582797506], [-121.91418913694893, 36.41165260812132], [-121.91410720700178, 36.4117817265385], [-121.91402806452693, 36.41193210922378], [-121.91399237176573, 36.412058220484866], [-121.91395192152682, 36.412260474634955], [-121.91394478171692, 36.412379447120784], [-121.91395662959721, 36.41255679906113], [-121.91437511336558, 36.41492524649442], [-121.91441446047335, 36.41528714644239], [-121.91438780296728, 36.41565366983604], [-121.91432116324458, 36.415926895503425], [-121.91423453061687, 36.4161801299185], [-121.91410875929057, 36.41646944682715], [-121.91399009094323, 36.41676304579571], [-121.91394928856472, 36.41684636849849], [-121.91366654832059, 36.41742375652457], [-121.91364513338254, 36.41769025603777], [-121.91347790211093, 36.418152762206724], [-121.91347683940396, 36.41815569998886], [-121.91280011334761, 36.42002724701664], [-121.91257311356689, 36.42082224587791], [-121.91240211386267, 36.421671245557555], [-121.91236859771942, 36.42187589259137], [-121.91232111367182, 36.42273024636951], [-121.9123248452735, 36.422923636071296], [-121.91233311426569, 36.423352246443876], [-121.91244111422073, 36.42437424623369], [-121.91265511448097, 36.42537224677309], [-121.91283508116835, 36.42600560265637], [-121.91296169960596, 36.42629215654492], [-121.91322711494152, 36.42693324536534], [-121.91363611609373, 36.42770724657018], [-121.91411411504629, 36.428448247883985], [-121.91503511548628, 36.42960724591212], [-121.91709411520293, 36.43178524721998], [-121.91743411585988, 36.43222024619372], [-121.91771861141203, 36.4326358016241], [-121.91801604360259, 36.43311883204707], [-121.91825636899225, 36.43356617004705], [-121.91845148397027, 36.43402302673721], [-121.91871798447066, 36.43480111075226], [-121.91886947995347, 36.43530281506866], [-121.9189183015925, 36.43558323201549], [-121.91902394167329, 36.43583310891564], [-121.91917925858928, 36.43609497192062], [-121.91997109027459, 36.43754722583619], [-121.92054529250588, 36.43854216988468], [-121.9206248706636, 36.43867618822694], [-121.92239307045145, 36.441764765429795], [-121.9251472907395, 36.44658301250727], [-121.92598741854943, 36.448035569462554], [-121.92624660047517, 36.44851870347313], [-121.92636319551085, 36.44876616861112], [-121.92643933851097, 36.4489565250387], [-121.9265107222367, 36.44916829642193], [-121.92655355211282, 36.44933723866024], [-121.92659638288725, 36.44958470190972], [-121.92661303855093, 36.44997731267101], [-121.92659162361286, 36.45017004992247], [-121.92655355301113, 36.45039371887418], [-121.92650596206403, 36.45059121470869], [-121.92643933940928, 36.4507791915516], [-121.92634416020998, 36.451019517679136], [-121.92622756607261, 36.451257463635116], [-121.92611573210797, 36.45145258001719], [-121.92598991945916, 36.45164286265379], [-121.92500611869596, 36.45264524822899], [-121.9245981200636, 36.45315424840826], [-121.92424911918584, 36.453791247552275], [-121.9240690869214, 36.45429592518489], [-121.92402418732689, 36.4544602182626], [-121.9239718371054, 36.45472909711967], [-121.92393614524251, 36.455009874495126], [-121.92391235066727, 36.4553025473696], [-121.92392900543265, 36.455823649807314], [-121.92397641492006, 36.45645229850758], [-121.92414511942876, 36.45822824937921], [-121.92435511859273, 36.459169248123914], [-121.92469611997291, 36.460170248953936], [-121.9250561189247, 36.460974249140214], [-121.92548811964315, 36.461734248862136], [-121.92672490126171, 36.46352826084422], [-121.9284653484971, 36.46596890432671], [-121.92911385397883, 36.46683579589657], [-121.92932562731545, 36.46710229624896], [-121.92953264047945, 36.467309309341374], [-121.92980865683364, 36.467544876237994], [-121.93000853198436, 36.46769716138889], [-121.93050821896281, 36.46800649150939], [-121.93146952141973, 36.46856090487559], [-121.93171698661925, 36.46871081347357], [-121.93189782287584, 36.468827405076816], [-121.93207390434961, 36.46894875788528], [-121.93228329715076, 36.46910342204749], [-121.93245223881466, 36.46924143088667], [-121.93293288959396, 36.46968639125033], [-121.93422969484318, 36.47095702233166], [-121.93445336636577, 36.47120686620449], [-121.9345913754412, 36.47138770504919], [-121.93473176325547, 36.471582821350225], [-121.93495543208313, 36.471949257337364], [-121.93517910360572, 36.47241087310884], [-121.9352433493182, 36.472572677518095], [-121.93530521359688, 36.47275351534334], [-121.9353504240085, 36.47291294027483], [-121.93541942809703, 36.4732151313815], [-121.93632600339022, 36.478214378498635], [-121.93638786946552, 36.478452325517864], [-121.93648780524423, 36.478730721468885], [-121.93659250119565, 36.47895915042841], [-121.93674716862968, 36.47923278886616], [-121.93686852024479, 36.47946835491923], [-121.93698035690439, 36.47970154170207], [-121.93705173973181, 36.479872863866525], [-121.93711621541303, 36.480079691891], [-121.93714902098888, 36.48026600096451], [-121.93715522026267, 36.48030122179298], [-121.93717785062131, 36.4804748691565], [-121.93715853953762, 36.480695761585125], [-121.93715853953762, 36.48100271187663], [-121.9371726430876, 36.48140968665811], [-121.93714929677168, 36.482100039925356], [-121.93713501984685, 36.48234988326838], [-121.93713740038237, 36.482754390896105], [-121.93718397982649, 36.48303254315177], [-121.93719092739687, 36.48307402701164], [-121.93722068139574, 36.483251699167184], [-121.93727302892229, 36.48341826093567], [-121.93742769366139, 36.48376804179522], [-121.93764422717072, 36.48420824209958], [-121.9377169718441, 36.484393015827685], [-121.93779175209995, 36.48462464793097], [-121.9378274430645, 36.48478645139634], [-121.9378655163612, 36.485293276044395], [-121.93782982270167, 36.485919075581016], [-121.93779413263545, 36.48640210500474], [-121.93776081951145, 36.48695651967244], [-121.9377346444007, 36.48749665759542], [-121.93772512585195, 36.48782978129979], [-121.93774891593563, 36.488053670229505], [-121.93775309400002, 36.488092992661464], [-121.93776557968414, 36.488210495445905], [-121.93788931093644, 36.48870542219414], [-121.93818912276419, 36.48974762735066], [-121.93821529787493, 36.48986659949203], [-121.9382367119147, 36.490006989315994], [-121.93825098883948, 36.490135478328284], [-121.93827002414037, 36.490492399639095], [-121.93828339017348, 36.490822121886524], [-121.93828510326074, 36.49086436494292], [-121.93829857709169, 36.491196719466714], [-121.93830095583054, 36.49133710760204], [-121.93829618757302, 36.491379482539706], [-121.93827954179078, 36.49152746495635], [-121.93825713870592, 36.491651429785236], [-121.93824384992794, 36.491724960009314], [-121.93817484583938, 36.49196290453481], [-121.93804159514004, 36.49218895603177], [-121.9378940702108, 36.4924102447635], [-121.9378322041355, 36.4925125620798], [-121.93777271679907, 36.492641052713246], [-121.93771798963532, 36.49283616894235], [-121.93767753939639, 36.49300749094958], [-121.93768182975019, 36.493202232888365], [-121.93770371271052, 36.49337392600789], [-121.93775368149821, 36.49365708308995], [-121.93776557878583, 36.49384981863969], [-121.93768705704684, 36.494290018706614], [-121.93685186547943, 36.496364909248044], [-121.93670671839077, 36.496705172238244], [-121.93663680161387, 36.496848186222884], [-121.9366315087402, 36.49685901336158], [-121.93660202333766, 36.496919325544084], [-121.93650922377554, 36.49707636822927], [-121.93645065900893, 36.497156229389574], [-121.93639273653771, 36.49723521739703], [-121.93622989892617, 36.497445535392046], [-121.93616794930755, 36.49751491719765], [-121.93600622021702, 36.49767734727319], [-121.93589732733662, 36.49779472647506], [-121.93579007208494, 36.497918683438996], [-121.93571012651624, 36.498038250344685], [-121.93567312490968, 36.49818025160214], [-121.93566112521412, 36.49840125169356], [-121.93568512370695, 36.49854825015025], [-121.93573712628042, 36.49867525184922], [-121.93580412532924, 36.49877325122676], [-121.93590112541362, 36.498896250527906], [-121.9360261250871, 36.49901425035483], [-121.93619881721732, 36.499148909423795], [-121.93685812583864, 36.499604251847046], [-121.93694612570219, 36.499676250847486], [-121.93703161567284, 36.499771875352955], [-121.93718037039568, 36.500005704363495], [-121.93722575687707, 36.50007620676592], [-121.93731382052103, 36.50021300072617], [-121.93741034719325, 36.50037696468791], [-121.93744129145982, 36.50042952946993], [-121.93751412596477, 36.50055325041822], [-121.93778586094831, 36.50096671677903], [-121.93795593718443, 36.501199975328355], [-121.93806063223754, 36.50136415744182], [-121.93812963722439, 36.50151168390773], [-121.9381605707112, 36.501649692795155], [-121.93816295034837, 36.501778184876976], [-121.93813439739709, 36.501899536629125], [-121.93807491006065, 36.50203992269353], [-121.93781078919746, 36.502506299035815], [-121.93773226925508, 36.502672862004864], [-121.93769419595841, 36.502765658711255], [-121.93767040138314, 36.502903669696], [-121.93767040138314, 36.503036918982765], [-121.93770133397166, 36.5031416145353], [-121.93780058792906, 36.503363934880284], [-121.93784600225827, 36.5035163994796], [-121.9378607570868, 36.50369840778616], [-121.93784410232144, 36.503831658593434], [-121.93781078919746, 36.50395301218162], [-121.93776147258666, 36.504068006952465], [-121.93745312586539, 36.504416251134195], [-121.93711360850207, 36.50477630468787], [-121.93674955006351, 36.50510705066909], [-121.9364901902713, 36.50536165187611], [-121.93635693957195, 36.505504418811626], [-121.93627127802311, 36.5056352923629], [-121.93624293527758, 36.50568471043101], [-121.93622028246102, 36.50572420803752], [-121.93617847935931, 36.50579709381664], [-121.93611423454512, 36.50597317441566], [-121.93606799735915, 36.506200831310856], [-121.93595696469171, 36.50701424030022], [-121.93594112469827, 36.50728825257706], [-121.93596012676149, 36.50756725250225], [-121.93599712657141, 36.50774225250629], [-121.93610709563355, 36.50793147058537], [-121.93620941374441, 36.50806948030366], [-121.93635218029758, 36.50820035024052], [-121.93648067172256, 36.508300286346554], [-121.93700891165233, 36.50863817048602], [-121.93730612645061, 36.50889125247274], [-121.93757512606413, 36.50918525259688], [-121.93781079099406, 36.509537606646994], [-121.9379012100207, 36.50971368668008], [-121.93798687156954, 36.50990880249047], [-121.93803208198116, 36.51004919063779], [-121.93810346480858, 36.510396592030645], [-121.93811060282182, 36.51055363626115], [-121.93811773993677, 36.51079634238895], [-121.93810346480858, 36.5109985954701], [-121.93808386626404, 36.51148945967998], [-121.93805111548541, 36.51196227858772], [-121.93798449103404, 36.51273560235767], [-121.93789883128181, 36.51323528986367], [-121.93783934394538, 36.51353986075854], [-121.93774654438327, 36.513877744407345], [-121.93773434256677, 36.51391292684823], [-121.93756332669287, 36.51440598400739], [-121.93744435471497, 36.51470103749011], [-121.93724209902874, 36.515096028009296], [-121.9369993949002, 36.51558381806831], [-121.9368352125107, 36.515850318243245], [-121.93675650032885, 36.51600610168164], [-121.93673590914592, 36.5160468538543], [-121.93672099711222, 36.51607636786876], [-121.93658060929793, 36.516276241272365], [-121.93628793638173, 36.51665457604194], [-121.9356787923808, 36.51733510122967], [-121.93548843757549, 36.517534976435776], [-121.93505968426678, 36.51792068337798], [-121.93489595103489, 36.518067975423946], [-121.93456282698146, 36.51833923333036], [-121.93384660829025, 36.518841300269926], [-121.93353252133433, 36.5190411737513], [-121.93299476105916, 36.5193457463421], [-121.93127678607888, 36.52018093133779], [-121.92880312762037, 36.52141825373228], [-121.928290012625, 36.521706731992644], [-121.92797258663117, 36.521906564142185], [-121.92738193265376, 36.522308944157636], [-121.92713302565821, 36.52249331150374], [-121.9268823633546, 36.52267898289343], [-121.92677947840677, 36.5227617702321]]}, "properties": {"County": "MON", "Route": 1, "bPM": 33.835, "ePM": 71.169}}, {"type": "Feature", "geometry": {"type": "LineString", "coordinates": [[-121.58680258639706, 36.04682446947267], [-121.58698807233357, 36.04697832363008], [-121.58784727227528, 36.047788890178424], [-121.58827417235953, 36.04821038514584], [-121.58903069935583, 36.04869132145018], [-121.5895332528584, 36.04904797117484], [-121.5896340393417, 36.049133487149724], [-121.5897409334706, 36.04924648906656], [-121.58982071105436, 36.04938094418445], [-121.58983866298699, 36.04952746938072], [-121.58982971127519, 36.049681943594734], [-121.58978368878654, 36.04983899076095], [-121.58971955446516, 36.04995810123066], [-121.58960890627667, 36.05011251577013], [-121.58947158081916, 36.050221057592076], [-121.58932590641946, 36.050319516204155], [-121.58846330635441, 36.050750162604466], [-121.5880418096366, 36.0509663139724], [-121.58776081481906, 36.0511392336226], [-121.58762032280022, 36.05127056177922], [-121.58751037529764, 36.05143243044119], [-121.58744198924998, 36.051593150527076], [-121.58742037578426, 36.05179309203493], [-121.58742037398763, 36.05213893313305], [-121.58767336921603, 36.054473644343034], [-121.58773919865837, 36.054619268952074], [-121.58782025544312, 36.054743554690496], [-121.58790853647933, 36.0548370858721], [-121.58798102782782, 36.054893234884865], [-121.58811621709155, 36.05498673683877], [-121.58923402763051, 36.05560023521417], [-121.58942517744488, 36.055737850235246], [-121.58959269617738, 36.05588375283261], [-121.58984602737569, 36.05619823605701], [-121.58992426255212, 36.05630978625879], [-121.5900494823128, 36.0565785486747], [-121.59014928514087, 36.05683481832233], [-121.59039874370201, 36.05780955505653], [-121.59098687161686, 36.06023919865785], [-121.59117060044866, 36.06103895802054], [-121.59119221481271, 36.0611524366525], [-121.59120748437589, 36.06127154815562], [-121.59125705970148, 36.06149827946764], [-121.59126927768766, 36.06161433611699], [-121.59125400542952, 36.061779259614234], [-121.59117600381508, 36.063081586843346], [-121.59116989437285, 36.0632709428493], [-121.59117294954312, 36.06353787260967], [-121.5912065447381, 36.063653930607536], [-121.59153805721395, 36.06429743748573], [-121.5917915492107, 36.06481053055687], [-121.59190455188356, 36.06513121357019], [-121.59197576313277, 36.065448442439255], [-121.59205681991749, 36.0656808045999], [-121.59215683025636, 36.06588661459904], [-121.59228205001708, 36.065984347801006], [-121.59237672705814, 36.06604542953826], [-121.5947857292741, 36.06706957596514], [-121.59527747245052, 36.067312746888575], [-121.5961312699241, 36.067874737986706], [-121.5965529597797, 36.068158249864155]]}, "properties": {"County": "MON", "Route": 1, "bPM": 26.128, "ePM": 27.939}}, {"type": "Feature", "geometry": {"type": "LineString", "coordinates": [[-121.34525237081142, 35.79517960275651], [-121.34543790256198, 35.795578042089886], [-121.34584990318893, 35.796184043390895], [-121.34604108354606, 35.79638346298211], [-121.34650460165624, 35.796717762344265], [-121.34665114113358, 35.79690023728093], [-121.34675580923722, 35.79709806231642], [-121.34679418885943, 35.79732833502982], [-121.34669425847059, 35.79756727247473], [-121.34614698234162, 35.79830490553362], [-121.34608069116523, 35.79848005143113], [-121.3460562686676, 35.79866148041761], [-121.34606313718626, 35.79881392521135], [-121.34610860271943, 35.79900270355422], [-121.34617813681399, 35.79922592666093], [-121.34629142694773, 35.7993041656748], [-121.34638563057663, 35.799311143451845], [-121.3464798324089, 35.79927974162876], [-121.34656007891324, 35.799192517515515], [-121.34661939377312, 35.79907040213894], [-121.34669963937912, 35.798927353146], [-121.34677040147069, 35.79885218117366], [-121.34692744584699, 35.79874748397604], [-121.34731870886563, 35.79859939027723], [-121.3474513316426, 35.79858226152703], [-121.34758732939008, 35.79858553295905], [-121.34774090716768, 35.79863418183301], [-121.34782810124241, 35.79873895131158], [-121.34779832927728, 35.79905205527153], [-121.34771266952505, 35.79978968838819], [-121.34770315007799, 35.800189439378265], [-121.34776501794992, 35.80040834955682], [-121.34787447137907, 35.80062725913209], [-121.34818410628446, 35.800960688196355], [-121.34843169634982, 35.80115472616037], [-121.34863589868525, 35.80134585662157], [-121.34879770323424, 35.8017408465574], [-121.34894998743783, 35.802016865281765], [-121.34913082728767, 35.80229288231847], [-121.34915873974019, 35.80243593035119], [-121.34915176072874, 35.802565022417056], [-121.34900709513708, 35.802792568292666], [-121.34897854128744, 35.802940096823214], [-121.34901435711782, 35.803043664322466], [-121.34909809357704, 35.80313089076432], [-121.34924980196054, 35.80321135314504], [-121.3494020861641, 35.80333984580269], [-121.34948298843861, 35.80348261218331], [-121.34951629976598, 35.803606344733204], [-121.34949250429243, 35.80378242533736], [-121.34949726536342, 35.80392519237963], [-121.34959530210365, 35.80408218126111], [-121.34987967279, 35.804180934452425], [-121.35006357589495, 35.804134584646036], [-121.3502920066919, 35.8039965747117], [-121.35048236059896, 35.80386332637711], [-121.35072506652408, 35.803744352431345], [-121.35092594419466, 35.80363265077073], [-121.35112481502887, 35.80353496059332], [-121.35130196639618, 35.80352722621481], [-121.3514720022081, 35.80356003611941], [-121.35164353820656, 35.803672970601134], [-121.35218605595946, 35.80439156676652], [-121.35232882430924, 35.804639030298894], [-121.35233834106138, 35.80496263630211], [-121.35237165328704, 35.80511492256667], [-121.35243794356514, 35.805209125450055], [-121.35258448214417, 35.80538357421055], [-121.35285230496464, 35.80565744055763], [-121.35313396723039, 35.805854227476814], [-121.35336450098347, 35.80595390734888], [-121.3536559665639, 35.80598122745978], [-121.35442750800189, 35.80595725133095], [-121.35509851628144, 35.80590966259147], [-121.35553157791024, 35.80597152845717], [-121.35601223048619, 35.8060809843972], [-121.35638170846084, 35.80621899435243], [-121.35657011482031, 35.80642484500567], [-121.3566913002471, 35.80664323167217], [-121.35678793471716, 35.80678054563393], [-121.35693070396528, 35.80686620746507], [-121.35716873415937, 35.80693490617318], [-121.35743039004544, 35.807032768472396], [-121.35787296842635, 35.80728023106102], [-121.35832506625434, 35.807556249478075], [-121.35843390972744, 35.80761570629882], [-121.35860785500746, 35.80767128224557], [-121.3591430461009, 35.80782531759104], [-121.35927619708727, 35.80787375317861], [-121.35939106466265, 35.807970276033565], [-121.35959995440726, 35.80816585007102], [-121.35968611901265, 35.80822725740007], [-121.35988596541728, 35.808333563048386], [-121.36014507098626, 35.80842326718445], [-121.36027332795095, 35.80844845700089], [-121.3603710188398, 35.808483348420395], [-121.36048615501146, 35.80853917218283], [-121.36059780392316, 35.80862290738858], [-121.36072356446967, 35.80876977453009], [-121.36080446494753, 35.80891254207837], [-121.36085205499631, 35.80912669364811], [-121.36082065438558, 35.80925578649587], [-121.36067597352255, 35.809326568119765], [-121.36055700064631, 35.80936939913081], [-121.36040471734105, 35.80941223011875], [-121.36020008201763, 35.80948361334753], [-121.35998593173873, 35.80960734529094], [-121.35974798329133, 35.80982625574056], [-121.35949100313631, 35.81015938028853], [-121.35935775333527, 35.810321183864716], [-121.35918167365813, 35.81051629971764], [-121.35904520429511, 35.81068385256224], [-121.35897703923304, 35.81084466577826], [-121.3589342093569, 35.81104453956847], [-121.35891993153379, 35.8112777265996], [-121.35864391428126, 35.8116869949665], [-121.35861060115728, 35.81194397669021], [-121.35887234417993, 35.81337641184662], [-121.35891993153379, 35.814152116097766], [-121.35890089623291, 35.81457090078654], [-121.35886282563119, 35.81483264164336], [-121.35876288625919, 35.81503251705078], [-121.35857768059705, 35.815304671045254], [-121.35856996856035, 35.81546222674845], [-121.3586579271014, 35.81561518927575], [-121.35872096907141, 35.81565622709967], [-121.35887069487305, 35.81571457717261], [-121.35900083380825, 35.815698766231655], [-121.35911028813574, 35.81566545434248], [-121.35921022750773, 35.8156083469654], [-121.35957666378685, 35.81508962484198], [-121.35999544938916, 35.81457565906993], [-121.3603142965178, 35.814318678578594], [-121.36046658251801, 35.81420446403148], [-121.36072832284573, 35.814066454841004], [-121.36092819979307, 35.81394272401773], [-121.36103765322223, 35.813823750601664], [-121.36116138447453, 35.81365718781104], [-121.36129463607219, 35.81333358153983], [-121.3614897492536, 35.812971902553336], [-121.36166194551377, 35.812551858637896], [-121.36170866150181, 35.812224752620374], [-121.36175149137792, 35.81206770771413], [-121.36191664304965, 35.811787768255535], [-121.36202976699508, 35.8116942674202], [-121.36217979463066, 35.811596574774164], [-121.36237021052143, 35.811550518504035], [-121.36265896857964, 35.811532227698585], [-121.36299696868844, 35.81156422713501], [-121.36344482018008, 35.81162378731378], [-121.36387396515423, 35.811668096636865], [-121.36411667646927, 35.81168699423801], [-121.36459256887251, 35.8116013332358], [-121.36497804135082, 35.81150615447893], [-121.36518582526926, 35.8114796922393], [-121.36541958666915, 35.81148318095739], [-121.36561204263391, 35.81152402204035], [-121.36595512720724, 35.81171289620468], [-121.36618133467388, 35.81188821432827], [-121.3662556379243, 35.81200896012445], [-121.3663857067909, 35.813126936549395], [-121.36656915175507, 35.81349127446382], [-121.36680070868924, 35.81367146428152], [-121.36707587793211, 35.813830488166936], [-121.36744296908307, 35.81394022538914], [-121.36782001177076, 35.8140022314201], [-121.36803643029577, 35.8140187762606], [-121.36844454211587, 35.814040610462094], [-121.36876552813317, 35.81406852148764], [-121.36900277948793, 35.814096432503376], [-121.3692664628716, 35.81415728307293], [-121.36962876600208, 35.814310089310034], [-121.36971085764601, 35.81438147323522], [-121.36982150134291, 35.81459205591415], [-121.36985362509748, 35.814709837881786], [-121.36990294799648, 35.815156254917234], [-121.37003208441182, 35.81615536133823], [-121.37008205319951, 35.81641234316943], [-121.37018555978149, 35.816651478161425], [-121.37028549735686, 35.81679781617767], [-121.37041259729143, 35.81695950715968], [-121.37058405244152, 35.81711216523069], [-121.37073630879732, 35.81722039006086], [-121.37089680180598, 35.81732157153359], [-121.37107889480566, 35.81741207116143], [-121.37127200384568, 35.81746824557812], [-121.37143251392231, 35.81749610440861], [-121.37158254065962, 35.81751354958945], [-121.37335475950998, 35.81760739613215], [-121.37352506032492, 35.81768016402133], [-121.37382822556364, 35.817805719559146], [-121.3739067464043, 35.81790565613292], [-121.3739567160903, 35.818091253958336], [-121.37397099032017, 35.81825543642848], [-121.37390065133512, 35.81856349926679], [-121.37381499158288, 35.818877588567645], [-121.37381499158288, 35.81907032551244], [-121.37395173133878, 35.819243699277614], [-121.37440606327688, 35.81964068709803], [-121.37447744610432, 35.81974776342104], [-121.37453455470188, 35.81988339249443], [-121.37454883072836, 35.82001188367179], [-121.3745131388655, 35.820126096420324], [-121.37430902187, 35.820571405694125], [-121.37418992592458, 35.820800776337094], [-121.37411491480174, 35.82106829980072], [-121.37408661876863, 35.82121435579845], [-121.37417228031747, 35.821438025626335], [-121.37421730387949, 35.821508016281065], [-121.37432397163296, 35.821617227917955], [-121.3744832923402, 35.82172980457422], [-121.37462100676818, 35.8217791006512], [-121.37482866043095, 35.82183688390643], [-121.37511828177011, 35.82186466690802], [-121.37553376426713, 35.82184030734263], [-121.37572565878486, 35.82181239540729], [-121.37584777306964, 35.821756572235664], [-121.37598035632074, 35.82167283631195], [-121.37606770760064, 35.821597493571694], [-121.37639733900426, 35.821181403137906], [-121.37653252736969, 35.821101112655874], [-121.37671015394577, 35.82104190411858], [-121.37687120390991, 35.821030062551515], [-121.3770130029775, 35.8210379736829], [-121.37713623386817, 35.82107629323727], [-121.3772738207354, 35.82114453314443], [-121.37738082715373, 35.821230036714816], [-121.37746188393845, 35.82132730305089], [-121.37752898719187, 35.821453618362845], [-121.3775501308387, 35.821590572382114], [-121.37761859324314, 35.82228377437954], [-121.37761859324314, 35.822408060344415], [-121.37766990860541, 35.822530425365144], [-121.37773209987085, 35.822623159562646], [-121.37791699202097, 35.82278533179469], [-121.37810213839425, 35.82287450828082], [-121.37823231146547, 35.82292606745412], [-121.37833511017502, 35.822961103286666], [-121.37857186026982, 35.82298108421485], [-121.37920736982431, 35.822949505284974], [-121.37936597277759, 35.82294822624883], [-121.37962339580206, 35.8230186861054], [-121.37984583932764, 35.82308741454201], [-121.37998003146144, 35.823150617438884], [-121.38014187194301, 35.823253247380286], [-121.38026818136017, 35.82335587646065], [-121.38040633596266, 35.823478241477034], [-121.38080141951617, 35.82406161723288], [-121.38093310984189, 35.82423394362822], [-121.38105152755928, 35.82439972745562], [-121.38118968216176, 35.8245418295805], [-121.38139493911935, 35.824707614221516], [-121.38234149483256, 35.8254449842915], [-121.38254684251997, 35.8255800792139], [-121.3827677957405, 35.825669560654504], [-121.38284674058602, 35.8256814022578], [-121.38301555648577, 35.82568420861116], [-121.38361138565753, 35.8256557320952], [-121.38390998296303, 35.825688003342705], [-121.38420297388282, 35.82574122716437], [-121.38480562036928, 35.82587728665109], [-121.38511485372774, 35.825964685395945], [-121.38533136747415, 35.82605106508003], [-121.38560588274352, 35.82619958611641], [-121.38573398879122, 35.82630368993698], [-121.38583266962351, 35.82639447721963], [-121.38589888264646, 35.82648858712216], [-121.3859787177224, 35.82658789148475], [-121.38647538905646, 35.82754165045603], [-121.386702348413, 35.827855070580206], [-121.38722111111656, 35.82836302540772], [-121.38757776025065, 35.82862781036032], [-121.38848559588014, 35.82914657366333], [-121.38873114048158, 35.829325065188506], [-121.38884166470257, 35.829439536200006], [-121.3891434034166, 35.82982207346512], [-121.38922795285113, 35.82998572112229], [-121.3893393924554, 35.83033000113614], [-121.3894528739303, 35.83057317128369], [-121.3896906391214, 35.83091901242476], [-121.38982526064987, 35.83102924676397], [-121.39002063883426, 35.83113801341485], [-121.39022525080148, 35.83117659246773], [-121.39052388403958, 35.83129056046355], [-121.39073188535036, 35.83141656058688], [-121.39168967629281, 35.832165484644165], [-121.39180414771116, 35.83224048160847], [-121.39188309345495, 35.83232337248594], [-121.39193974930163, 35.83249824380481], [-121.39199501006463, 35.83273507919034], [-121.39190078577447, 35.8332534456737], [-121.3918968367805, 35.83336791538796], [-121.39192051996463, 35.83349028026168], [-121.39198762321803, 35.83361264567495], [-121.39208080276754, 35.833692698461036], [-121.39219288287057, 35.833754746597535], [-121.3924627772061, 35.83387488088065], [-121.39269967103135, 35.833949697800804], [-121.39282595349908, 35.83401689175528], [-121.39290884733852, 35.834076099352636], [-121.3930122649873, 35.83417478028272], [-121.39308726263545, 35.83429319883901], [-121.39312673460903, 35.83441161649025], [-121.39313462990204, 35.834553717438496], [-121.3930969761186, 35.834697723293516], [-121.39293831118154, 35.83491240758991], [-121.39255464252034, 35.83517719035184], [-121.39239793141901, 35.83530688244373], [-121.39211410960331, 35.83559730244189], [-121.39203669818203, 35.83568976866376], [-121.39196754048155, 35.83578357041164], [-121.39191200393573, 35.83595872686541], [-121.39196500274086, 35.836104728515096], [-121.39202303390822, 35.83618333974694], [-121.39209013805997, 35.83623070788499], [-121.3921500026888, 35.83626572764843], [-121.39231877996102, 35.836345418726694], [-121.39247311681501, 35.83637117355055], [-121.39284723009658, 35.83635225852125], [-121.39303670006136, 35.83631673338511], [-121.39323011542683, 35.836241735904125], [-121.39384074164798, 35.835928316861086], [-121.39405862532519, 35.835833730945865], [-121.39422441120752, 35.83578241465875], [-121.39442975440336, 35.835749991667925], [-121.39463108482482, 35.83574267262433], [-121.39495538203231, 35.83579431519882], [-121.3951211670163, 35.83585352365456], [-121.39530668708876, 35.83593246867908], [-121.39591579515705, 35.836457886372486], [-121.39617368350882, 35.83664109656461], [-121.39635131188153, 35.8367437243536], [-121.39645877464403, 35.83679270887973], [-121.39690651294794, 35.83695775861074], [-121.3972277783413, 35.837046479308164], [-121.3973373099239, 35.83708527250696], [-121.39743154948542, 35.837133781274744], [-121.39756089790318, 35.83722769055277], [-121.39760989201879, 35.83725257847369], [-121.39770444509233, 35.83731168461459], [-121.3980827094888, 35.83763591045723], [-121.3981745739047, 35.83773317853423], [-121.39840153236291, 35.83800877137833], [-121.39934719425237, 35.839105738436686], [-121.39957415271061, 35.83939754272926], [-121.39976868827527, 35.83955965665138], [-121.39994631664798, 35.83968596843227], [-121.40003710308554, 35.83972544268865], [-121.40012394232573, 35.839757019312316], [-121.40026999222125, 35.83979254436439], [-121.4004009315554, 35.83982984554266], [-121.40055092954658, 35.83984958045283], [-121.40070487024356, 35.83988510691987], [-121.40083907585208, 35.83994036753034], [-121.4009259168889, 35.83999957653293], [-121.40101670332646, 35.84010615277191], [-121.40106801779042, 35.840216676559315], [-121.4010764035636, 35.840494509517384], [-121.40093701737086, 35.84096596540258], [-121.40088727136536, 35.8412672507317], [-121.40090348236299, 35.84143476779833], [-121.40094235156702, 35.841586496932315], [-121.40099427149549, 35.84171660163544], [-121.40106532014964, 35.84185080957171], [-121.40115746034832, 35.841980549738366], [-121.4012730447793, 35.84209895373066], [-121.4013790154401, 35.84220750786315], [-121.40160941175093, 35.84237380539001], [-121.40186531662253, 35.84250196887423], [-121.40200110416424, 35.84255881368237], [-121.4034771978728, 35.84329047995961], [-121.40363114216305, 35.84340100295106], [-121.40381666313385, 35.84355494566658], [-121.40398639441689, 35.84370494202189], [-121.40414034858857, 35.843828642470484], [-121.40424692471389, 35.84389179899219], [-121.40459771862896, 35.84403698066679], [-121.4048978637317, 35.8441391605197], [-121.4050162059906, 35.844190700779535], [-121.40517409478326, 35.84428543401848], [-121.40540303582331, 35.84449463973692], [-121.40551355914596, 35.84465252852879], [-121.40558460959673, 35.844778840938034], [-121.40561618897222, 35.84494462698958], [-121.40560829457755, 35.845177513455866], [-121.40550750360264, 35.84573077272044], [-121.40553513398416, 35.84586892491564], [-121.40558464642768, 35.84601406510633], [-121.40567723578401, 35.84613733961626], [-121.40576802222158, 35.84620444314944], [-121.40589038803463, 35.84623207489908], [-121.40649981410651, 35.846266277613516], [-121.40663647930228, 35.84631083993239], [-121.40678820026217, 35.84640624491992], [-121.40689477728583, 35.84648518963687], [-121.40697372033466, 35.84658781779703], [-121.40703687728903, 35.84667860444378], [-121.40708508627705, 35.846763543846755], [-121.4071050010286, 35.84686079781867], [-121.40715565702746, 35.84792470600171], [-121.40721552435124, 35.848262466972294], [-121.4072614767713, 35.84848905688296], [-121.40739986852903, 35.84896547704793], [-121.40742163201342, 35.84905253289153], [-121.40755596158941, 35.849298601167845], [-121.40783007531185, 35.849641242075876], [-121.40814987555301, 35.84993439324594], [-121.40830270952554, 35.850095820848246], [-121.40850007298673, 35.85023002916834], [-121.4091118256952, 35.85054553895039], [-121.40930129476169, 35.850675799338475], [-121.4094433956632, 35.85082579533233], [-121.40954602369285, 35.851070524914014], [-121.40988456728242, 35.852366614340355], [-121.41001425705997, 35.85271785914076], [-121.41009702064373, 35.85285312751384], [-121.4101601775981, 35.85296759588531], [-121.41029438500321, 35.85311759191245], [-121.41046817487471, 35.85324742941636], [-121.41066811650076, 35.8533879268362], [-121.41089507316235, 35.85351761827743], [-121.41129698840363, 35.8537373119189], [-121.41138382764382, 35.85380046710244], [-121.41147066688401, 35.85389125495699], [-121.4115338247367, 35.85398993599178], [-121.41159756379938, 35.85418768722307], [-121.41170498523935, 35.85480852740177], [-121.41177209478097, 35.85500316547883], [-121.41187471742073, 35.85521904202672], [-121.4121180180306, 35.85555699690394], [-121.41221275166549, 35.85566751954593], [-121.41236146147259, 35.855818847217755], [-121.41260266900784, 35.85603578016829], [-121.41284036592695, 35.85623197840935], [-121.41444198033187, 35.8574012283121], [-121.41489646498356, 35.85770298705724], [-121.41509381137674, 35.857808219532465], [-121.41592058932319, 35.85817027226055], [-121.41632046988035, 35.858343192926306], [-121.41660592303663, 35.85845261741803], [-121.41664469612091, 35.858467479922425], [-121.41752551132497, 35.85866201655369], [-121.41801185382992, 35.85875928432626], [-121.41861471770865, 35.85891297517222], [-121.41989236818104, 35.85909972204651], [-121.42068131986754, 35.859202394308106], [-121.42134192565612, 35.85935181430354], [-121.42185393841861, 35.85949960101249], [-121.42297792577348, 35.85971035008639], [-121.42359395715764, 35.85981302082909], [-121.42425685904013, 35.85994870664068], [-121.42475731946804, 35.860141581891966], [-121.42504640810624, 35.86026729156662], [-121.42627735157377, 35.8610297030143], [-121.42784936020186, 35.86187420051584], [-121.42815474787258, 35.86205018680868], [-121.42837225335907, 35.86220350580786], [-121.4285031396926, 35.86231725814025], [-121.42867934333727, 35.862506941096434], [-121.42887345130384, 35.86276348306528], [-121.4291058131285, 35.86313094194327], [-121.42928413679724, 35.86336330397398], [-121.42953835642938, 35.86357781895007], [-121.42974673862582, 35.86372770899754], [-121.4308289848627, 35.86432422695028], [-121.4313699979375, 35.86463319199926], [-121.43246156060216, 35.8653086647836], [-121.43428263612591, 35.866162461821425], [-121.43467170815357, 35.86632457489957], [-121.43483940924406, 35.8663901740814], [-121.43499053012937, 35.86642184273289], [-121.43520298977889, 35.866477240639185], [-121.43541202415224, 35.86655153396225], [-121.43554711909289, 35.86663799393593], [-121.4356660039342, 35.86674606968036], [-121.43575246318706, 35.86690818302066], [-121.43581730897417, 35.86704327794554], [-121.43597401917715, 35.867475580011956], [-121.43608749885541, 35.86765390448241], [-121.43616061543133, 35.86774895547394], [-121.4378663481709, 35.86952951675727], [-121.43890460750158, 35.87053487290639], [-121.43911298879972, 35.87069572861916], [-121.43928115701416, 35.87080174894735], [-121.43970803014898, 35.870988034685865], [-121.43993498950552, 35.871052881686104], [-121.44040511831791, 35.87116636071511], [-121.44139400983379, 35.87136089675128], [-121.4422099810474, 35.871539222669306], [-121.44304216325861, 35.871744565404065], [-121.44336660778976, 35.87186232877462], [-121.44348359628752, 35.87192082095124], [-121.44361154962166, 35.871993938659095], [-121.44392297936099, 35.87221469482324], [-121.44406298898456, 35.872348165431546], [-121.44429043612628, 35.872674015422966], [-121.44493888950569, 35.874127631952604], [-121.44522598747722, 35.874807228182455], [-121.44535498106046, 35.875062485620475], [-121.4455495166251, 35.8753867128801], [-121.44571163109288, 35.87562448000401], [-121.44590076418943, 35.875873052737326], [-121.44645735225461, 35.87654852506516], [-121.44674915649992, 35.876861945151575], [-121.44698765920786, 35.877097096202654], [-121.44951048875011, 35.87932066399745], [-121.4508957466138, 35.88060304096958], [-121.45149367514836, 35.88109310521834], [-121.45208809127017, 35.88166050034423], [-121.45221237857962, 35.88176857597732], [-121.45235287688668, 35.881855036086456], [-121.45249337429544, 35.8819252864023], [-121.4529851183702, 35.88212522495678], [-121.45335610910777, 35.882248213315826], [-121.4535903430215, 35.88231976101322], [-121.4538551277397, 35.88237920329945], [-121.4541307209874, 35.88242783720237], [-121.4543846980744, 35.88248727867963], [-121.45456302174314, 35.88253050908159], [-121.4549358836715, 35.882638584255325], [-121.45516824639445, 35.88274125586129], [-121.45536818622388, 35.882843928062016], [-121.45569241336274, 35.88306007813447], [-121.45623326384248, 35.883436312167184], [-121.45709199216866, 35.88420568062819], [-121.45872689184978, 35.88559514425756], [-121.45872702300382, 35.88559525488397], [-121.45930782425917, 35.88607217036261], [-121.45995490591115, 35.88663516813936], [-121.46020456928817, 35.88688054988013], [-121.46039910664948, 35.887107509737284], [-121.46050718116467, 35.88732906510886], [-121.46054500742468, 35.887550619132746], [-121.46054500742468, 35.887842423426314], [-121.46053420069181, 35.8880801902787], [-121.4605396031599, 35.88826391799329], [-121.46059904468227, 35.88843143618657], [-121.46072333468665, 35.888631376510325], [-121.46088714517367, 35.888825378409116], [-121.46106628002109, 35.889095911024775], [-121.46116644487022, 35.88930144404757], [-121.46120426933358, 35.88954461384206], [-121.46120426933358, 35.88976076527562], [-121.46115599207359, 35.89000322845554], [-121.4610772475524, 35.89020874747901], [-121.46084693029336, 35.89062185658333], [-121.46074090932687, 35.890954537081214], [-121.46070712189241, 35.89114413328635], [-121.46069741290081, 35.8912246992734], [-121.46069576449227, 35.89123837230408], [-121.46068550573172, 35.89140351537247], [-121.46070712279072, 35.89206817922671], [-121.46067266521305, 35.892694989211485], [-121.46066177853014, 35.89300749322379], [-121.46065687462699, 35.89314825491299], [-121.46066947260056, 35.89359786844544], [-121.46058549090127, 35.89407862397246], [-121.46045571937701, 35.89442098759721], [-121.46036668375592, 35.89477006951608], [-121.46029103033764, 35.89504025944075], [-121.4602207811841, 35.895261813719515], [-121.46012891676821, 35.89544554150717], [-121.45998842025776, 35.89560225106455], [-121.45988034394595, 35.89573194255204], [-121.45982090242359, 35.89587784358415], [-121.45973984474055, 35.89611020708538], [-121.45971823037651, 35.896266916782395], [-121.45971282611175, 35.896450645148214], [-121.45972363374295, 35.89684512017259], [-121.45978848042836, 35.89722338520834], [-121.4598678977877, 35.897544544019226], [-121.4599776126266, 35.8979150688923], [-121.4601235143001, 35.898206874283225], [-121.46022618544886, 35.898379794168164], [-121.4603657593895, 35.89858415189132], [-121.46058001477128, 35.89881940435716], [-121.46065617483939, 35.89891716422772], [-121.46107437563845, 35.89925017807388], [-121.46132835631872, 35.89938527241881], [-121.46208416106954, 35.89965681971567], [-121.46226315308485, 35.89976518441503], [-121.46238745117407, 35.89987486023444], [-121.46253368522424, 35.900043029140974], [-121.46269819729548, 35.90031355908175], [-121.46275669109521, 35.900489040850495], [-121.46278164180222, 35.90062062718108], [-121.46281337478962, 35.90074007000389], [-121.46280511298396, 35.90087656619883], [-121.46276950466442, 35.901014256254165], [-121.46267558041158, 35.9011897772185], [-121.4621175083295, 35.90208138353539], [-121.46167980330901, 35.902729835251016], [-121.46153390073721, 35.90296760323565], [-121.46142582532367, 35.90319456209135], [-121.46111781008072, 35.90405376241132], [-121.46108538898382, 35.904264510843504], [-121.46110671409035, 35.90438316741749], [-121.46115119327335, 35.9045679443786], [-121.46126452383126, 35.904739768381816], [-121.46142071301139, 35.90492116831858], [-121.4621052705804, 35.90548830829693], [-121.46218935468762, 35.90559798346182], [-121.46256602367615, 35.90660434646954], [-121.46267409998798, 35.90683670904125], [-121.46287299328009, 35.90714586407486], [-121.4653273541297, 35.91013841904768], [-121.46567599298639, 35.91058319882852], [-121.46596703186711, 35.91093471377087], [-121.46668910847224, 35.911781166792956], [-121.4673267542205, 35.91255390777824], [-121.46837508725874, 35.91379677624172], [-121.46867769913524, 35.91417504174225], [-121.46884586645137, 35.914412671299154], [-121.46893360849843, 35.91457389187404], [-121.46906156273086, 35.9148261458996], [-121.46918220557522, 35.915169794089095], [-121.46923704233342, 35.91548785209167], [-121.46924670551091, 35.915791492857714], [-121.46924800986473, 35.91602891530695], [-121.46913324918886, 35.916604240298305], [-121.46905647557143, 35.91682761120831], [-121.46895411164648, 35.91702137012601], [-121.46876009440973, 35.917326745945374], [-121.46874534497108, 35.917349962351466], [-121.46705199460936, 35.91970823049858], [-121.4667161288977, 35.92035696697834], [-121.46653780343233, 35.92077846154829], [-121.4663804051198, 35.92118902278929], [-121.46616699595104, 35.921992230737125], [-121.4660952493059, 35.922449555229655], [-121.46605599472463, 35.92277223099661], [-121.46603099550858, 35.923576231068964], [-121.46609159495932, 35.92417401139424], [-121.46616399467966, 35.924698230840164], [-121.46625610703057, 35.92508796980176], [-121.46633999530505, 35.92539523127889], [-121.46687603081489, 35.9267893904906], [-121.46720782356509, 35.927636860277836], [-121.46791220066419, 35.929409533403785], [-121.46839111589834, 35.93062692563998], [-121.46852099162719, 35.931002411315596], [-121.46887199664637, 35.93268423080626], [-121.46888450927995, 35.93274966081687], [-121.4691910620656, 35.934352754077764], [-121.46942199646728, 35.935296232091666], [-121.46980867358637, 35.93619892491098], [-121.47041231360953, 35.9371735281138], [-121.47143903408035, 35.938627145150924], [-121.47264948068803, 35.94039418036564], [-121.47621057135757, 35.94549534809897], [-121.47946905104888, 35.95017502182826], [-121.48054907036217, 35.95176337770945], [-121.48080999951118, 35.952369232692305], [-121.48104301620768, 35.952889916477346], [-121.48121632907375, 35.95334053286752], [-121.4813376483495, 35.95388647093134], [-121.4814306239814, 35.95455208310502], [-121.48147925877086, 35.95630831082232], [-121.48154410455798, 35.95696757275954], [-121.48172242822672, 35.957767331203506], [-121.48198721384324, 35.958572494334526], [-121.48225740282618, 35.95919393035159], [-121.48247355544986, 35.95959380913022], [-121.48276535969518, 35.9600963610967], [-121.48305716304218, 35.960442202555], [-121.48337058165154, 35.96086369644342], [-121.48360834684263, 35.96124196217066], [-121.48382990283274, 35.96176072462682], [-121.4841433223404, 35.965127279348344], [-121.48410009271399, 35.96572169538146], [-121.4836253896802, 35.96707130618373], [-121.48345829135926, 35.96740621421593], [-121.48341546148313, 35.96784522479591], [-121.48341449040431, 35.96791714513208], [-121.48341189337484, 35.968109345821816], [-121.48342616760468, 35.968219991256696], [-121.4835560648931, 35.96852714103698], [-121.48375537590181, 35.96896909134302], [-121.48431864383947, 35.969956978843825], [-121.48449100359304, 35.970365234434105], [-121.48468549514023, 35.97065697244117], [-121.4852632043944, 35.971326156149296], [-121.48695869364481, 35.97297897084525], [-121.48736896591318, 35.973466579993406], [-121.48753689697237, 35.97374090447991], [-121.48769360717537, 35.974129976303146], [-121.48781958152091, 35.97455845616858], [-121.48788814453668, 35.974983773513905], [-121.48800156043455, 35.97526904104996], [-121.48867709442654, 35.97711826648319], [-121.4889851114661, 35.977977467541436], [-121.48921475678534, 35.9786659885519], [-121.48940540174651, 35.97902128256684], [-121.4897606935262, 35.97949789575032], [-121.49005532836297, 35.979948510790045], [-121.4901577309155, 35.98020382448914], [-121.49010909792264, 35.98064693357424], [-121.49002933111865, 35.98102652057617], [-121.4900560056927, 35.98121323449984], [-121.49026580722733, 35.98173309350443], [-121.49064200549861, 35.982476234782105], [-121.49076035494404, 35.98270454062723], [-121.49086403310426, 35.98290454285526], [-121.49103568947694, 35.9832564129575], [-121.49137898695098, 35.983883799190785], [-121.49158433194347, 35.98420262160921], [-121.49182209803287, 35.984445791111334], [-121.49210309285036, 35.98471057767093], [-121.49238409126114, 35.98494293891892], [-121.49263266228677, 35.98521312677319], [-121.49279477675451, 35.98562381484298], [-121.49374584201045, 35.9877583093354], [-121.4941322172956, 35.98863567500694], [-121.49421486858996, 35.98880557038998], [-121.49423720340286, 35.98885148438368], [-121.4943789863008, 35.989142922922554], [-121.49462665901113, 35.98960099704138], [-121.49493099295803, 35.99010803450734], [-121.49570741494294, 35.991308591272194], [-121.49598841065875, 35.99172468211056], [-121.4963379505257, 35.99229190727518], [-121.49645926890314, 35.992543213319685], [-121.49712320564478, 35.99403209653769], [-121.49754470056598, 35.995004776783595], [-121.49777706239064, 35.99558838426125], [-121.49797500796015, 35.996020235475825], [-121.49827421073013, 35.99653404673785], [-121.5007869683614, 35.99953314350013], [-121.50117063792092, 35.999970849636874], [-121.50153269042146, 36.00031669154518], [-121.5018028785061, 36.00052743841875], [-121.50202983786264, 36.00065172667324], [-121.50242971752147, 36.000824647050706], [-121.50300251838094, 36.00114887337169], [-121.50383470149046, 36.001797326374835], [-121.5044237124492, 36.00216478565146], [-121.5047371328552, 36.00243497266005], [-121.50505562874254, 36.00278951648763], [-121.50549906591289, 36.00306181176247], [-121.5061580098182, 36.00339323577815], [-121.50690501107921, 36.00387323575686], [-121.5072174666946, 36.0041155488725], [-121.50782269044763, 36.004661330574116], [-121.50867016647655, 36.005192432702366], [-121.50895200032052, 36.00537122941566], [-121.50907134779423, 36.00558534048617], [-121.50926009641182, 36.00576370101564], [-121.50983991940187, 36.00605307937756], [-121.51066420182846, 36.00658643795551], [-121.51124328370838, 36.00702278164297], [-121.51148556562872, 36.007165685357954], [-121.51245605335939, 36.0075298495437], [-121.51293923918442, 36.00768395994934], [-121.51344262273028, 36.00782794594602], [-121.5142207667856, 36.00791440558034], [-121.5143936888845, 36.00791440558034], [-121.51497729557852, 36.007898193361534], [-121.51512888268947, 36.0078988262994], [-121.51526378539062, 36.00791216522773], [-121.51645097192065, 36.00823738047949], [-121.5167071489818, 36.008292483605835], [-121.51699018836489, 36.00833703609283], [-121.51726536569262, 36.008368483695186], [-121.51751957903653, 36.00838945117868], [-121.51776597793582, 36.008425950602586], [-121.51806206265348, 36.008507415151406], [-121.51816311683473, 36.008549950271274], [-121.51831104420921, 36.00861221308808], [-121.51842512935197, 36.00866891245173], [-121.51861404056463, 36.00876279702086], [-121.51912336466948, 36.0090544344885], [-121.5197092997967, 36.00933210507854], [-121.52044588239708, 36.00961807246357], [-121.52093982734425, 36.0097047292403], [-121.52140777235218, 36.00973072705405], [-121.52271455788417, 36.00974805940958], [-121.52322584480791, 36.00986067239461], [-121.52358111592636, 36.00996474041857], [-121.52396241752682, 36.010155345414354], [-121.5241790696138, 36.0103144370099], [-121.52428501332514, 36.01046399310645], [-121.5245083542677, 36.01077927393216], [-121.52466086933832, 36.01100536586957], [-121.52486805857208, 36.011251859274644], [-121.52502043081056, 36.0114506061426], [-121.52543117289783, 36.01187791108388], [-121.52592804096292, 36.0123648394956], [-121.52621290931596, 36.01265964848163], [-121.52663865326844, 36.01306420692627], [-121.52723804515863, 36.01365974856283], [-121.52853789839158, 36.014777620516064], [-121.52882204899069, 36.01491650797914], [-121.52907353325278, 36.015002643035224], [-121.52928140161292, 36.01506363208829], [-121.52945472705538, 36.015089585264484], [-121.53001807045152, 36.01514994137068], [-121.53036960637505, 36.01519981241684], [-121.53125707090884, 36.01548856686141], [-121.53176839825676, 36.015644448437655], [-121.53198299320172, 36.01566882686326], [-121.5323555910254, 36.015737771024305], [-121.53257651280491, 36.015801909348525], [-121.53304213387116, 36.01594982380477], [-121.53375543393598, 36.01627945415624], [-121.53455519325365, 36.016727969933235], [-121.53488482106403, 36.01693331211333], [-121.5352090499995, 36.01728455740278], [-121.5356035253936, 36.01776009002202], [-121.53587371437654, 36.01805729835928], [-121.53621415251303, 36.01831127604638], [-121.53665185753353, 36.018522022048195], [-121.537948766089, 36.019002958020955], [-121.5398977482345, 36.01965886701625], [-121.5401061205495, 36.01972762023161], [-121.54045204200243, 36.01984175783307], [-121.54249840511801, 36.02050881985969], [-121.54274095293964, 36.02054376463958], [-121.54313957405876, 36.02054376609273], [-121.54366471480081, 36.020490903533634], [-121.5443753010552, 36.02039558198443], [-121.54534585705782, 36.02043024345458], [-121.54598718859367, 36.02048195735742], [-121.54678802948291, 36.02067780739964], [-121.54744284473118, 36.02083794071458], [-121.5481795360277, 36.020941519802065], [-121.54861281864208, 36.020941519802065], [-121.54896707286761, 36.02090508865754], [-121.54938316442238, 36.02081862946732], [-121.55044127921579, 36.02062088853356], [-121.55088322787769, 36.02054289712344], [-121.55133384528207, 36.02053423140638], [-121.5515825034443, 36.020575458036156], [-121.55180946190251, 36.02065651550541], [-121.55197697883837, 36.020786205248534], [-121.55246872291309, 36.02133198850976], [-121.55272035449892, 36.02155678306748], [-121.55291956848959, 36.02164371152747], [-121.55319823397556, 36.02175348195707], [-121.55366486295159, 36.02186894112633], [-121.55409616208581, 36.0219619373868], [-121.55437625768971, 36.02200745935669], [-121.55474841264393, 36.022027897190505], [-121.55503409217563, 36.021998731317474], [-121.55620273568157, 36.02192640327703], [-121.55736454839808, 36.021861557917354], [-121.5579211373616, 36.02183453894118], [-121.5592612746452, 36.02178050096104], [-121.55982867123986, 36.021829134854215], [-121.56022855089871, 36.021883172801], [-121.56085538901577, 36.02191019103394], [-121.56119582805056, 36.02188317352757], [-121.56166055169987, 36.02180752068231], [-121.56227687054495, 36.02168676558263], [-121.56281414213657, 36.021574112822535], [-121.56339202027402, 36.02139523370437], [-121.56396702020928, 36.021227233640296], [-121.5646570197723, 36.021180233402546], [-121.56514043556604, 36.02125945351534], [-121.56555011494629, 36.021402964250385], [-121.56717234658525, 36.0221405202399], [-121.56760471201972, 36.02233709052679], [-121.56870167805081, 36.022807218426095], [-121.56944740100921, 36.02316927168172], [-121.57014989164624, 36.0235745550251], [-121.57055517556982, 36.02384474348909], [-121.57091722896864, 36.024131143542625], [-121.57130630099631, 36.024509407512156], [-121.57176562217748, 36.024995748592225], [-121.5721330789428, 36.0254010334385], [-121.57241947982168, 36.025757682582125], [-121.57273289932935, 36.026233214199586], [-121.57299074007041, 36.026786224785795], [-121.57396979323732, 36.02905106990821], [-121.57434796600563, 36.02994608284778], [-121.57452155106124, 36.030269838507195], [-121.57464802307345, 36.0304822335797], [-121.57538615436938, 36.031361400627084], [-121.57584547644885, 36.03192339346534], [-121.57646150783306, 36.03286365191815], [-121.57685598322713, 36.03355533472632], [-121.57708294348198, 36.033895773499054], [-121.5780880450972, 36.035133238778464], [-121.57838525270896, 36.035543926194116], [-121.57914718756327, 36.036576046793456], [-121.57960650694781, 36.03724071308969], [-121.57994694777925, 36.037867549970706], [-121.58013607818083, 36.03829985384651], [-121.58032521037909, 36.0387861940506], [-121.58047651631735, 36.03929955296335], [-121.58062241888913, 36.039839930056324], [-121.58087639687447, 36.04041273194414], [-121.5811195645337, 36.040785591941884], [-121.58138975621156, 36.04107739636592], [-121.58339464321215, 36.04306734794071]]}, "properties": {"County": "MON", "Route": 1, "bPM": 0, "ePM": 25.806}}, {"type": "Feature", "geometry": {"type": "LineString", "coordinates": [[-121.5965529597797, 36.068158249864155], [-121.59708773944476, 36.06851778991679], [-121.59796670411936, 36.06916385141716]]}, "properties": {"County": "MON", "Route": 1, "bPM": 27.939, "ePM": 28.044}}, {"type": "Feature", "geometry": {"type": "LineString", "coordinates": [[-121.59796670411936, 36.06916385141716], [-121.59803297373618, 36.06921256060917], [-121.59847247718386, 36.06950417034106], [-121.59869069772932, 36.0696217814003], [-121.59869735334726, 36.069624920374594], [-121.59888507519048, 36.069713437509655], [-121.59911840360238, 36.06979517777398], [-121.59922189221807, 36.06983143236727], [-121.59999483682451, 36.070008356430925], [-121.6012226685279, 36.070330477724156], [-121.60177306450585, 36.07050612926066], [-121.60354750848322, 36.07141183756988], [-121.60531403201469, 36.072141233754365], [-121.605492377243, 36.07223767328719], [-121.6056670321921, 36.07238023579506], [-121.60580267600336, 36.07254003235842], [-121.60605616800015, 36.07290041932205], [-121.60643488065594, 36.073550948662174], [-121.60652955769699, 36.073746718275906], [-121.60657842425182, 36.073878045732556], [-121.60659703105628, 36.073960236188874], [-121.6066120194468, 36.074110159364054], [-121.60660896607317, 36.07423232469307], [-121.60658758616941, 36.07435448838022], [-121.60654177478486, 36.074501087603764], [-121.60647763956513, 36.07462936142796], [-121.60631271426888, 36.07500196495178], [-121.60627301232657, 36.07514764668173], [-121.6062455247772, 36.07531867844686], [-121.60623303190654, 36.07549623490511], [-121.60624857815084, 36.07564852354218], [-121.60627703228747, 36.07578923496613], [-121.60633103900234, 36.07592644947209], [-121.60642445750368, 36.07609683553669], [-121.60648903199959, 36.07619923471572], [-121.60669603348545, 36.076434235520985], [-121.60678305059209, 36.07650367900993], [-121.60701211380301, 36.07665638607632], [-121.60727171254706, 36.076796874979564], [-121.60754047590366, 36.07691598675515], [-121.60847809248145, 36.07738021282538], [-121.60936073485881, 36.07783222353166], [-121.60976693506397, 36.07808266361277], [-121.61019756674995, 36.07838807785083], [-121.61049687102957, 36.07860797292825], [-121.61060987460071, 36.078702651903654], [-121.61073509346312, 36.07882481663284], [-121.61086947424312, 36.07901111884066], [-121.6109824787126, 36.07921879904162], [-121.61102523672346, 36.079334855684515], [-121.61109548048712, 36.079493671059645], [-121.61115045558589, 36.079631107071286], [-121.61122375541811, 36.079771596468184], [-121.61131537818721, 36.07989376244065], [-121.61174906414513, 36.08036409701262], [-121.61209418070762, 36.08075502610789], [-121.6123415659571, 36.081081816606286], [-121.61249121809689, 36.08130476860649], [-121.61265763369823, 36.08160278110625], [-121.61293406507409, 36.08207135508077], [-121.613135638939, 36.08242257918086], [-121.61334637382318, 36.082754868648735], [-121.61339524037804, 36.082852601218455], [-121.61349724138357, 36.08304562667972], [-121.61352472803465, 36.083152521548584], [-121.6136119939746, 36.083588312596824], [-121.61366081112209, 36.08375582387763], [-121.61372499485083, 36.08387845481965], [-121.61379025296462, 36.0839941408701], [-121.61399384893724, 36.08424222876699], [-121.61453603431349, 36.08481123590668], [-121.61492841124308, 36.08533866219322], [-121.61528574489344, 36.08567766900374], [-121.61545372266505, 36.08578150907989], [-121.61571637747771, 36.085912836038666], [-121.61666125423965, 36.086145238649486], [-121.61686900581876, 36.08623657422939], [-121.616975900846, 36.08630071103318], [-121.61723244801304, 36.08650441988437], [-121.61742485726542, 36.08671821023433], [-121.61755923894373, 36.086971702944155], [-121.6175989399877, 36.08710913895122], [-121.61761115797391, 36.08728017010722], [-121.61760703560506, 36.087483236136514], [-121.61761203562793, 36.08775023617612], [-121.6177058377099, 36.08824130228292], [-121.61774248717686, 36.088515257842026], [-121.61776691955595, 36.08876875129022], [-121.61775775763837, 36.08903445988777], [-121.6176368605708, 36.08947987823919], [-121.61756839996299, 36.08976745144987], [-121.61757161952498, 36.09013913754191], [-121.61758367222114, 36.090224654588546], [-121.61761421314418, 36.090331549132735], [-121.61773403582667, 36.09057023600794], [-121.61790056461571, 36.09082286842756], [-121.6182922300796, 36.09133941146769], [-121.61837774610137, 36.09149211730458], [-121.61848158595834, 36.09171812270534], [-121.61855141470029, 36.09201030955449], [-121.6185816349248, 36.09230564935613], [-121.61862147161439, 36.09256390263597], [-121.6187265268919, 36.09327175777137], [-121.61880593436976, 36.09349470714005], [-121.61898307316063, 36.09385112618471], [-121.61918058125057, 36.0942974768566], [-121.61927016214904, 36.09451998052846], [-121.6193648400884, 36.09480095884684], [-121.61944119329428, 36.09506666955418], [-121.61949616749473, 36.0954056779621], [-121.61951754650018, 36.09567138662481], [-121.61954437827941, 36.09593013840354], [-121.6195908445358, 36.09661114193529], [-121.6196244415274, 36.09697458258408], [-121.61966414436803, 36.09726777842704], [-121.61970003565689, 36.09743123642558], [-121.61985350024676, 36.097841955138406], [-121.61998177427944, 36.098132097010456], [-121.6201894459085, 36.09856135880124], [-121.62026003552354, 36.09871823798513], [-121.62034826984738, 36.09900863211687], [-121.62039408213023, 36.09954310389176], [-121.62038186504238, 36.09982530614694], [-121.62034521557541, 36.100069635816986], [-121.62034866690274, 36.10039232494536], [-121.62035477365005, 36.1004900580864], [-121.62038836884503, 36.10066414414888], [-121.62042502010863, 36.10081074221895], [-121.62058957440067, 36.1013245703778], [-121.6209449488254, 36.10233342399315], [-121.62119731792806, 36.10297411106691], [-121.62124923785653, 36.10309016820248], [-121.62134086242226, 36.103218442557804], [-121.6223823197553, 36.10452163818387], [-121.62255500739397, 36.1047600540635], [-121.62259610891145, 36.10482705131172], [-121.62269078685085, 36.10506221911183], [-121.6227518695952, 36.10526623496732], [-121.62282822280112, 36.105672434678624], [-121.6229174650347, 36.10602591208444], [-121.62304564294762, 36.10647869649698], [-121.62312635388096, 36.106609208670186], [-121.62334100991137, 36.106823864602056], [-121.62399903933171, 36.1072732376862], [-121.62425303887662, 36.107454236105276], [-121.62458703788911, 36.10776123667646], [-121.62477675668725, 36.10798746236415], [-121.62496203870617, 36.10833223628753], [-121.62512003709328, 36.1088662374907], [-121.62517379317822, 36.10896783775545], [-121.62527457966152, 36.10912665131795], [-121.6253710389601, 36.109262238574644], [-121.62555555920767, 36.109404578634106], [-121.62579403855939, 36.10957223737386], [-121.62672203687546, 36.110035236413495], [-121.62688104946052, 36.11014978519835], [-121.62707040713589, 36.11030249149287], [-121.62718603917757, 36.110415237166094], [-121.6275010370252, 36.11083696481413], [-121.62851503824993, 36.11247723723749], [-121.62866160827002, 36.112776335496754], [-121.62878003946211, 36.113059237696405], [-121.62914416078276, 36.114097855396906], [-121.62935136169463, 36.115415796465996], [-121.62953703987058, 36.11607323804118], [-121.62997488412996, 36.11726987424196], [-121.63001764214084, 36.117410363846545], [-121.63012453537144, 36.117938728050305], [-121.63017138700512, 36.118285749200325], [-121.63020386289925, 36.11850030863638], [-121.63039329962636, 36.119687826369], [-121.63044475063425, 36.11996036975669], [-121.63048157347605, 36.120177478880855], [-121.63051747464638, 36.12029779478884], [-121.63079603952104, 36.12070223690828], [-121.63093387971323, 36.12085389445609], [-121.63105504088546, 36.12096423836449], [-121.63138704024817, 36.121190238081866], [-121.63417703953569, 36.12283123828326], [-121.6356854932557, 36.12390130088036], [-121.63673000575908, 36.12467094238505], [-121.63720950399986, 36.125046599267996], [-121.63755767303766, 36.125287876268025], [-121.6377220503616, 36.125383278296226], [-121.63813204325392, 36.12561023831264], [-121.63872864587513, 36.12593626036068], [-121.63905114106213, 36.126112490009675], [-121.64026668560906, 36.126766073344484], [-121.64076104288296, 36.127064237774], [-121.64170212785606, 36.12772812430888], [-121.64200304461163, 36.12798773913238], [-121.64216940811068, 36.12813126783484], [-121.64230204166743, 36.12825423801769], [-121.64296004324001, 36.12892723916016], [-121.64357404353335, 36.129644238047696], [-121.64373006742343, 36.129881283998635], [-121.64411488862318, 36.13047378400946], [-121.64444778719948, 36.13099603901389], [-121.644689063905, 36.131383913462045], [-121.64484837742572, 36.13163130540076]]}, "properties": {"County": "MON", "Route": 1, "bPM": 28.013, "ePM": 33.41}}, {"type": "Feature", "geometry": {"type": "LineString", "coordinates": [[-121.92638221194709, 36.52308143902266], [-121.9262705702219, 36.52317127240427], [-121.92573610586552, 36.523601332030715], [-121.92449712606947, 36.52459825345178], [-121.92411412665315, 36.524898254850434], [-121.92147712572985, 36.52702625486126], [-121.92051312473384, 36.52779625408136], [-121.92014112608649, 36.5281092545094], [-121.91951412627269, 36.52866525529687], [-121.9191969095863, 36.52896020026761], [-121.91919373314346, 36.528963155508066], [-121.91863112636585, 36.52948625511097], [-121.91824021189355, 36.529870641421965], [-121.91770912520263, 36.53045425553765], [-121.9173564475204, 36.53082401855166], [-121.91700102458665, 36.53125700594505], [-121.91657885862395, 36.53177129248676], [-121.91600064990648, 36.532489891045955], [-121.91569212621712, 36.53284025722166], [-121.91434012578189, 36.53446225599702], [-121.91413812611553, 36.534669255807934], [-121.91338522651633, 36.535386754143275], [-121.9130961244034, 36.53566225604638], [-121.91212012550847, 36.536599256155505], [-121.91195112455574, 36.53677525512047], [-121.91178771202239, 36.53702304760525], [-121.9117868837757, 36.53702430276585], [-121.91166069563113, 36.53721564775361], [-121.91150352908396, 36.53746836488937], [-121.91140356635577, 36.53770305439532], [-121.9112688388261, 36.53804205229871], [-121.91110368535772, 36.53832889585079], [-121.91080412595655, 36.538746256363616], [-121.91059412589429, 36.539000256826], [-121.91032303500279, 36.53931665610312], [-121.91024641050568, 36.53941132872338], [-121.91024286485525, 36.53941570974081], [-121.91003862299394, 36.539668064586635], [-121.90950112592516, 36.54032225816002], [-121.9090031268811, 36.540877256708534], [-121.90875678277905, 36.541136487787576], [-121.90852209162288, 36.541427679111365], [-121.90829012505695, 36.54179025683025], [-121.90823524787456, 36.54195355893408], [-121.90818309438411, 36.542157391976495], [-121.90816136234075, 36.54252681251041], [-121.90818744223007, 36.54275715707661], [-121.90824393997323, 36.542987500956556], [-121.90834348228988, 36.54328923964011], [-121.908428500645, 36.5434655943369], [-121.9084775297949, 36.543567296388325], [-121.90896912474929, 36.54439025764208], [-121.90906412608213, 36.54454125718654], [-121.90929770781895, 36.544982062420814], [-121.90942857798281, 36.54534136141395], [-121.90956658705825, 36.54589339676262], [-121.90964829512154, 36.546412300723425], [-121.90964835441034, 36.546412676720664], [-121.90974980654528, 36.547056952218064], [-121.90996044890296, 36.5483132914208], [-121.90996960453235, 36.548367895543734], [-121.91001630704564, 36.54864643341513], [-121.91031373923622, 36.55050955061833], [-121.9105348936794, 36.552037721763725], [-121.91054260481779, 36.55209100194945], [-121.91057785920111, 36.55233459814728], [-121.91064324397739, 36.55271341972504], [-121.91065072335044, 36.55275675618036], [-121.91087767102887, 36.55407160489353], [-121.91114893170194, 36.55585857991209], [-121.91116782147576, 36.55599769548597], [-121.91116913750763, 36.5560073879404], [-121.91139595942194, 36.557677648396755], [-121.9114102210754, 36.55776595008906], [-121.91156169499861, 36.558703755270706], [-121.91165734222017, 36.559454739769095], [-121.91167335109685, 36.55960984659009], [-121.91168606405473, 36.559733024822464], [-121.91169095268651, 36.559806354709295], [-121.9117121098081, 36.56012372734817], [-121.91174387154159, 36.56072488056129], [-121.91175256453859, 36.56141591329429], [-121.91171720595071, 36.56188156374281], [-121.91166998870273, 36.562089561619246], [-121.9115613356725, 36.56245028981008], [-121.91147441199065, 36.56278059369029], [-121.91144160461818, 36.56292795903735], [-121.9114222593985, 36.563054399781855], [-121.91141356729983, 36.563245629830995], [-121.91141612929502, 36.56344025851023], [-121.91143012864042, 36.56358725895114], [-121.91149179708636, 36.563834093171046], [-121.91162720284406, 36.564096274749424], [-121.91187704678246, 36.564500783765766], [-121.91236959484937, 36.56516227374395], [-121.91241809758651, 36.565232102770885], [-121.9124559543892, 36.56528660763687], [-121.91270509854, 36.565645302851905], [-121.91283834923935, 36.565857076317094], [-121.91291687097834, 36.566052192644676], [-121.91293933964023, 36.566179292054784], [-121.91296483562462, 36.566323520339104], [-121.91298331486834, 36.56646484072297], [-121.91298543309577, 36.56648103831925], [-121.91299747411382, 36.566573125738245], [-121.9130042474111, 36.56668080093882], [-121.91299990136174, 36.566915491937756], [-121.91299242288697, 36.56700448291872], [-121.91297680208251, 36.56719035334277], [-121.91271155473194, 36.56793710104807], [-121.91266547475115, 36.56814268946782], [-121.91266398085283, 36.56814935090064], [-121.91263028953807, 36.568299671286354], [-121.91266396647977, 36.56858193516838], [-121.91287503374062, 36.57080333820842], [-121.91297729795257, 36.57160226439829], [-121.91307292541117, 36.572052397220595], [-121.91313392461225, 36.572949397710815], [-121.9130949260508, 36.57317439884133], [-121.91307565449303, 36.57326903431717], [-121.91303892597432, 36.57344939885181], [-121.91292392544828, 36.573845399426254], [-121.91277992550823, 36.57426439840408], [-121.91272192578191, 36.574390398559494], [-121.91265892603272, 36.57449539793074], [-121.912496925651, 36.57472439771317], [-121.91244110433925, 36.57481324767698], [-121.91243297638258, 36.574826183432506], [-121.91237692600043, 36.57491539903794], [-121.91223992573306, 36.57509139876773], [-121.91199792588372, 36.57536739760182], [-121.91171192475515, 36.57562639756562], [-121.9114559246621, 36.57583539725961], [-121.91143144107905, 36.57585281928579]]}, "properties": {"County": "MON", "Route": 1, "bPM": 71.17, "ePM": 75.224}}, {"type": "Feature", "geometry": {"type": "LineString", "coordinates": [[-121.77097230235519, 36.87560172720095], [-121.77113445994209, 36.87635249876363], [-121.77116147587593, 36.87647775993844], [-121.77119609694698, 36.87663827632019], [-121.77166093647897, 36.878793435322216], [-121.7721279373575, 36.88122543563546], [-121.77245693634715, 36.883318611624155], [-121.77252930013488, 36.88377901364541]]}, "properties": {"County": "MON", "Route": 1, "bPM": 101.443, "ePM": 102.031}}, {"type": "Feature", "geometry": {"type": "LineString", "coordinates": [[-121.58339464321215, 36.04306734794071], [-121.58372802598038, 36.04339823328751], [-121.58426293590114, 36.04398510913535], [-121.58431002199508, 36.044049004381755], [-121.58450238902662, 36.044310032427504], [-121.5846553595431, 36.0444967751891], [-121.58499652800991, 36.04488217496736], [-121.58553498537773, 36.045533980441206], [-121.58567302679252, 36.045709233378], [-121.58586381907737, 36.04591617057891], [-121.58627030045524, 36.0463829546644], [-121.58680258639706, 36.04682446947267]]}, "properties": {"County": "MON", "Route": 1, "bPM": 25.806, "ePM": 26.128}}, {"type": "Feature", "geometry": {"type": "LineString", "coordinates": [[-121.64484837742572, 36.13163130540076], [-121.64506472139053, 36.13196725241724], [-121.64518994115124, 36.132177989359654], [-121.645278511445, 36.13230626118808], [-121.64539151411785, 36.13251699649463], [-121.64623512559442, 36.13396296134092], [-121.64634431491886, 36.1341458992094], [-121.64689459321754, 36.13506781834806], [-121.6470519538008, 36.13529236563088], [-121.6472127791861, 36.13556703714863], [-121.6473392727579, 36.13578930275982], [-121.64777592764786, 36.136319979475026], [-121.64848981341423, 36.137011257585286]]}, "properties": {"County": "MON", "Route": 1, "bPM": 33.41, "ePM": 33.836}}, {"type": "Feature", "geometry": {"type": "LineString", "coordinates": [[-121.91143144107905, 36.57585281928579], [-121.91109192551237, 36.5760943992607], [-121.9107029244516, 36.57635139993918], [-121.90973792542732, 36.57692339922081], [-121.90877352378268, 36.57750900840252], [-121.90877326776284, 36.57750916350209], [-121.9083807291365, 36.57774751511917], [-121.90707874779463, 36.57854550020023], [-121.90643175507587, 36.57893149290437], [-121.90620566888177, 36.579069786396644], [-121.90412692778847, 36.58034129265286], [-121.90356093166729, 36.58071534070049], [-121.90345800539697, 36.58078335875059], [-121.90342556274051, 36.58080244312257], [-121.90323137033226, 36.58091667513801], [-121.9026669336864, 36.58124869478712], [-121.90205036151642, 36.581522074730714], [-121.90134654227109, 36.58177219222132], [-121.90086957188953, 36.58188270783637], [-121.90027784352705, 36.582008426495996], [-121.89994840705783, 36.582056924375145], [-121.89973889028919, 36.58208776933365], [-121.89955758690867, 36.582114461465856], [-121.89936463687049, 36.58214286751671], [-121.89891208269832, 36.582209491383274], [-121.89864086963593, 36.5822494180666], [-121.89746738870221, 36.58243528570274], [-121.89550191797967, 36.582693402836], [-121.89513907406341, 36.58274936259343], [-121.89513865904173, 36.5827494397773], [-121.89144188234012, 36.583319530604506], [-121.8912995766227, 36.583341476622365], [-121.89128408337899, 36.583343572833144], [-121.8910877601669, 36.58337012098475], [-121.88866628574154, 36.583697595045564], [-121.88777050370652, 36.583860465954125], [-121.88740759061994, 36.58394148254557], [-121.88681159256492, 36.58411848238504], [-121.88604259695245, 36.58437848233024], [-121.88522159966485, 36.584814483490945], [-121.88454360428898, 36.585264482308276], [-121.88402260657705, 36.585684481819015], [-121.88350274703055, 36.58615809783384], [-121.88301995736256, 36.58675140977412], [-121.88271748831818, 36.587240018728636], [-121.88243246725158, 36.58784496408395], [-121.88217071344913, 36.58849644094714], [-121.88210469266565, 36.5886759613452], [-121.88194562438503, 36.58910847534226], [-121.88183162548052, 36.589453472403676], [-121.88171162672825, 36.5898424709515], [-121.8815926278009, 36.59010947251356], [-121.88123563281539, 36.59073146927981], [-121.88102163255515, 36.59107046824544], [-121.880802634967, 36.5913184696221], [-121.88065963575016, 36.5914604662475], [-121.8806316083133, 36.59148556042665], [-121.88049025930164, 36.591612123190224], [-121.88002177799953, 36.59203159626238], [-121.8800096390651, 36.59204246633627], [-121.87996863995552, 36.59207346742366], [-121.87990557822258, 36.59212908355391], [-121.87982464001547, 36.592200466304256], [-121.8796506399382, 36.592325467820935], [-121.87896864346607, 36.59273746773968], [-121.87863964537473, 36.59290746787736], [-121.87822464706967, 36.593060466382845], [-121.87741976106668, 36.593307700450154], [-121.87726746698162, 36.59334205914816], [-121.8771255906589, 36.59337406657171], [-121.877125320266, 36.59337412787757], [-121.87660965675019, 36.59349046895869], [-121.8762323301949, 36.5935698822157], [-121.87578765784103, 36.593663469248646], [-121.87313066760608, 36.594102472404224], [-121.8727977295039, 36.59414229484731], [-121.8723196721608, 36.594199476014275], [-121.87147267493395, 36.59433047497828], [-121.87054867861247, 36.594492476720475], [-121.86989568155434, 36.59466447729865], [-121.86929368365153, 36.594879477301944], [-121.86876368661704, 36.595110477892426], [-121.86860908116675, 36.59518869080103], [-121.8685537575217, 36.59521667733433], [-121.86853259321357, 36.595227384683284], [-121.86833868826625, 36.595325478816704], [-121.86809668841691, 36.59546847778475], [-121.86795405301778, 36.595562752727055], [-121.86786369148338, 36.59562247732015], [-121.86775793462158, 36.59569935400399], [-121.86769735942535, 36.595743385401725], [-121.86761469196134, 36.59580347767845], [-121.86755269203707, 36.595864475763], [-121.86710469412003, 36.59624747752029], [-121.86672969779455, 36.59660947560132], [-121.86595819678078, 36.59749661315153], [-121.86471042247808, 36.59893137833615], [-121.8646202154539, 36.599035103878066], [-121.86452454577446, 36.59914511085614], [-121.86279533017502, 36.60113348581649], [-121.86269272460329, 36.60125146668097], [-121.86211772915959, 36.601966466697114], [-121.8620735733701, 36.60203090346855], [-121.86191496502691, 36.602262368711536], [-121.86182653487033, 36.60242459971544], [-121.86159773306919, 36.60292646380079], [-121.86141873566396, 36.603479462875235], [-121.8613347368967, 36.603892461880115], [-121.86129573833527, 36.60413845981227], [-121.86128167970108, 36.60425508898511], [-121.86126950124077, 36.60435612760377], [-121.86126467369442, 36.6044303432258], [-121.86125736050967, 36.6045427359767], [-121.86123369529184, 36.60490644966321], [-121.86122623208847, 36.60502231110701], [-121.8612037409687, 36.60537145564713], [-121.86111574469841, 36.60645945088684], [-121.86100674671512, 36.60701745082292], [-121.8609261786139, 36.60725866212096], [-121.86084474902835, 36.60750244920167], [-121.86061175119646, 36.60802844819333], [-121.86033375315876, 36.60845344725485], [-121.85998675552406, 36.608862446364725], [-121.85991745858472, 36.60892513159305], [-121.85950475996677, 36.60929844620268], [-121.85914276046685, 36.609595444275705], [-121.85877976204033, 36.60982844581886], [-121.85810507785462, 36.61022791783917], [-121.85791659513832, 36.61033951759986], [-121.85787041095293, 36.61036686336], [-121.85650477409172, 36.611175443461], [-121.8555757786457, 36.61177744378176], [-121.85481278288104, 36.61234944371156], [-121.85470077374487, 36.61244261209815], [-121.85363578953454, 36.61332844343886], [-121.8523727968726, 36.614362441021306], [-121.85170380081928, 36.61489444062067], [-121.85101400876712, 36.61546984236268], [-121.85089054251783, 36.6155962352733], [-121.8507507565748, 36.61573046780298], [-121.85009281159608, 36.61646543878309], [-121.84891603025197, 36.61785563916179], [-121.8489034942622, 36.61787044667128], [-121.84790073365663, 36.61910375434962], [-121.84734782958239, 36.61980543209983], [-121.84719462999551, 36.62006787349229], [-121.8471716474973, 36.620107241282355], [-121.84711783122528, 36.620199431278806], [-121.8470458043058, 36.62031591143146], [-121.84702172765954, 36.62035484794114], [-121.84617316197416, 36.62172711951353], [-121.84598702565742, 36.62195397266932], [-121.84584918007538, 36.622132797339084], [-121.84577180638333, 36.62223317663522], [-121.84551384347137, 36.62246342624841], [-121.84524248128868, 36.622692702583954], [-121.84499817726065, 36.622861390873176], [-121.84455184931171, 36.623148424856694], [-121.84444252074839, 36.623213699717446], [-121.84434088445882, 36.62327438197237], [-121.84378585227569, 36.62354142499817], [-121.84315585658041, 36.62378342597073], [-121.84241085946077, 36.62405242679774], [-121.84198529067976, 36.62425046585886], [-121.84198523588252, 36.62425049109233], [-121.84180486225831, 36.624334426959585], [-121.84178686451159, 36.62434348216221], [-121.84147886364171, 36.62449842473342], [-121.8411919031124, 36.62466741475491], [-121.84111886648655, 36.62471042677214], [-121.840936816606, 36.62483530135088], [-121.84059986932272, 36.62506642635385], [-121.84013687313372, 36.62546242738327], [-121.83978887297916, 36.62587742390301], [-121.83940687518437, 36.626432424094986], [-121.83921679706013, 36.62675626428035], [-121.83919087796924, 36.62680042213572], [-121.83850088379614, 36.62794541969372], [-121.83805588715049, 36.628596418783104], [-121.83760488975874, 36.62916841793056], [-121.83696889511398, 36.629850417105054], [-121.83551890285433, 36.63136641371112], [-121.83299129786805, 36.63407928150319]]}, "properties": {"County": "MON", "Route": 1, "bPM": 75.224, "ePM": 81.505}}, {"type": "Feature", "geometry": {"type": "LineString", "coordinates": [[-121.92677947840677, 36.5227617702321], [-121.92638221194709, 36.52308143902266]]}, "properties": {"County": "MON", "Route": 1, "bPM": 71.169, "ePM": 71.201}}, {"type": "Feature", "geometry": {"type": "LineString", "coordinates": [[-121.83299129786805, 36.63407928150319], [-121.83287191985161, 36.6342074092963], [-121.83232291985563, 36.63481940828287], [-121.82937792075741, 36.63825840971262], [-121.82883892080716, 36.63890340879768], [-121.82827091964627, 36.63949040942352], [-121.82771892017553, 36.6400274102905], [-121.827056918405, 36.64062440926441], [-121.82632091970956, 36.641209409537296], [-121.82566592030669, 36.641706410269556], [-121.82494791845964, 36.64219640965946], [-121.82430791912536, 36.64260541067342], [-121.82370691835251, 36.64295441096878], [-121.82293992059326, 36.64334441114009], [-121.82282191250764, 36.643395323264635], [-121.82138691851996, 36.644014410132556], [-121.82087291958238, 36.64422441096235], [-121.81958491961956, 36.644664411427875], [-121.81871491923323, 36.64498541158887], [-121.81828191868986, 36.64517641124296], [-121.81786691858817, 36.64539341251671], [-121.81744791918683, 36.645651410525275], [-121.81731338120169, 36.6457439058378]]}, "properties": {"County": "MON", "Route": 1, "bPM": 81.505, "ePM": 82.739}}, {"type": "Feature", "geometry": {"type": "LineString", "coordinates": [[-121.8327656536451, 36.633902531089696], [-121.83242012385757, 36.63426927015649], [-121.83187012403667, 36.63487926971522], [-121.83135312382772, 36.63542526940064], [-121.8303731238365, 36.63642626958755], [-121.82987212441938, 36.636898270798746], [-121.82934512416469, 36.63733727006442], [-121.82893812356058, 36.637638271745836], [-121.82802012439198, 36.63828527126683], [-121.8268981223139, 36.639055269432326], [-121.82400812346728, 36.64108227151267], [-121.82307612405495, 36.64170927181831], [-121.82217012188693, 36.64229427178129], [-121.82141812329797, 36.64279627207271], [-121.82069212285167, 36.64326327097575], [-121.81994312194082, 36.64373027137218], [-121.81751812252628, 36.645263272225485], [-121.81735412249473, 36.645388272786626], [-121.81707572919831, 36.64558996675267], [-121.8169621228576, 36.64567227281155], [-121.81689430364688, 36.64572504943357]]}, "properties": {"County": "MON", "Route": 1, "bPM": 81.505, "ePM": 82.716}}, {"type": "Feature", "geometry": {"type": "LineString", "coordinates": [[-121.32975481698946, 35.78242289164731], [-121.32979896110085, 35.782457226799615], [-121.33008295988466, 35.78263122705202], [-121.33051396077822, 35.78290922585237], [-121.33065496214184, 35.78301122569266], [-121.33089596036962, 35.783227226680076], [-121.33099296135234, 35.78329822679885], [-121.331183961148, 35.783400226140046], [-121.3317379611669, 35.783681226848856], [-121.33191796109195, 35.783793225464514], [-121.33221285464352, 35.78402813798178], [-121.3323029071575, 35.78407294512178], [-121.33263080481262, 35.78416033085056], [-121.33276588987177, 35.78419489261802], [-121.33303244606772, 35.784387988463244], [-121.33319544537605, 35.78455998776206], [-121.33320932255053, 35.78471371011243], [-121.33320232287785, 35.784932708837935], [-121.3332263231673, 35.78506170910257], [-121.33336826416873, 35.785317785168004], [-121.333495263492, 35.78547378623102], [-121.33359126464977, 35.78554078510809], [-121.33387618959665, 35.785651505110344], [-121.33399896324484, 35.78574322718446], [-121.33406696122029, 35.78581722520068], [-121.33409596243092, 35.78588722684524], [-121.33408787040683, 35.78618868990171], [-121.33408222539362, 35.78647891575882], [-121.3341137454803, 35.78682559971157], [-121.3341597428161, 35.78694760128157], [-121.33421688375299, 35.787070788274775], [-121.33432488640297, 35.78719478685828], [-121.3344668857949, 35.787309787169974], [-121.33486735295192, 35.78756662914874], [-121.33492835215296, 35.78764362918672], [-121.33524135304573, 35.78822962918899], [-121.33532335126488, 35.7883336290364], [-121.33544135126562, 35.78843462870193], [-121.33560596215156, 35.78849722667116], [-121.33593433232052, 35.78850628509692], [-121.3363055287723, 35.78848724862928], [-121.33661486004715, 35.78846345376704], [-121.33694322482621, 35.788387312929046], [-121.33717641310093, 35.78827309825612], [-121.33733821495498, 35.788206471861386], [-121.33750465391249, 35.788163510661434], [-121.33768561683152, 35.788206471861386], [-121.33787996285164, 35.78835622668707], [-121.33798396260873, 35.788453225777886], [-121.33821896278539, 35.788758225656096], [-121.33844296219306, 35.78897122703194], [-121.33882775734165, 35.789386684680004], [-121.33898480351453, 35.789591319051205], [-121.33913232934209, 35.789834023741875], [-121.33932744521844, 35.7901814246555], [-121.33943774216566, 35.79044085582233], [-121.33945875286182, 35.79054590425815], [-121.33947135712357, 35.790882059339616], [-121.33950497297982, 35.79097450186529], [-121.33979070551213, 35.79139469486824], [-121.34023190857235, 35.79207120737633], [-121.34039998695529, 35.792272899785004], [-121.34065630505192, 35.79252921930586], [-121.3408832087129, 35.792730912737994], [-121.34110796360373, 35.792855226013934], [-121.34126895607568, 35.79290577435979], [-121.34142946166078, 35.79294520994582], [-121.34151770227281, 35.792991432208055], [-121.34158073076809, 35.79302924940896], [-121.34165636622005, 35.79313009737608], [-121.34170678865696, 35.79321413372909], [-121.34174040451322, 35.79335279777983], [-121.34178662552954, 35.793588106845704], [-121.3418258801108, 35.79379820618736], [-121.34180588001932, 35.79393920598861], [-121.34169987971413, 35.79413920611465], [-121.34168588036873, 35.79419520608891], [-121.3416918802165, 35.794243205514945], [-121.3417348789759, 35.794307205918976], [-121.34180588001932, 35.794347206236374], [-121.34189287915964, 35.79435920625485], [-121.34198587994439, 35.79434620580972], [-121.34224287896402, 35.79424620607011], [-121.3423528803655, 35.79423320706385], [-121.34248987973453, 35.7942432062436], [-121.34297888035438, 35.79443120632738], [-121.34364487962793, 35.79473020623428], [-121.34392764232993, 35.794831113976855], [-121.3440118764558, 35.79485621920992], [-121.34411588160276, 35.79486720634453], [-121.34425788009635, 35.79486420727006], [-121.34453188063105, 35.79482120595093], [-121.34471088162951, 35.79480020585742], [-121.3448528801231, 35.794812205807425], [-121.34495287968221, 35.79484820564664], [-121.34512896385094, 35.79497422572152], [-121.345203964194, 35.79506022598504], [-121.34525237081142, 35.79517960275651]]}, "properties": {"County": "SLO", "Route": 1, "bPM": 72.994, "ePM": 74.324}}, {"type": "Feature", "geometry": {"type": "LineString", "coordinates": [[-121.3295825380843, 35.78227876983876], [-121.32960996095497, 35.78231022574932], [-121.32975481698946, 35.78242289164731]]}, "properties": {"County": "SLO", "Route": 1, "bPM": 72.993, "ePM": 73.006}}, {"type": "Feature", "geometry": {"type": "LineString", "coordinates": [[-121.30418471439815, 35.70542595406778], [-121.30420397876941, 35.70740066051033], [-121.30418595047998, 35.70750122168222], [-121.3040584525917, 35.70808665585761], [-121.30389694987664, 35.70882822103724], [-121.30387446324846, 35.7089143939508], [-121.30377795005097, 35.709284222750945], [-121.30369095001234, 35.70966022144667], [-121.30362095059044, 35.71019322046166], [-121.30364194960852, 35.71073522192363], [-121.30373195002021, 35.711353222086466], [-121.3039409502576, 35.711922221623915], [-121.30413495042635, 35.712316221729424], [-121.30534685679638, 35.714394913070386], [-121.30581682301367, 35.715179118969424]]}, "properties": {"County": "SLO", "Route": 1, "bPM": 66.717, "ePM": 67.358}}, {"type": "Feature", "geometry": {"type": "LineString", "coordinates": [[-121.30006993362849, 35.7007109740459], [-121.3012898080551, 35.701219629076], [-121.30212821469294, 35.701680026460544], [-121.302559536285, 35.70199018893838], [-121.30305870313896, 35.70248450946651], [-121.30332918946426, 35.702829950907955], [-121.30345553840728, 35.70306736821959], [-121.30366146011818, 35.70340670725861], [-121.30384708170028, 35.70374024408557], [-121.30400950069689, 35.70422170053069], [-121.30417771921701, 35.704708955495285], [-121.30418471439815, 35.70542595406778]]}, "properties": {"County": "SLO", "Route": 1, "bPM": 66.449, "ePM": 66.858}}, {"type": "Feature", "geometry": {"type": "LineString", "coordinates": [[-121.24397782562926, 35.65445646616295], [-121.24419311137865, 35.65457921073355], [-121.24464282956947, 35.65487664332805], [-121.2449640572336, 35.655124108335336], [-121.24565410261067, 35.65570469565857], [-121.24597593484097, 35.655890220118074], [-121.24642593600112, 35.65613822065701], [-121.2482229402685, 35.657016608432116], [-121.25034593686429, 35.65809622045568], [-121.25101035330633, 35.65842273837235], [-121.2515093539719, 35.658747738254505], [-121.25180235387487, 35.65901673811096], [-121.25201835288661, 35.65923173837845], [-121.25234635384801, 35.659641738574095], [-121.25287135445286, 35.66034173778137], [-121.25319993752255, 35.66063821979399], [-121.2536479372362, 35.66097622048457], [-121.25398693806824, 35.66121122171955], [-121.25438593737809, 35.661518220691384], [-121.25473693700738, 35.66176422073219], [-121.25577693817135, 35.662521220138125], [-121.25620093669724, 35.66284922052633], [-121.25661293732419, 35.66309521938584], [-121.25692893859004, 35.66327121974247], [-121.26004693883893, 35.66449622031808], [-121.26055393900214, 35.66464622030343], [-121.26102293863218, 35.66473722060967], [-121.26161743919562, 35.664787337987626], [-121.26194593962029, 35.664815030617056], [-121.26227093931033, 35.66487102890286], [-121.26265993947274, 35.664968031053796], [-121.26334593973611, 35.665194030551945], [-121.26388193931331, 35.665412220300794], [-121.26471494078805, 35.66573421990635], [-121.2661959401964, 35.66632803023951], [-121.26672193972783, 35.66650603045649], [-121.2672679402491, 35.666637028927674], [-121.26874328835599, 35.66693096096431], [-121.27005152376887, 35.66720946526133], [-121.27114355265917, 35.66748796858682], [-121.27247011011058, 35.66795702781106], [-121.27480394040523, 35.668812219765776], [-121.2772129408246, 35.66972803010949], [-121.27799573815305, 35.670046548037305], [-121.27832584656208, 35.67021534693185], [-121.27833733601456, 35.670225092406], [-121.2787457379905, 35.670571547836744], [-121.2807908398714, 35.672448966961646], [-121.28182328530555, 35.673486976748954]]}, "properties": {"County": "SLO", "Route": 1, "bPM": 61.484, "ePM": 64.139}}, {"type": "Feature", "geometry": {"type": "LineString", "coordinates": [[-121.23914334250175, 35.65378652278093], [-121.24020232866096, 35.653668305482334], [-121.24050732915782, 35.65364630536807], [-121.24103632906234, 35.6536363053141], [-121.2414805262074, 35.653653601757014], [-121.24183532930358, 35.65369430560958], [-121.24224909242514, 35.653767814682624], [-121.24252273004046, 35.65382968058788], [-121.24291493539181, 35.6539722203095], [-121.24346499719648, 35.65419373852776], [-121.24397211234405, 35.65445321070407], [-121.24397782562926, 35.65445646616295]]}, "properties": {"County": "SLO", "Route": 1, "bPM": 61.15, "ePM": 61.438}}, {"type": "Feature", "geometry": {"type": "LineString", "coordinates": [[-121.23434187246099, 35.65330861526241], [-121.23486614093889, 35.65349463799201], [-121.23524279735099, 35.65362212129382], [-121.23578293367007, 35.65377221980879], [-121.23644836431006, 35.65387861794772], [-121.23666036402216, 35.65390861874473], [-121.23712036522802, 35.65393661806724], [-121.23772236582579, 35.65393661806724], [-121.2378613648446, 35.653929618785], [-121.23914334250175, 35.65378652278093]]}, "properties": {"County": "SLO", "Route": 1, "bPM": 60.869, "ePM": 61.15}}, {"type": "Feature", "geometry": {"type": "LineString", "coordinates": [[-120.92198169768643, 35.449598011490046], [-120.92325597049337, 35.44944983245369], [-120.9246520521579, 35.44934455307602], [-120.92578943608858, 35.44936117429604], [-120.92654608345912, 35.4494161582891], [-120.9326537964495, 35.449998189682226], [-120.93371777814001, 35.45008717717386], [-120.93579406503598, 35.45029195274956], [-120.93932639165008, 35.450613905910735], [-120.94065580035422, 35.450744363470285], [-120.9415137642141, 35.45083865627186], [-120.94202426511195, 35.45091706716431], [-120.94282298058727, 35.45105738347459], [-120.94324396257045, 35.45114820655507], [-120.94396583166478, 35.45133599566157], [-120.94448492674496, 35.45150183624414], [-120.94795769056417, 35.45275907219281], [-120.94900702522396, 35.45312552034268], [-120.95194090407729, 35.454179620242165], [-120.9526789105074, 35.454449611885174], [-120.9537635633309, 35.45483159895833], [-120.95505741042784, 35.45532045769397], [-120.95557639321864, 35.45553947272634], [-120.95628340687311, 35.45589045911944], [-120.95695442503416, 35.45627592385183], [-120.95972888346725, 35.4579129890804], [-120.96097333759666, 35.45864110700004], [-120.96275734144525, 35.45969310490525], [-120.9695560529252, 35.463682592257165], [-120.9703392077832, 35.46415383667271], [-120.97037459960873, 35.464175133057715], [-120.97241935653655, 35.46536470796483], [-120.97312843631619, 35.46584535877401], [-120.97351390969281, 35.46612613369642], [-120.9756508759896, 35.467791220198805], [-120.97649239528984, 35.46842344022264], [-120.9766238754098, 35.46852221980837], [-120.97756847279567, 35.46917936306786], [-120.97761434526566, 35.469211276748545], [-120.97766050339989, 35.46924338868353], [-120.98060787494877, 35.47115696016214], [-120.98204189785764, 35.47209858096535], [-120.98245116491118, 35.47233176865748], [-120.98288898761098, 35.4725459206361], [-120.98381697784221, 35.47287904594055], [-120.98412154894434, 35.47295994686031], [-120.98468786037418, 35.47306940190608], [-120.98567771578239, 35.473245481449766], [-120.98628685708832, 35.47336445462766], [-120.98672467799152, 35.47347866874214], [-120.9870530445672, 35.47357860678214], [-120.9874432763199, 35.47372613344136], [-120.98798103569672, 35.47397835550556], [-120.98826181042698, 35.47414015944093], [-120.9885854177283, 35.47434955142506], [-120.98889474810484, 35.474563702418926], [-120.98935636358325, 35.474963452828604], [-120.98954671928688, 35.4751538104434], [-120.98980370123856, 35.47548217495279], [-120.99002106928278, 35.47580921986333], [-120.99030006894203, 35.476258219988054], [-120.99053806949173, 35.47666621965053], [-120.99094106899955, 35.47728721977786], [-120.9911830697472, 35.47760621995739], [-120.99144106859174, 35.47791421953498], [-120.99169406831173, 35.478170219986474], [-120.99178542158626, 35.47825296562249], [-120.99183206930229, 35.47829521953642], [-120.99236607012801, 35.478722219763355], [-120.99334007027146, 35.47942521984383], [-120.99403506895898, 35.47990021977897], [-120.99459406989905, 35.480320219693475], [-120.99496107032016, 35.480635221115335], [-120.99522707045894, 35.48088521893843], [-120.99581006989182, 35.48156521929534], [-120.99607607092892, 35.4818612203129], [-120.99646300945776, 35.48244939776287], [-120.99681516881206, 35.483072816130324], [-120.99766048708769, 35.48447035794086], [-120.99786148692915, 35.48485435881233], [-120.99808608641143, 35.485262088091154], [-120.99868807173782, 35.486298219903], [-120.99918534224818, 35.48700194222858], [-120.99918907295157, 35.48700722037694], [-120.99968955943064, 35.4876366231835], [-121.00038307050808, 35.48834221943775], [-121.00129407180064, 35.48938322015873], [-121.00184707289293, 35.48994822005998], [-121.00213007275013, 35.4902712191392], [-121.00272848996822, 35.49096735920624], [-121.00288148833246, 35.49117235910929], [-121.00309748824256, 35.49151835976098], [-121.00409391572536, 35.49345048671363], [-121.00421291734769, 35.4936304857497], [-121.00441091591777, 35.493901485915025], [-121.00474391600372, 35.494276485918], [-121.00507666096809, 35.494591787359965], [-121.0053656615714, 35.49481478897226], [-121.00589148952466, 35.49523735852646], [-121.00935335947439, 35.4978157977932], [-121.01019093067902, 35.49850108148189], [-121.01106725789992, 35.499286767831165], [-121.01239906959744, 35.50048079404976], [-121.01382674770545, 35.50176570299743], [-121.0141598717589, 35.50207027154081], [-121.01470714788786, 35.50252237050749], [-121.01533056432199, 35.50298398486767], [-121.01610341370703, 35.503512758503], [-121.0161232718647, 35.50352634460128], [-121.01655548907712, 35.50378936144468], [-121.01805424189041, 35.50471971179589], [-121.01895924603011, 35.50527370770694], [-121.0201174538074, 35.50595373276843], [-121.02172790673639, 35.506974491929924], [-121.02211329117979, 35.50720748483503], [-121.02213156381097, 35.50721790904238], [-121.02240150126565, 35.50737188367801], [-121.0254995966445, 35.509299225758106], [-121.02577655892469, 35.509459246734934], [-121.02697579725256, 35.51021425058273], [-121.02767057944612, 35.510682235857], [-121.02858416788669, 35.51138824247751], [-121.02925316753333, 35.511979242747955], [-121.02943016798363, 35.51215424184977], [-121.0301924945034, 35.51296835953044], [-121.03183449626515, 35.51474935850236], [-121.03255849526505, 35.515518358788114], [-121.03331849604652, 35.51635135880657], [-121.03488949586654, 35.518027360154605], [-121.03562049723406, 35.51877235864595], [-121.0357452130399, 35.518875271748875], [-121.03576349734918, 35.51889035924484], [-121.03637828456672, 35.51931234004], [-121.03741850581793, 35.51996935461861], [-121.03898848964336, 35.52092136329541], [-121.03930950620341, 35.52112235394764], [-121.04101671577332, 35.522152375983076], [-121.04145705465423, 35.5224241828542], [-121.04190439230953, 35.522771584244005], [-121.04226149778778, 35.52310335859202], [-121.04247649787293, 35.52333235883817], [-121.04272849776802, 35.52362535899846], [-121.04286449910877, 35.523806359299016], [-121.0430494981584, 35.524081359919705], [-121.04379349814805, 35.52553235918518], [-121.04404649786804, 35.52604735890946], [-121.04429949938466, 35.52649335936467], [-121.04456749827496, 35.526877360403276], [-121.04478549064831, 35.527153536320526], [-121.04480314164533, 35.52717589947982], [-121.0448156821267, 35.52719178741539], [-121.04483349841374, 35.527214358923146], [-121.0467562021422, 35.529091797189764], [-121.04723120251835, 35.529600798363234], [-121.04833749935032, 35.53071936053345], [-121.04858649977066, 35.53100135920012], [-121.04891849913338, 35.531355360634045], [-121.04925349976743, 35.53166335957428], [-121.04944249991331, 35.53186536067252], [-121.04986508269434, 35.5323602213356], [-121.04998908344122, 35.532528221657714], [-121.05050008380236, 35.533270221369975], [-121.05074808439781, 35.533658221584595], [-121.0512140827565, 35.534344220612795], [-121.05189150141396, 35.535367359343496], [-121.05235250064807, 35.536037360352296], [-121.05255050011648, 35.536286359720954], [-121.05287149960853, 35.53663036043377], [-121.05329150152971, 35.537032360498266], [-121.05346550070868, 35.53718036055293], [-121.05370198310554, 35.53736272866572], [-121.05374700217601, 35.537399988785644], [-121.05436108511434, 35.537908221613826], [-121.05487108475229, 35.538309222598805], [-121.05631708579713, 35.5394652214828], [-121.05741950190705, 35.5403653606141], [-121.05844950212702, 35.54117635967983], [-121.05892032264214, 35.54151631478755], [-121.05963952733332, 35.54194434363192], [-121.06053950000917, 35.54242236252652], [-121.06234249514117, 35.54339036525069], [-121.06264048788047, 35.543556366753634], [-121.06326369500715, 35.543923397935636], [-121.06376008696517, 35.54426122170452], [-121.06411008587122, 35.544531221385434], [-121.06438408730425, 35.54476822257335], [-121.06523739339937, 35.545538267670786], [-121.06849008704197, 35.54848722173476], [-121.06911115707658, 35.549045593969666], [-121.06968618036804, 35.549588271040804], [-121.07010608796611, 35.54996722080363], [-121.0706730875055, 35.55046922150897], [-121.07158352375771, 35.55131318346386], [-121.07161331818075, 35.55134080284497], [-121.07296350491741, 35.552514359756074], [-121.07395250512947, 35.5534283598081], [-121.07418753495051, 35.55365310549384], [-121.07485050600322, 35.554224360052544], [-121.07508478303605, 35.554409852469405], [-121.07549893063657, 35.55468814948751], [-121.0758231038765, 35.55485220989679], [-121.07633911593865, 35.55509319795381], [-121.07670511114496, 35.5552381967813], [-121.07703810584101, 35.555349197959444], [-121.07813410348822, 35.555618189036785], [-121.07892405679623, 35.55570808346935], [-121.079319046925, 35.55572236159353], [-121.0796331365759, 35.555717602462714], [-121.07999481358063, 35.555689048402584], [-121.08045642905905, 35.55563194171343], [-121.08170408568243, 35.55546620565179], [-121.08231204570379, 35.555356082360184], [-121.0823494147213, 35.555350587263725], [-121.08287451144588, 35.555273374504004], [-121.08458580296048, 35.5550274553407], [-121.08533959997659, 35.55491535454558], [-121.08643325212263, 35.554779505167986], [-121.08690850223043, 35.55477131618006], [-121.08734650189834, 35.55476881088311], [-121.08774760865585, 35.55478650728185], [-121.08784369156034, 35.554792681361086], [-121.08830268755139, 35.55485482116187], [-121.08890467467441, 35.55495003690602], [-121.08943052418722, 35.55508090684595], [-121.08990464241778, 35.55524878284088], [-121.09021264328766, 35.55536378382612], [-121.09064964223235, 35.55556478393185], [-121.09094664233326, 35.555719784705445], [-121.09112741211455, 35.55582516883601], [-121.0915523323119, 35.556098283802655], [-121.0917918321498, 35.55628178478478], [-121.0922621145741, 35.55671554991421], [-121.09250720013641, 35.55697491086498], [-121.09301759323644, 35.55766322077979], [-121.09326209309722, 35.558052221116874], [-121.09368009267368, 35.558752221112535], [-121.09391346150973, 35.559173534041875], [-121.09454639739096, 35.560144353408596], [-121.09481583807725, 35.56061527023674], [-121.09492509387705, 35.56080622139491], [-121.09595741803864, 35.562554747457284], [-121.0964237918931, 35.56327810328076], [-121.09657607789336, 35.56348749524895], [-121.09679856633468, 35.56374042924845], [-121.09710809523887, 35.56404322146054], [-121.0972449041651, 35.5641902216913], [-121.09750009397771, 35.564431221133184], [-121.09777390406961, 35.56467022053711], [-121.09901309496972, 35.56567022168593], [-121.0994470944397, 35.566006220527825], [-121.10105309441981, 35.56729422142639], [-121.10170409542137, 35.567758220212966], [-121.10185789777778, 35.56786318735268], [-121.10278411742958, 35.568411863297335], [-121.10311613026703, 35.56857518829048], [-121.10396060502461, 35.5689060205615], [-121.10396235045118, 35.568906638006816], [-121.10454500942257, 35.569112887129364], [-121.10536399987383, 35.56936290103076], [-121.10711588445945, 35.5698772985474], [-121.10775208841167, 35.570095230425345], [-121.10812205866311, 35.57024025545257], [-121.10860105564397, 35.57047724639918], [-121.10905127689131, 35.57074626488693], [-121.1095680974372, 35.57111622146532], [-121.1099782717892, 35.5714960602565], [-121.10998364820615, 35.57150103911602], [-121.11033174448046, 35.57186081825512], [-121.11052924089232, 35.57210114432522], [-121.11069634280652, 35.57232684232641], [-121.11088234347767, 35.572626842349024], [-121.11100834297605, 35.57285284209663], [-121.11112334350207, 35.5730928429669], [-121.11129734357935, 35.573535843281526], [-121.11149934234741, 35.57412384306885], [-121.11158334560625, 35.57440684207417], [-121.11174918538748, 35.575022311518715], [-121.11188018490874, 35.57539031214009], [-121.11203518471945, 35.57573331141933], [-121.11216609530747, 35.57595757736145], [-121.11227918332028, 35.57615131222355], [-121.11244518479826, 35.57638031224966], [-121.11265618378715, 35.57664531288566], [-121.11289918346138, 35.576924311543635], [-121.11365513733253, 35.577701268502025], [-121.11487413590173, 35.578968268423985], [-121.11569850905819, 35.57985485477726], [-121.11747251106442, 35.58168085536931], [-121.11846309859959, 35.58268922045951], [-121.11951351572928, 35.583825359602045], [-121.12082151578356, 35.58517236012626], [-121.12114523627261, 35.585514169814836], [-121.12115128552774, 35.58552055777024], [-121.12152610039352, 35.585969221966714], [-121.12191110035798, 35.58650622180613], [-121.12224909956846, 35.58705122182985], [-121.1224700995014, 35.587478222200204], [-121.12262110001247, 35.58781922065185], [-121.12330809920239, 35.58944922184058], [-121.123973665488, 35.591048757844945], [-121.1239801010187, 35.59106422331249], [-121.12416410114169, 35.59154222100945], [-121.12430509981039, 35.591876221542144], [-121.1245161005959, 35.59242222011628], [-121.12462710092396, 35.5927612222739], [-121.12488061088703, 35.5935753903462], [-121.12488651820834, 35.59359436162632], [-121.12512551768464, 35.59427736124083], [-121.12538340334144, 35.59488498177186], [-121.1258401059336, 35.596004647707346], [-121.12620210184026, 35.59684422289468], [-121.12635810237418, 35.597156222894576], [-121.12659410147742, 35.597564222407804], [-121.12685810106804, 35.597963222288826], [-121.12705910180782, 35.598224222480425], [-121.12763346483756, 35.59885888941069], [-121.12764632601748, 35.59887141849704], [-121.12795410230856, 35.59917122266708], [-121.12872010203955, 35.599827222842265], [-121.12944610248586, 35.60042022285047], [-121.13229951923917, 35.60285336194733], [-121.1327157087103, 35.60321336104721], [-121.13373186679001, 35.604048044462054], [-121.13529586693731, 35.605385047023134], [-121.13614071000417, 35.60612436088941], [-121.13675370957425, 35.60665036068721], [-121.1375097101578, 35.60728436190152], [-121.13959471071203, 35.60905336210429], [-121.14034971147066, 35.60967836191762], [-121.14137844416774, 35.61056037669169], [-121.14141333832666, 35.610590293696696], [-121.14155571051938, 35.610712362176756], [-121.1446107119174, 35.61329636117252], [-121.14638504540198, 35.614994769940516], [-121.14639223821246, 35.6150003748697], [-121.1469890294799, 35.61546529781555], [-121.14706468469478, 35.615523929757494], [-121.14826393290414, 35.616535200758385], [-121.14886355745799, 35.61705868206649], [-121.14928472269747, 35.61741798119035], [-121.15036504653962, 35.61830765788819], [-121.1515202260961, 35.61915855740188], [-121.15257194937621, 35.620046096317076], [-121.15315533418635, 35.6206127413467], [-121.15370033488271, 35.621201741193644], [-121.15419433552543, 35.62179774245095], [-121.15469833531557, 35.62247374246534], [-121.15525733445901, 35.62330374145069], [-121.15611833642117, 35.62454674238616], [-121.15678233514659, 35.62528774260398], [-121.15723933597938, 35.62573874097806], [-121.157648335335, 35.626123741495334], [-121.15821133647302, 35.626736741091406], [-121.15898133550363, 35.627612741009465], [-121.15933033458475, 35.62810874163491], [-121.15974133538681, 35.62861974031238], [-121.15992433568492, 35.628861741104075], [-121.16072833594903, 35.6298897427161], [-121.16180188020574, 35.63143419659685], [-121.16243343627467, 35.63229605726352], [-121.16243481698527, 35.63229794171864], [-121.16312068250133, 35.63319994736611], [-121.16322776078489, 35.633336821685454], [-121.16338837057452, 35.63355329800147], [-121.16372030615683, 35.63401372365909], [-121.16401288474994, 35.63440697176726], [-121.16466092220936, 35.63519722365173], [-121.16502692100893, 35.63559822247522], [-121.16530592156651, 35.635854222856715], [-121.16571392199553, 35.63619522396225], [-121.16609392193712, 35.6364522233822], [-121.16651992280778, 35.63670622351392], [-121.16695992212553, 35.63693522405023], [-121.16774892142271, 35.63729422286574], [-121.1693159219431, 35.638046223947086], [-121.16991449187478, 35.63832702064917], [-121.17072392335312, 35.63870422401669], [-121.17225092279217, 35.63939422236446], [-121.17363970205176, 35.64001215393104], [-121.1741964976278, 35.640250099828734], [-121.17472235612374, 35.640445215826816], [-121.17504635688717, 35.640549215248676], [-121.17586806923374, 35.640756113503016], [-121.1780036341587, 35.64128278567736], [-121.17888463172076, 35.641491786743366], [-121.18010945855951, 35.64182530206677], [-121.18106362030824, 35.64214415103625], [-121.18160292478736, 35.64234722197228], [-121.18231192551525, 35.64263722239986], [-121.18295074625986, 35.64288666063197], [-121.18517092529804, 35.64379522354815], [-121.18546367367271, 35.64390792920778], [-121.1854850832209, 35.64391617186185], [-121.18578392576647, 35.64403122290117], [-121.18626992691159, 35.64424022407846], [-121.18670692585626, 35.64442222291191], [-121.18722692553995, 35.64461822298899], [-121.18835292601935, 35.645033222846564], [-121.19054192722896, 35.64589522229722], [-121.19125392653328, 35.646160224165065], [-121.19219240459545, 35.64655194010275], [-121.1923104396305, 35.64660120822921], [-121.19258124395942, 35.646714241347986], [-121.19277569059088, 35.646796329158654], [-121.19476516878937, 35.647636182259625], [-121.19594692769846, 35.648145223110035], [-121.19907001061522, 35.64945865064098], [-121.20017645926248, 35.64993751773913], [-121.20226443683354, 35.6508089945912], [-121.20328592910941, 35.65124622293545], [-121.2041349295794, 35.651619222852275], [-121.20450892967321, 35.65174822379002], [-121.2048049290509, 35.6518282238878], [-121.20522592900036, 35.651912222553754], [-121.20548592749473, 35.65193922181948], [-121.20583392944594, 35.651955222975076], [-121.20625092919742, 35.65194722276262], [-121.2066159281721, 35.651915223364774], [-121.20694792843312, 35.65185922256283], [-121.20733525683079, 35.65173575627304], [-121.20811333890236, 35.65150018918109], [-121.20886892985413, 35.65131722176613], [-121.20918093002366, 35.651273222426234], [-121.2095079293635, 35.65126022269957], [-121.2097819298982, 35.651277221106376], [-121.21023592856132, 35.65132122263397], [-121.2104659287151, 35.65137122215051], [-121.2107589304147, 35.65147522194989], [-121.21158193004707, 35.651837221950274], [-121.21170653356351, 35.651899292276056]]}, "properties": {"County": "SLO", "Route": 1, "bPM": 36.838, "ePM": 59.441}}, {"type": "Feature", "geometry": {"type": "LineString", "coordinates": [[-120.74275724329999, 35.33332080192352], [-120.74297798990804, 35.33336757146381]]}, "properties": {"County": "SLO", "Route": 1, "bPM": 22.66, "ePM": 22.673}}, {"type": "Feature", "geometry": {"type": "LineString", "coordinates": [[-120.66352673804751, 35.2867146712285], [-120.66358506655723, 35.28678129310904], [-120.66365054745323, 35.28685608500645], [-120.66423371307442, 35.287522033273355], [-120.66423872028382, 35.287527751982736], [-120.6649495939991, 35.28832092184213], [-120.664951140898, 35.28832264645712], [-120.66563733160417, 35.28911518453508], [-120.66564695795077, 35.28912657993327], [-120.66628200936448, 35.289878440963335], [-120.66658802944916, 35.29024110019908], [-120.66670410975017, 35.290425949105284], [-120.66675310835734, 35.29052394965031], [-120.66679310943863, 35.29062394960529], [-120.6668826517095, 35.29090033135215], [-120.66688288257656, 35.290901046252635], [-120.66692115440091, 35.291019184393214], [-120.66732256658561, 35.29240652255164], [-120.66732761242255, 35.29242396359828], [-120.66760881834415, 35.293446234648776], [-120.66784890657857, 35.29403747475295], [-120.66786456511228, 35.2940760346168], [-120.66793004600831, 35.29420290421854], [-120.6682457355587, 35.294685463673325], [-120.66836973540725, 35.29485546328852], [-120.66850273727329, 35.29502146443996], [-120.66864573469348, 35.295181464803505], [-120.66879473735133, 35.29533846463284], [-120.66903473485591, 35.295561463666175], [-120.66941193295212, 35.29587026032272], [-120.66941690333059, 35.295874328773294], [-120.66975033460787, 35.29611361035018], [-120.6700668020993, 35.29631348561501], [-120.67046180121118, 35.29653448551198], [-120.67144085437809, 35.29701930537698], [-120.67218690162831, 35.29741041636932], [-120.67276511124409, 35.29774116292949], [-120.67319038268273, 35.29800917473585], [-120.67375310893627, 35.29846401261105], [-120.67376364797119, 35.29847253196218], [-120.67391538330415, 35.29859517459416], [-120.67416738319922, 35.298826174422025], [-120.67440838232534, 35.299064174510264], [-120.67464488628175, 35.299273534652194], [-120.6747771488343, 35.29940100755722], [-120.67498514924675, 35.29965900780915], [-120.67518214889027, 35.299923007334826], [-120.6755086308005, 35.300394262041834], [-120.67573099168105, 35.300763525958345], [-120.6760288856057, 35.30133223610291], [-120.67616857722565, 35.301648186655505], [-120.6768536567158, 35.30309088607707], [-120.67759781391067, 35.304628222997], [-120.6777468147719, 35.30490322267144], [-120.67791081480343, 35.30517322385507], [-120.67836794499364, 35.305843878912185], [-120.67858194345726, 35.30608787779236], [-120.67880894233967, 35.30632387790791], [-120.67905094488393, 35.306550879394884], [-120.67930394370562, 35.306768877930374], [-120.68078969879505, 35.307980380324175], [-120.68079253387809, 35.30798269098148], [-120.68298874227122, 35.309773502375485], [-120.68372009128676, 35.310360630241], [-120.68464280481398, 35.31111638588181], [-120.68465409124721, 35.31112563035137], [-120.68502281643369, 35.311398223342565], [-120.68554981668838, 35.311760223168804], [-120.68614381778853, 35.3121162229163], [-120.68745881751549, 35.312789221098605], [-120.6883468165469, 35.31326922286604], [-120.68874081763052, 35.313517222931914], [-120.68926581733707, 35.3138852233308], [-120.6897108193726, 35.314246223182764], [-120.69012281730464, 35.31463022347815], [-120.69028581751125, 35.31479322341497], [-120.69187881797087, 35.316545223476325], [-120.69205692694227, 35.316716102208], [-120.69206757467333, 35.316726317258976], [-120.69234681777604, 35.316994222930354], [-120.69246381885023, 35.317086223263374], [-120.6926888180828, 35.3172812236311], [-120.69276218978024, 35.317336500025284], [-120.69317475185427, 35.31764731139393], [-120.69344594515371, 35.317851617146495], [-120.69358081731215, 35.31795322448748], [-120.69399382045897, 35.318224222217665], [-120.69461981775291, 35.318594223491765], [-120.6953348183286, 35.31895522358068], [-120.69650181791755, 35.3194692236024], [-120.69694515447657, 35.31961790252695], [-120.69699381891046, 35.31963422212661], [-120.6982638193299, 35.3199802232517], [-120.69884081801669, 35.32009722315311], [-120.69953081937629, 35.32020722306265], [-120.70003782043784, 35.32027522173247], [-120.70100482090857, 35.32034122301679], [-120.70161381938237, 35.32035322164533], [-120.70234300884798, 35.320317488888726], [-120.70288790533974, 35.32028417563406], [-120.70472126173175, 35.32013891282491], [-120.70476781961628, 35.32013522307214], [-120.70668314637965, 35.31996056945055], [-120.70922682042975, 35.3197532228035], [-120.70994482048013, 35.31969022108724], [-120.71029082098487, 35.319674222539966], [-120.71098282019769, 35.319678222360366], [-120.71148682088615, 35.319697222420544], [-120.71221082078434, 35.319769220602154], [-120.71269582120624, 35.31983722257218], [-120.71285182263848, 35.319863222448014], [-120.7136288222401, 35.32003122240258], [-120.71402782065165, 35.32014422243309], [-120.71436982185672, 35.3202542222787], [-120.71477782048909, 35.3204042220269], [-120.71598882225562, 35.320880221349675], [-120.71658383755376, 35.32111170799922], [-120.71658940621019, 35.32111387535466], [-120.71814282240682, 35.3217182222333], [-120.71976537833763, 35.32231548799539], [-120.71979630463791, 35.32232686992294], [-120.7204179567808, 35.322575575890305], [-120.72062227410062, 35.32265700229413], [-120.72087955519125, 35.32275953370121], [-120.72269117145508, 35.3234715623257], [-120.7233479019115, 35.323747579015134], [-120.72397182409713, 35.3240752231492], [-120.7244898232327, 35.32438722161191], [-120.724977822231, 35.3246962219401], [-120.72533482350468, 35.324957221261705], [-120.72562482393292, 35.32520122185072], [-120.72650087537103, 35.32600410512931], [-120.72695382300527, 35.32641922096912], [-120.72718682443042, 35.32662622217929], [-120.72785698020877, 35.32726442310313], [-120.72880498490453, 35.328049349762416], [-120.7295298247275, 35.32866422185556], [-120.72984182489704, 35.32891622097631], [-120.73028682513596, 35.329244222331305], [-120.7306848246209, 35.329513221761026], [-120.73138782550099, 35.32991422194625], [-120.73184182506245, 35.33013022198378], [-120.73247482562236, 35.330403222152015], [-120.73286482560971, 35.33054622173263], [-120.73334782548345, 35.33069022069586], [-120.73503465766944, 35.331164489990755], [-120.73507511060332, 35.33117550130786], [-120.73691482616921, 35.331676222603946], [-120.73990282582345, 35.332521221003], [-120.74165682594158, 35.333025221525475], [-120.74263943284375, 35.33329312082707], [-120.74268419230108, 35.33330532492914], [-120.742731295463, 35.333315304839], [-120.74275724329999, 35.33332080192352]]}, "properties": {"County": "SLO", "Route": 1, "bPM": 16.77, "ePM": 22.66}}, {"type": "Feature", "geometry": {"type": "LineString", "coordinates": [[-120.58228754142925, 35.09816404883507], [-120.58373843739408, 35.098160486421115], [-120.59016983494091, 35.0981756893358], [-120.59020124004324, 35.098205107353465], [-120.59112690184125, 35.098208158224594], [-120.59113682912344, 35.098208190563376], [-120.59169317105027, 35.098210022114955], [-120.59232014571123, 35.09821983693757], [-120.59236548278531, 35.098220546185935], [-120.59259978047939, 35.09821479429143], [-120.59293804648952, 35.09820648836693], [-120.5930472825264, 35.09817129125816], [-120.59490078363864, 35.09814520780144], [-120.5962283193554, 35.0981455907224], [-120.5962661294457, 35.098145601747014], [-120.59702364638547, 35.098145820768984], [-120.59707766747339, 35.09817338813578], [-120.59767326847305, 35.09817363582167], [-120.59839931653008, 35.09817393716049], [-120.59850210895141, 35.09816822495126], [-120.59923191286465, 35.098180807686525], [-120.59927495923473, 35.098181550009016], [-120.59987219157496, 35.098179754470465], [-120.59992101860392, 35.09817960747594], [-120.60054083369208, 35.09817774284988], [-120.60057036401042, 35.09817787367508], [-120.60125085670276, 35.0981808826537], [-120.60133574210724, 35.09818125748988], [-120.60225425870546, 35.098185312334635], [-120.60226842962906, 35.09818523369254], [-120.60325246395422, 35.09817973536118], [-120.6032686480024, 35.09817964569452], [-120.60333056528165, 35.09818085251986], [-120.60394798096969, 35.098192891373344], [-120.60398100303954, 35.098192590769514], [-120.60456688067457, 35.09818726074741], [-120.60535084132135, 35.098189974266695], [-120.60565950963948, 35.09819104218206], [-120.60570124896084, 35.09819099661374], [-120.60646106379109, 35.0981901660946], [-120.60733579919732, 35.098189205485255], [-120.60738464059929, 35.09818941495247], [-120.6090297119044, 35.098196511113734], [-120.6091096511849, 35.09819661694984], [-120.6106678194694, 35.09819868075302], [-120.61079167648582, 35.09819576732141], [-120.61079417200568, 35.098195707788655], [-120.61082962312005, 35.09819487432962], [-120.61139688676408, 35.098213910119554], [-120.61147669938212, 35.098237854050055], [-120.6115682080652, 35.09826530599513], [-120.61164534460202, 35.09825114087789], [-120.6117997847623, 35.098329205908705], [-120.61250874147274, 35.098846866712385], [-120.61295738617673, 35.0991744547176], [-120.61295829257688, 35.09917510516054], [-120.61426424896386, 35.10010769028874], [-120.6142897889657, 35.100125928205564], [-120.61499178463103, 35.10062720730961], [-120.61542778824237, 35.100944207116974], [-120.61568085533601, 35.10114685110523], [-120.6156937856862, 35.10115720575956], [-120.61573744830058, 35.10118878932125], [-120.61586994890669, 35.101284634265745], [-120.61588300232609, 35.101294073896405], [-120.61757559001812, 35.10251776826448]]}, "properties": {"County": "SLO", "Route": 1, "bPM": 10.411, "ePM": 12.5}}, {"type": "Feature", "geometry": {"type": "LineString", "coordinates": [[-120.59725491675704, 35.06191343631167], [-120.59730648454591, 35.06229686841381], [-120.59733265965667, 35.062682341358084], [-120.59731124382029, 35.063034502404236], [-120.59729160574985, 35.06313731345802], [-120.59727079268305, 35.063246274327966], [-120.5971637161961, 35.063591296270594], [-120.59704236368272, 35.06385065790061], [-120.59693052971805, 35.06407432748155], [-120.59672351655409, 35.06437889759016], [-120.5961833793367, 35.065140325977964], [-120.59615975903459, 35.065171329389194], [-120.59576459283605, 35.065689981493215], [-120.5950225457838, 35.066709223066624], [-120.59418033837402, 35.06786599890516], [-120.59365639149298, 35.068607201419994], [-120.59316726690561, 35.069312244337276], [-120.59315014860955, 35.06933691948653], [-120.5931281506649, 35.069368628597424], [-120.59282595830163, 35.06977789617965], [-120.59281336122639, 35.06979438735893], [-120.59193717773594, 35.07094145870489], [-120.59146070681767, 35.07156522138441], [-120.59140599133201, 35.07164377367197], [-120.59099853348543, 35.0722287400182], [-120.59069158274613, 35.07276173959002], [-120.5904488786176, 35.073261427570515], [-120.59018237811722, 35.0739419528273], [-120.59003723102855, 35.07424414380455], [-120.5900263371591, 35.07427501509976], [-120.5900132253492, 35.07431217591603], [-120.58957777959165, 35.07554620521376], [-120.58949878084726, 35.075828206043596], [-120.58935694584704, 35.076648535074035], [-120.58932205887466, 35.07687997703411], [-120.58931706783494, 35.076913080026635], [-120.58922179161759, 35.07754511611805], [-120.58902572442538, 35.078179005780484], [-120.58891151082352, 35.07840743369118], [-120.58873638425887, 35.078675836146914], [-120.5886658144068, 35.07873340634762], [-120.58866136864445, 35.0787370335681], [-120.58844299358877, 35.079014964631654], [-120.58825025734963, 35.079183905310856], [-120.58775049491264, 35.079636480027155], [-120.58769584141078, 35.07968597257291], [-120.58742458433095, 35.07996436868601], [-120.58676991371145, 35.080657483759644], [-120.58673882032453, 35.08075787756137], [-120.58571546853601, 35.08182051624332], [-120.58541105014746, 35.082132819722425], [-120.58475997997563, 35.0828007461618], [-120.58464989323419, 35.082931936245366], [-120.5845268968038, 35.08311893704847], [-120.58440389498352, 35.08336393733395], [-120.58371229013112, 35.08544038270046], [-120.58370279224361, 35.08546889821488], [-120.5834009142907, 35.08642460690879], [-120.58335187795429, 35.08660359471528], [-120.5833404468923, 35.0866453154783], [-120.58328966512929, 35.086830660465196], [-120.5831494363168, 35.087342485036736], [-120.58294843647533, 35.0879334847139], [-120.582855516539, 35.08806456069325], [-120.58263343683107, 35.08829648554552], [-120.58258843662523, 35.08836548504096], [-120.58250943698253, 35.0885444854946], [-120.5824294366166, 35.08886248564778], [-120.5823664368674, 35.08899648565532], [-120.58191843625542, 35.08972948493291], [-120.58185043648336, 35.08990348627578], [-120.5817324364826, 35.09033848543611], [-120.58153477927229, 35.09091320803267], [-120.58151277953101, 35.09108220786499], [-120.58153478106895, 35.09115720804368], [-120.58158178002627, 35.09123420891985], [-120.58177812300133, 35.09144526892034], [-120.58214693891762, 35.09182598304878], [-120.58231588058152, 35.09200920232072], [-120.58236343829098, 35.0921584849877], [-120.58237043616703, 35.09226948649703], [-120.58233443618202, 35.092442484992205], [-120.58220243773418, 35.09276648536311], [-120.58196109006172, 35.093479862603616], [-120.58188358431735, 35.094073699779024], [-120.58182650177092, 35.0944475587264], [-120.58182208295803, 35.09446674312742], [-120.58181662299775, 35.09449044928145], [-120.58164267771771, 35.09524563878826], [-120.5815149606405, 35.095599268948014], [-120.58144261931066, 35.0960899787758], [-120.58150348017118, 35.096934421737494]]}, "properties": {"County": "SLO", "Route": 1, "bPM": 7.531, "ePM": 10.213}}, {"type": "Feature", "geometry": {"type": "LineString", "coordinates": [[-120.57218951823504, 35.04731314661368], [-120.57295290746177, 35.047308628125066], [-120.57320305323414, 35.047290576231035], [-120.57367965171316, 35.04729782169963], [-120.5769248426265, 35.047302696872976], [-120.57692573465356, 35.047302690989476], [-120.57902681055982, 35.04728520905341], [-120.57911199420495, 35.047284500097604], [-120.58071508364353, 35.04727115275337], [-120.58126389499331, 35.047269887811225], [-120.58132528406323, 35.04726974587297], [-120.58248099452399, 35.04726708066934], [-120.58252359083814, 35.04726698285694], [-120.58569131732958, 35.04725967855107], [-120.58569137751671, 35.04725967855107], [-120.58735174623277, 35.04725584915888], [-120.5890521321998, 35.047262244471746], [-120.59052739586501, 35.04725510563756], [-120.59092238779039, 35.04726938256981], [-120.5913078602687, 35.04734790454953], [-120.59152461386529, 35.04742969838199], [-120.59156008294597, 35.04744308320728], [-120.59174075660748, 35.04753122516875], [-120.59198275735514, 35.04767922499446], [-120.5921407584372, 35.04780422555764], [-120.59227075633692, 35.04792122523483], [-120.59238575686295, 35.04805222502026], [-120.59247775782278, 35.048198225022034], [-120.59253475772418, 35.04830922529699], [-120.5925999098368, 35.04848171836895], [-120.59265589464194, 35.04873484016923], [-120.59271174380144, 35.04904089126313], [-120.5927139329958, 35.04905658061622]]}, "properties": {"County": "SLO", "Route": 1, "bPM": 5.299, "ePM": 6.534}}, {"type": "Feature", "geometry": {"type": "LineString", "coordinates": [[-120.56807784294132, 35.04389498563706], [-120.56810573293598, 35.044421168648114], [-120.56829608953794, 35.045058863365874], [-120.56860304027727, 35.04562279449521], [-120.56886235066212, 35.04592848732144], [-120.5689989412977, 35.04610992765945], [-120.56918446047186, 35.04627913722188], [-120.56935978556417, 35.04642388279204], [-120.56957384601154, 35.0465767826393], [-120.56973241393055, 35.04667985269712], [-120.56977771237706, 35.046709295902986], [-120.56979892160093, 35.046720205367414], [-120.57009556956226, 35.04687280754426], [-120.57042308094181, 35.04700690665845], [-120.5706964355878, 35.04710490168634], [-120.57097236929698, 35.04718226625385], [-120.5712379894484, 35.04723900041955], [-120.57152166124547, 35.047282840229094], [-120.57174343911947, 35.047300892124845], [-120.57208126495507, 35.04731378643875], [-120.57218951823504, 35.04731314661368]]}, "properties": {"County": "SLO", "Route": 1, "bPM": 4.841, "ePM": 5.201}}, {"type": "Feature", "geometry": {"type": "LineString", "coordinates": [[-120.61757559001812, 35.10251776826448], [-120.61814947155085, 35.10293265271414], [-120.61856195726807, 35.10317007443047], [-120.61856875841308, 35.103173987921], [-120.61865910826941, 35.10321286706118], [-120.61907685002936, 35.1033071692198], [-120.61912158074063, 35.10331932637434], [-120.61975384737693, 35.103491168170315], [-120.61999878471724, 35.1035794267261], [-120.62017078424638, 35.103670427185214], [-120.62036078511547, 35.103798425737], [-120.62052078584738, 35.10392542679997], [-120.62067878513281, 35.104072424831976], [-120.62123620773289, 35.104609922736074], [-120.62263628510382, 35.10604530018611], [-120.62285521082674, 35.106278337977734], [-120.62295821075891, 35.106438337998426], [-120.62298030033176, 35.10648103337655]]}, "properties": {"County": "SLO", "Route": 1, "bPM": 12.5, "ePM": 12.916}}, {"type": "Feature", "geometry": {"type": "LineString", "coordinates": [[-121.22391083480777, 35.65305220583025], [-121.22914300570478, 35.652466764091855], [-121.22958900936192, 35.65242376321597], [-121.230065006868, 35.65239976344699], [-121.23060400861492, 35.65240676505315], [-121.231105008032, 35.652434764172185], [-121.23176994459857, 35.65253287488231], [-121.23216969310336, 35.65260901718933], [-121.23300361445297, 35.65285570599891], [-121.23397905010424, 35.65317987524174], [-121.23434187246099, 35.65330861526241]]}, "properties": {"County": "SLO", "Route": 1, "bPM": 60.261, "ePM": 60.869}}, {"type": "Feature", "geometry": {"type": "LineString", "coordinates": [[-121.28182328530555, 35.673486976748954], [-121.28242321618487, 35.67409012486716], [-121.28363478658497, 35.67530169653402], [-121.28394547162092, 35.675661957577624], [-121.2840903375369, 35.675829942625576], [-121.28440534616435, 35.67639211077859], [-121.28467673709314, 35.677065743670894], [-121.28487058903988, 35.677782995157074], [-121.28500628495344, 35.67852447584187], [-121.28499659302983, 35.6802449069056], [-121.28495782353878, 35.68185387404488], [-121.28490936032755, 35.682827978672364], [-121.28492874507306, 35.68328837351361], [-121.28505474816467, 35.683879621314276], [-121.28533723688051, 35.684434507770035], [-121.28546183680368, 35.684679257350254], [-121.28585923262075, 35.68534319850636], [-121.28638262973284, 35.68582298133561], [-121.28667340900041, 35.68618160646691], [-121.28687210645978, 35.686612925925154], [-121.2869981068565, 35.687087862973925], [-121.28699810865311, 35.6875870308172], [-121.28685266512042, 35.68837614150145], [-121.28680681600662, 35.6886248962279], [-121.28677033452462, 35.6888228329077], [-121.28676064349933, 35.689472235065274], [-121.28692541608201, 35.69016525382356], [-121.28725011663303, 35.690804963377964], [-121.28785105811707, 35.69153190645829], [-121.28827268329401, 35.691968072044695], [-121.28909170608462, 35.692859787368086], [-121.28964902717509, 35.69357703840805], [-121.29156331189273, 35.69559793926258], [-121.2931286613096, 35.69742014233635], [-121.29370052432789, 35.69795808037117], [-121.29482001561473, 35.698675330059565], [-121.29750970362774, 35.699726973876615], [-121.2999764639232, 35.70067199901107], [-121.30006993362849, 35.7007109740459]]}, "properties": {"County": "SLO", "Route": 1, "bPM": 64.139, "ePM": 66.449}}, {"type": "Feature", "geometry": {"type": "LineString", "coordinates": [[-120.57086940350082, 34.977483691383654], [-120.57086377645389, 34.977567180331405], [-120.57074034254396, 34.979119501176356], [-120.57065702110643, 34.98022682263063], [-120.57059277269897, 34.98131899644365], [-120.57057666231267, 34.98252511133129], [-120.57057640988609, 34.982567233396864], [-120.5705642215443, 34.984605032272064], [-120.5705642215443, 34.98674892662834], [-120.5705501449438, 34.9910260171212], [-120.57054607108397, 34.996077402436356], [-120.57054601538844, 34.99614688828015], [-120.57052932379213, 34.998471739454175], [-120.5705340830665, 35.000016008825895], [-120.57052456541608, 35.00189102442743], [-120.57051029028788, 35.003497161504406], [-120.5704864930177, 35.00368751856535], [-120.57044842331429, 35.00386835732618], [-120.57035324321666, 35.00416578928766], [-120.56806420202375, 35.00964092899765], [-120.5676137930285, 35.010727358428205], [-120.56759510447733, 35.01077243845056], [-120.56691549932049, 35.012411703204094], [-120.5659690666765, 35.01467576134114], [-120.56527188867604, 35.016360817163275], [-120.56459314500357, 35.01795743496096], [-120.56391083501941, 35.01960640204925], [-120.56351584309404, 35.02052011499426], [-120.56320651451416, 35.02140527543193], [-120.56261144711378, 35.02297309334795], [-120.56254485949331, 35.02315189071407], [-120.56224974675283, 35.02394428187092], [-120.5620207473223, 35.0245732815466], [-120.56140149188454, 35.026191514110174], [-120.56127062082238, 35.02654605332918], [-120.56120754202142, 35.02678887899829], [-120.5611959133301, 35.02683364341512], [-120.56118421457015, 35.027020821277404], [-120.5611434283613, 35.0310057665818], [-120.56114580710017, 35.031648220705016], [-120.56112677090098, 35.0328902997545], [-120.56115056547624, 35.03330194655022], [-120.56124098540116, 35.033746905954416], [-120.56143372074199, 35.03423469616073], [-120.561745431654, 35.03473200213515], [-120.56211900774298, 35.03513651152972], [-120.56466677182259, 35.0372592036265], [-120.5654767719345, 35.037907203659216], [-120.56640477294548, 35.03870020273291], [-120.5673217722892, 35.039454202961814], [-120.56763377245873, 35.03980620528468], [-120.56770598263455, 35.03990970973795], [-120.56782971478513, 35.040116724135196], [-120.56783877788803, 35.04013843302804], [-120.5679320319977, 35.04036180716818], [-120.56802482976316, 35.040661620308036], [-120.56805571474094, 35.04095972307301], [-120.56807241981195, 35.04147063649174], [-120.56807658080837, 35.04178965485243], [-120.56807939972175, 35.04200582634698], [-120.5680676614359, 35.04293400494625], [-120.5680695290334, 35.043573903693236], [-120.56806987039319, 35.0436894201156], [-120.5680700410731, 35.04374778134534], [-120.56807780880537, 35.04389435019801], [-120.56807782587335, 35.04389465173737], [-120.56807784294132, 35.04389498563706]]}, "properties": {"County": "SLO", "Route": 1, "bPM": 0, "ePM": 4.841}}, {"type": "Feature", "geometry": {"type": "LineString", "coordinates": [[-120.74297798990804, 35.33336757146381], [-120.7433090532262, 35.33343771363159], [-120.74362805217012, 35.33348671388557], [-120.74385205517106, 35.333513713369676], [-120.74461552883945, 35.33356999438904], [-120.7454035795157, 35.33355246767561], [-120.74650958080194, 35.33342246750611], [-120.74742812075635, 35.33329900705486], [-120.74770112056784, 35.333274007439286], [-120.74819912230683, 35.33324500720131], [-120.74866412084063, 35.3332380070412], [-120.74906512159691, 35.333244007597244], [-120.74967112149433, 35.3332710078953], [-120.75013112270018, 35.333320006051785], [-120.75047512265678, 35.33336400689866], [-120.75099612126705, 35.333446007979965], [-120.75143215631947, 35.333541930100104], [-120.75199515566082, 35.333691930111854], [-120.75269115596993, 35.33391893026458], [-120.75314815680272, 35.334091929026336], [-120.75341715731456, 35.334202930006555], [-120.75396315693749, 35.334462931289984], [-120.75431715693983, 35.33464493103114], [-120.75482579832504, 35.33494532241119], [-120.75746224139453, 35.3366299803935], [-120.75883519144051, 35.33749610298471], [-120.75968397990805, 35.3381052547656], [-120.75985597943719, 35.33824325473282], [-120.76028597960749, 35.33863625414475], [-120.7613764553107, 35.33975421284181], [-120.76196645621286, 35.34036921426068], [-120.76281712754925, 35.34128723585525], [-120.76380112773843, 35.34230023619104], [-120.76447212613654, 35.34295623738455], [-120.76532328346151, 35.34368174515288], [-120.76680831720378, 35.34490005564052], [-120.77128014146791, 35.34856835357795], [-120.77422849667202, 35.35100962034275], [-120.77445276826923, 35.35117431562967], [-120.77474445034366, 35.35138851432272], [-120.77509445104634, 35.35162751443022], [-120.77543145133025, 35.35183351470958], [-120.77590445025993, 35.35209851473009], [-120.77638945158016, 35.35234051377089], [-120.77666245139162, 35.35246351431637], [-120.77709645175989, 35.352640514057796], [-120.77759486582563, 35.352812695373025], [-120.77799386513547, 35.352938695478706], [-120.78137486515011, 35.35384669504495], [-120.78409705959996, 35.35457171816369], [-120.78446036165705, 35.35467259211796], [-120.78454051204164, 35.35469484938662], [-120.7865672038491, 35.35522807101663], [-120.78672009980542, 35.355268297054174], [-120.78778172162167, 35.355557677763976], [-120.78818872132744, 35.35567367812392], [-120.7894942096922, 35.35601592623959], [-120.79117921111165, 35.356469925751426], [-120.79498872907635, 35.357483576021636], [-120.79676272838765, 35.357965575476946], [-120.79743904391391, 35.35820177582337], [-120.79815204394143, 35.35847077555933], [-120.79942487315571, 35.35898727964713], [-120.8008207886319, 35.35955370774439], [-120.8017345019383, 35.359932041489124], [-120.80524658501751, 35.361343062493305], [-120.8053159439406, 35.36136801972443], [-120.80626499697028, 35.361709500126935], [-120.80659336354597, 35.361802297167735], [-120.80691696905068, 35.36188082036242], [-120.80745897027226, 35.36200517558134], [-120.80747859217304, 35.362008476616836], [-120.80803531678215, 35.36210210919447], [-120.80887288619012, 35.362216322169736], [-120.81082166531637, 35.36249710017531], [-120.81152084027165, 35.36259421927345], [-120.8127188407211, 35.362752220062696], [-120.81365084103176, 35.36289022041561], [-120.82017684285607, 35.363797637042005], [-120.8210658426107, 35.36392121864559], [-120.82182484177066, 35.36403621802346], [-120.82312043159926, 35.36425513988662], [-120.82336188886617, 35.36429593942159], [-120.82355400796276, 35.364328402339915], [-120.82622484303288, 35.364766219713395], [-120.82683106661077, 35.36487468344689], [-120.82694584345633, 35.36489521858408], [-120.82846584232439, 35.365138219508694], [-120.83248984384296, 35.36580621902875], [-120.83445484474659, 35.366138219054314], [-120.83458080471912, 35.3661589142983], [-120.83690784375024, 35.36654121898718], [-120.83726284447579, 35.366611218808636], [-120.83793684504356, 35.36677121890504], [-120.83833884562479, 35.366890217567054], [-120.83861884690558, 35.366982218240594], [-120.83901584566729, 35.36713221769673], [-120.8393812291209, 35.367282950877915], [-120.8393877176522, 35.367285626842055], [-120.83998227750446, 35.36756656888572], [-120.84024184570582, 35.36768921806269], [-120.84073084542736, 35.36795221897759], [-120.84125384548409, 35.36825121776519], [-120.84446784509413, 35.37004321750255], [-120.8455818467763, 35.370670217522594], [-120.84682084633528, 35.371314219177144], [-120.8512368178466, 35.37348544954699], [-120.85144752218808, 35.373611402010624], [-120.8514518376947, 35.373613981077405], [-120.85166274236049, 35.373740052734775], [-120.85182158246901, 35.37384919440536], [-120.85205059447597, 35.374006552023964], [-120.85239681686456, 35.37429645008701], [-120.85263781958393, 35.37450644896885], [-120.8529568203245, 35.3748474496933], [-120.85330281813427, 35.37526544953704], [-120.85359724366357, 35.375665036035066], [-120.85373049166799, 35.37586253264336], [-120.85408027408006, 35.37640504850602], [-120.85417783201824, 35.376576369048124], [-120.85422017860073, 35.37665664015482], [-120.85432293688608, 35.376851414742234], [-120.85433725693001, 35.37687856013896], [-120.8547072397579, 35.377665769743416], [-120.85484610492776, 35.378044023729736], [-120.8548654968598, 35.37809684516829], [-120.85494639823598, 35.37833717103416], [-120.8551840897652, 35.379084873702595], [-120.8554516889052, 35.379983360202914], [-120.85548802755505, 35.38009553078544], [-120.85551509020131, 35.38017887383014], [-120.85617057289782, 35.382384361085336], [-120.85618984984552, 35.38244921962537], [-120.85643385024298, 35.38307321930812], [-120.85710731271992, 35.38490363862654], [-120.85842469567731, 35.388401597477674], [-120.85905049444358, 35.390045804644465], [-120.85973577874967, 35.391885128879636], [-120.86020792517816, 35.393085346161136], [-120.8604139259408, 35.39366734603366], [-120.86045161835183, 35.39375837004903], [-120.8604622615913, 35.39378407518484], [-120.86057785141217, 35.39406322018787], [-120.86078274275542, 35.39465006296213], [-120.86118759997925, 35.395721070021395], [-120.8614567190687, 35.396397852644725], [-120.86154852509411, 35.396657968566224], [-120.8615568937993, 35.396681680998135], [-120.86158871841486, 35.39677185217651], [-120.86182871771607, 35.39739685336875], [-120.86203671902682, 35.39787185129839], [-120.862453851729, 35.39866522079383], [-120.86282908071813, 35.39931380766584], [-120.86313321703567, 35.39976532442466], [-120.86344221862879, 35.400196324222286], [-120.86405385275967, 35.40092522042288], [-120.86466892204817, 35.401573078853524], [-120.86467103758068, 35.401575110784705], [-120.86509285230211, 35.40198022046223], [-120.86590685171367, 35.40269021958069], [-120.86704485188862, 35.40364421988622], [-120.86757585323961, 35.40413321956208], [-120.86774719879521, 35.40430778198369], [-120.86775263629762, 35.40431332256082], [-120.86842885390752, 35.405067220439356], [-120.86878011404825, 35.40548374867492], [-120.86930111355684, 35.406067748715415], [-120.86972085406829, 35.40649922148913], [-120.87091685486787, 35.40782322102927], [-120.87130285465724, 35.408281219589774], [-120.87150385449871, 35.40855122092369], [-120.87176184615673, 35.40902096065601], [-120.87182684645407, 35.40915595983087], [-120.87196860509748, 35.40947795960728], [-120.87213480150989, 35.41007976003149], [-120.872277801625, 35.41062676003521], [-120.8725039713624, 35.411434782209774], [-120.87251188552005, 35.411464570698556], [-120.8726368016502, 35.41193475908736], [-120.8727638180415, 35.41233342886882], [-120.87277998861492, 35.4123841859424], [-120.87289896238946, 35.41271731139001], [-120.87303459003105, 35.41306947212603], [-120.87322785537792, 35.413484220955894], [-120.873309856292, 35.41364722128945], [-120.87370185503084, 35.41435922099621], [-120.8741219198341, 35.41514924137703], [-120.87412362932808, 35.41515218663195], [-120.87455030842679, 35.41588675312547], [-120.8753260126578, 35.41726208160343], [-120.87613265217222, 35.41869927671844], [-120.87664899301774, 35.419636783751194], [-120.87689883605783, 35.42014598858285], [-120.87741955888532, 35.42131051139214], [-120.87744737162483, 35.42137144559369], [-120.87782206791299, 35.42219232592114], [-120.87797899460996, 35.422510662465825], [-120.87842544113649, 35.42339200194699], [-120.88082891422187, 35.427548492904926], [-120.88114591710924, 35.4280304939373], [-120.88141891602238, 35.42840449382001], [-120.88188306025833, 35.42892794829494], [-120.8818857614924, 35.428930994791166], [-120.88263191564211, 35.42977249310667], [-120.8846836425982, 35.43206946813081], [-120.88506664291286, 35.43252446915904], [-120.8852727739312, 35.432904331528285], [-120.88541377439651, 35.433144332283646], [-120.88557177458026, 35.43345433268858], [-120.88565177225126, 35.433644798047126], [-120.88565511398411, 35.43365275565557], [-120.88570637185425, 35.43377479710567], [-120.88577516573702, 35.43393858713019], [-120.88613014041144, 35.43484735269324], [-120.88660413916602, 35.43601635379584], [-120.88677544250083, 35.436426657432804], [-120.88682991723796, 35.436557132864664], [-120.88715154824567, 35.437359222729086], [-120.88719186553394, 35.43745976554828], [-120.88737014069363, 35.43790435195902], [-120.8876151400177, 35.43840835245446], [-120.88793398894298, 35.43898418239146], [-120.88817669217318, 35.43932206560774], [-120.88856216465149, 35.43985506601323], [-120.88859813139882, 35.439901849939574], [-120.8886049190691, 35.43991067859767]]}, "properties": {"County": "SLO", "Route": 1, "bPM": 22.661, "ePM": 34.716}}, {"type": "Feature", "geometry": {"type": "LineString", "coordinates": [[-120.62298030033176, 35.10648103337655], [-120.62308411952743, 35.10668169628347], [-120.62308456868509, 35.106682564195786], [-120.62341567332578, 35.10732252394505], [-120.62342144410316, 35.10733367737552], [-120.62343721043472, 35.107364150329964], [-120.62367868387128, 35.107874731930444], [-120.62372767349534, 35.10798357205935], [-120.62373455369209, 35.10799885618399], [-120.62402852377555, 35.10865195845198], [-120.62403126004392, 35.108658038100685], [-120.62437258302093, 35.1094163452363], [-120.62467276854787, 35.11004921558033], [-120.62544058467235, 35.111700933157955], [-120.62585637798644, 35.112612167421176], [-120.62586558481979, 35.11263234546376], [-120.62624958495935, 35.11344134792068], [-120.62791059956407, 35.1170782997615], [-120.62848858549933, 35.11827934673732], [-120.62969069663951, 35.12104966002453], [-120.6297376982918, 35.121264661258806], [-120.62978587673715, 35.12185629821039], [-120.62980829329673, 35.1219840712833], [-120.6298091341198, 35.12198887145818], [-120.62985487992735, 35.122120418034825], [-120.6305425438706, 35.12363613398261], [-120.63080875241855, 35.12419026369909], [-120.63116879089618, 35.124962208373894], [-120.63143722277445, 35.12555873966316], [-120.63163233775248, 35.12620833249053], [-120.63171324002698, 35.126665189684005], [-120.63179652014202, 35.127274330826275], [-120.6318655260272, 35.12818328598412], [-120.63192446808625, 35.12934913986855], [-120.6319934676832, 35.13001714013709], [-120.63203446679279, 35.130239139072636], [-120.63212964599211, 35.13053895191026], [-120.6322156453075, 35.13072995110741], [-120.63231664648815, 35.130913950583476], [-120.63242179159722, 35.13108720868097], [-120.63262179251207, 35.131316209081106], [-120.63271262476373, 35.13146601704565], [-120.63327879156478, 35.13192220925618], [-120.63379666852946, 35.132389916243575], [-120.63381115835496, 35.13240300208259], [-120.63391879179738, 35.1325002091125], [-120.63444579205208, 35.13296820884747], [-120.63492420063642, 35.13341083164529], [-120.63492865897517, 35.133414955998695], [-120.63495379204016, 35.13343820929629], [-120.63592042420164, 35.134300381666], [-120.63592882255124, 35.13430787286149], [-120.6367996152517, 35.13510873990911], [-120.63680079294303, 35.135109824237325], [-120.63687567740342, 35.13517869594865], [-120.63694421346972, 35.13524172869474], [-120.63771522490167, 35.13595082517615], [-120.63783919420753, 35.13603696074965], [-120.6379255690187, 35.13620970986718], [-120.6379450103581, 35.136282289056155], [-120.6379661297504, 35.13636113529586], [-120.63798267581964, 35.13642291017821], [-120.63805482760495, 35.1370885133799], [-120.63805881881976, 35.137125327477804], [-120.63810209515856, 35.137441768032836], [-120.63813778702142, 35.13757977632177], [-120.63819401616833, 35.13769977819713], [-120.63823212090603, 35.13776734818221], [-120.63826008546083, 35.13781693913816], [-120.63836339082019, 35.137970511057766], [-120.63859989567494, 35.138203233476744], [-120.63861125487172, 35.13821334393861], [-120.63914824798563, 35.13869133528776], [-120.63915069319982, 35.138693511194894], [-120.63980176516829, 35.13927288443685], [-120.639809360424, 35.139279642041906], [-120.64056918513575, 35.13995579345898], [-120.64063568921283, 35.14001497249169], [-120.64135423813389, 35.14065439199717], [-120.64135869737093, 35.140658442524675], [-120.6420551827703, 35.141292147054784], [-120.64206397098873, 35.141300142266054], [-120.64212484262902, 35.14139503134807], [-120.64217811272536, 35.141753351340235], [-120.64222179240772, 35.14189220957287], [-120.6423096835751, 35.14199018025256], [-120.64233521100056, 35.1420186341127], [-120.6426117941917, 35.142277209350574], [-120.64290929734916, 35.14253877274341], [-120.64292840361695, 35.14255557168464], [-120.64351246485849, 35.14309292221451], [-120.6435163680384, 35.14309651131214], [-120.6439277946419, 35.14345520872594], [-120.64410771731183, 35.143615234163114], [-120.6441423635357, 35.14364605054347], [-120.6444654282546, 35.14393338966314], [-120.64458942810317, 35.14409038924754], [-120.64464342852986, 35.144195389202935], [-120.6446704157176, 35.144266693426495], [-120.64468368563097, 35.14430175456396], [-120.64469171926457, 35.14434031658237], [-120.64470748020621, 35.144415969249145], [-120.64472413676823, 35.14457539266649], [-120.64477251913111, 35.145185690423574], [-120.6447753991299, 35.145222000632096], [-120.64482883361795, 35.145895993816545], [-120.64489062333648, 35.146323646948645], [-120.64492159006092, 35.14635417436451], [-120.64496226757363, 35.14639427500192], [-120.64515079610399, 35.14648220942438], [-120.6453777949864, 35.146607209914784], [-120.64577160652549, 35.14690395970483], [-120.6458074951194, 35.14693449131023], [-120.64637408592529, 35.14741649632872], [-120.64645680818656, 35.147476594708], [-120.64646099613239, 35.147479637858], [-120.64654112405913, 35.147537848454746], [-120.64678097513828, 35.14765634602987], [-120.64705630248469, 35.14777781385323], [-120.64705743975183, 35.14777831553411], [-120.64744998197142, 35.14794414843167], [-120.6475190821797, 35.147973289928046], [-120.64816804759882, 35.14822346389056], [-120.6486611112987, 35.148427056805374], [-120.6513334420638, 35.14945406584435], [-120.65150679625238, 35.1494932093569], [-120.65181933990266, 35.14949877767643], [-120.65220332926243, 35.149486113256124], [-120.65257733923772, 35.14947377862892], [-120.65282433910993, 35.149491778531505], [-120.65299725042908, 35.14953515941154], [-120.65323134061232, 35.149621778607575], [-120.6545537918646, 35.150320619566344], [-120.65471767331849, 35.15039882641263], [-120.65466199933044, 35.150803937642735], [-120.65462444885326, 35.15107718075889], [-120.65461430867033, 35.15115095787347]]}, "properties": {"County": "SLO", "Route": 1, "bPM": 12.95, "ePM": 16.733}}, {"type": "Feature", "geometry": {"type": "LineString", "coordinates": [[-120.581504516827, 35.096948811988604], [-120.5815067805815, 35.096980209024856], [-120.58158225703171, 35.09759130298494], [-120.58162925688735, 35.097765302987035], [-120.58166758440728, 35.09783755114905], [-120.58171625692601, 35.097929301077734], [-120.58182425598271, 35.098046301674096], [-120.58190425724698, 35.09810230152951], [-120.58200010209792, 35.09813708487815], [-120.58201768212801, 35.09814346518013], [-120.58218425762945, 35.098164301665776], [-120.58226955446233, 35.09816409293348]]}, "properties": {"County": "SLO", "Route": 1, "bPM": 10.283, "ePM": 10.394}}, {"type": "Feature", "geometry": {"type": "LineString", "coordinates": [[-121.32042115859242, 35.761806232388395], [-121.32021976169561, 35.76185741060112], [-121.32005272266346, 35.76189452970976], [-121.31968289254918, 35.76198293044254], [-121.3195638918252, 35.7620319319295], [-121.31925589185363, 35.76225193200048], [-121.31914189115248, 35.76237893095935], [-121.31904389214151, 35.76250693200073], [-121.31896789017689, 35.76265293093256], [-121.3189048904277, 35.762821929586174], [-121.3188888914325, 35.76301093264121], [-121.31891489227007, 35.76323093073374], [-121.31898289114385, 35.76348093153853], [-121.31913044392084, 35.76392183202318], [-121.319247444995, 35.76416282995847], [-121.31941331711558, 35.76442838365643], [-121.31946044453201, 35.76450383091628], [-121.31957567233184, 35.76465451164923], [-121.31965700310272, 35.76475335173972], [-121.32000245922838, 35.765112409663445], [-121.32003800286923, 35.7651493530437], [-121.32011000283926, 35.765219351747525], [-121.32022300191885, 35.765312352575116], [-121.32152198198935, 35.76622559380177], [-121.32166995877115, 35.7663282258632], [-121.32181910515946, 35.76640913296127], [-121.32212892871105, 35.76652933997321], [-121.32248595873084, 35.76668322474262], [-121.32256895857154, 35.76673122620451], [-121.32264010244708, 35.766812162777384], [-121.32273110178535, 35.766974162503566], [-121.3227651003239, 35.767123162833315], [-121.32275431604893, 35.76729757275117], [-121.32269831507413, 35.76755557198865], [-121.32268031642909, 35.767616571912065], [-121.32263831659628, 35.767703574111636], [-121.32254631653478, 35.76782157282934], [-121.32230131631239, 35.768027571060685], [-121.32220731660107, 35.76813657269359], [-121.3221593160222, 35.76823357313175], [-121.32213089781816, 35.76846350891017], [-121.32210389625736, 35.76858850884128], [-121.32198189605862, 35.76884450895591], [-121.32185089653734, 35.76905550899182], [-121.32180289506016, 35.769119507810785], [-121.32145988953857, 35.769434329063195], [-121.32142788885324, 35.76951132917119], [-121.32142688812999, 35.769584329166875], [-121.32145188914268, 35.76963632891325], [-121.32150788921916, 35.769692327929285], [-121.32160088910558, 35.76973532899519], [-121.32168188929644, 35.769750329107275], [-121.32179088997471, 35.76973632900274], [-121.32185888974676, 35.76970632949928], [-121.32205488956534, 35.76956732900411], [-121.32238688982638, 35.7694403291311], [-121.32266695848081, 35.769305226180855], [-121.32275895854231, 35.76927022571905], [-121.32284903081921, 35.76926493118718], [-121.32294588627484, 35.76928952116505], [-121.32304895897055, 35.76935422680157], [-121.32328295842396, 35.769583226386764], [-121.32340995864557, 35.769735226224725], [-121.32357495850201, 35.77000722636061], [-121.323794961305, 35.77056122527174], [-121.32385796015586, 35.77064422645233], [-121.32408205568326, 35.77086200592559], [-121.32416364786388, 35.770964749350306], [-121.32418705616355, 35.77101000626892], [-121.32421105645301, 35.771096006223694], [-121.32425322696571, 35.77140646329686], [-121.32427810311255, 35.77155352022154], [-121.32430096433822, 35.77168053785673], [-121.32433696611984, 35.771770539200936], [-121.3244289670797, 35.77191653935089], [-121.32451096619712, 35.77201353955196], [-121.32496695912019, 35.77239522592551], [-121.32508895842061, 35.77253522655235], [-121.32514195902237, 35.77262122631545], [-121.32516695823843, 35.772738226513326], [-121.32515395871793, 35.773035226466696], [-121.3251709593347, 35.77313322745461], [-121.32520696021801, 35.77319622740117], [-121.32529295953344, 35.773285226338224], [-121.32538395977002, 35.77334422631572], [-121.32573395867608, 35.77349422560434], [-121.3258339591335, 35.77355822595324], [-121.32587496093801, 35.77359922646855], [-121.32593195994112, 35.77369022559908], [-121.32598895984252, 35.773832226044675], [-121.3260449590207, 35.77415622499309], [-121.32613295978256, 35.77439422632639], [-121.3262279593188, 35.774568225276404], [-121.32642795843705, 35.77484022564507], [-121.32658695754735, 35.77501422507675], [-121.326998959971, 35.77540922637344], [-121.32739795928083, 35.77583722634768], [-121.32756696113185, 35.77605022517828], [-121.32765996011996, 35.77621222722244], [-121.32785915434768, 35.77683201429162], [-121.32809915454719, 35.777340013449844], [-121.32823615301791, 35.77759701372438], [-121.32849565025235, 35.77805355163483], [-121.32861069120258, 35.77824339450105], [-121.3290089592838, 35.7788812272094], [-121.32915696032012, 35.77916422690808], [-121.32938296027592, 35.779657225313734], [-121.32957575490558, 35.780402860363075], [-121.32958725513784, 35.78055366401503], [-121.32956025447534, 35.780930663512564], [-121.3294659610149, 35.78181022658692], [-121.3294639622634, 35.78198622650496], [-121.3294919609542, 35.78213522712895], [-121.32954196208122, 35.78223222579548], [-121.3295825380843, 35.78227876983876]]}, "properties": {"County": "SLO", "Route": 1, "bPM": 71.106, "ePM": 72.993}}, {"type": "Feature", "geometry": {"type": "LineString", "coordinates": [[-121.30581682301367, 35.715179118969424], [-121.30836380466064, 35.71942880917659], [-121.30881709185805, 35.7202140325352], [-121.30923825709755, 35.72092786861834], [-121.3100377568021, 35.72224490165398], [-121.3102162152181, 35.72250545218519], [-121.31052673406576, 35.72285523369796], [-121.31085510153977, 35.72318003168188], [-121.3111763292039, 35.72346556544199], [-121.311617953574, 35.723790222372656], [-121.3122230533595, 35.72422461362184], [-121.31309770522238, 35.72484237279887], [-121.31329095619617, 35.725029823712866], [-121.31348512075665, 35.72532106763244], [-121.31370212677983, 35.725793155311656], [-121.31380009075652, 35.72598507295036], [-121.31395047322664, 35.72617542876504], [-121.31427280581858, 35.72657215001925], [-121.31443841742772, 35.72678725266618], [-121.3146154484208, 35.72708420901102], [-121.31468044961643, 35.72721920862435], [-121.31472319145765, 35.72734499749625], [-121.31475174440894, 35.72747349097865], [-121.31475174351063, 35.727737609418], [-121.3147221548018, 35.728204023804516], [-121.31419391487202, 35.731866015459055], [-121.31330875541524, 35.738212039520576], [-121.31280906933507, 35.7418668914828], [-121.3126797254089, 35.742630484600035], [-121.31258727079984, 35.74323878151612], [-121.31225155151353, 35.745654005336874], [-121.3120302632214, 35.747331524757236], [-121.31193746365929, 35.74785262705979], [-121.3118453881393, 35.74868404715193], [-121.31181712444551, 35.749127079013796], [-121.31179041932874, 35.749438468987826], [-121.31178488750324, 35.74992379322693], [-121.31175725442678, 35.75070208603087], [-121.31173422970772, 35.75178893209135], [-121.31175523052244, 35.7522369324982], [-121.3119524511515, 35.75283438249677], [-121.31205545108367, 35.75302838120539], [-121.31223245153399, 35.753299382119444], [-121.31235445173273, 35.75345538257412], [-121.31260445197796, 35.753706382229204], [-121.31261983293224, 35.75371979611071], [-121.31269045039508, 35.75378138329407], [-121.31549095547983, 35.75601022404291], [-121.31613295715889, 35.756550225432726], [-121.31627995657365, 35.75665422516613], [-121.3166309553046, 35.75685822427644], [-121.31761995551668, 35.75737822540321], [-121.31821996544777, 35.757721240451424], [-121.31948896424565, 35.758519240550726], [-121.32084689176514, 35.759355930417534], [-121.3210288922383, 35.75947793113006], [-121.32123889230061, 35.75964493042782], [-121.32132889181396, 35.75974293042], [-121.32140489108365, 35.75984993002072], [-121.32146889155605, 35.7599839315386], [-121.32155035527761, 35.76025412951098], [-121.32157462506161, 35.76043972716352], [-121.3215646322024, 35.76062532511206], [-121.32147754323057, 35.760989383303325], [-121.32138188882247, 35.76115927626426], [-121.3212533982958, 35.76132345830293], [-121.3209621528026, 35.761569019277], [-121.32079089168863, 35.761669930481865], [-121.32044989120676, 35.76179893131353], [-121.32043794181685, 35.76180196881151]]}, "properties": {"County": "SLO", "Route": 1, "bPM": 67.358, "ePM": 71.004}}, {"type": "Feature", "geometry": {"type": "LineString", "coordinates": [[-120.66153483709272, 35.28743607953406], [-120.66155320225036, 35.28672574212639], [-120.66159625940027, 35.286668907150535], [-120.66286498690695, 35.28591221408509], [-120.66290900615249, 35.28600909084978], [-120.66348104164733, 35.286662476375646], [-120.66352673804751, 35.2867146712285]]}, "properties": {"County": "SLO", "Route": 1, "bPM": 16.543, "ePM": 16.77}}, {"type": "Feature", "geometry": {"type": "LineString", "coordinates": [[-120.88873259841708, 35.43984946786589], [-120.88910468330269, 35.440326198956406], [-120.88997080656029, 35.441492134501075], [-120.89030869078643, 35.44193947385943], [-120.8905043609233, 35.44221040089926], [-120.89055615418934, 35.4422821171152], [-120.89064100994939, 35.442393947065106], [-120.89081102060848, 35.44261800096844], [-120.8913606566117, 35.44334236093242], [-120.89182678702271, 35.44393822196853], [-120.89224557172672, 35.44443790709571], [-120.89248216012477, 35.444678423811396], [-120.89282616008137, 35.44498042405002], [-120.89314715957343, 35.445222424029254], [-120.89348716023035, 35.44543842433366], [-120.89533915935945, 35.446459423012115], [-120.89572516094546, 35.44669142411419], [-120.89622316088783, 35.44703542368462], [-120.89643565826658, 35.447216360913075], [-120.8967086589764, 35.447439360758175], [-120.89719009398495, 35.44795475066136], [-120.89752509372069, 35.44829375100933], [-120.89818265961034, 35.44899736103414], [-120.89927865725758, 35.450199362172356], [-120.89953665879705, 35.45046636173738], [-120.90003837417146, 35.45102011987948], [-120.90026510805083, 35.45125602795817], [-120.90038437287953, 35.45138011876785], [-120.9009033727383, 35.451864119028265], [-120.90103137368315, 35.45197312127974], [-120.90123737444577, 35.45212212037248], [-120.90145884689258, 35.4522710928457], [-120.90173010576899, 35.4524376559486], [-120.90210130132249, 35.4526137360246], [-120.90282296649927, 35.452910789785484], [-120.9031989141406, 35.45303956203749], [-120.90321198372969, 35.453044040406894], [-120.90323392687714, 35.45305155704198], [-120.90362696586509, 35.45316179142997], [-120.90413596477978, 35.453268789834695], [-120.90458545929008, 35.4533370920637], [-120.9050185218172, 35.45337992179052], [-120.90549441422043, 35.453389439748356], [-120.90595518438418, 35.45338791184073], [-120.90649249909497, 35.45333031160288], [-120.90650940898188, 35.453328499040595], [-120.90676718504422, 35.453294912114664], [-120.90677728210801, 35.45329322395031], [-120.90709618313555, 35.45323991174613], [-120.9073929317082, 35.453174840148435], [-120.90768418438793, 35.453093912009024], [-120.90843066821935, 35.45283740437902], [-120.90899698144582, 35.45259469992421], [-120.90955853449958, 35.4522806094712], [-120.9108291664347, 35.451471594226454], [-120.91125616623194, 35.45122859367339], [-120.91169516752142, 35.451016593440805], [-120.91218716671769, 35.45081159358904], [-120.91265516562451, 35.45064859309151], [-120.9131321665488, 35.45051159323952], [-120.91354216662762, 35.45042559408925], [-120.91403116724747, 35.45035759307939], [-120.91522416767404, 35.45023359289783], [-120.91669016791207, 35.450074594102794], [-120.91784121701484, 35.449905603889576], [-120.91791404972314, 35.449894909535836], [-120.91793549071235, 35.44989176211419], [-120.92064300399552, 35.44961544348204], [-120.92197263099027, 35.44953117845209]]}, "properties": {"County": "SLO", "Route": 1, "bPM": 34.716, "ePM": 37.079}}, {"type": "Feature", "geometry": {"type": "LineString", "coordinates": [[-120.5927139329958, 35.04905658061622], [-120.59278312573058, 35.04955247558026], [-120.59282357956276, 35.04976900526855], [-120.59288068636369, 35.0500140917028], [-120.59304962712928, 35.050366251497785], [-120.5932899525189, 35.050763621443636], [-120.59352076025814, 35.05104439741751], [-120.59383008973633, 35.05133707258627], [-120.59480804875521, 35.05215084763647], [-120.59506027233081, 35.052431623253554], [-120.5951697275566, 35.052567251664215], [-120.59537911945942, 35.05290989565556], [-120.59554092221178, 35.053295367324395], [-120.59562896339781, 35.053597558997346], [-120.59576640653461, 35.05444377577049], [-120.5957666113505, 35.05444503766001], [-120.59587166842465, 35.05509186084082], [-120.59592163811067, 35.05543212344549], [-120.59600015984965, 35.05589611903085], [-120.59613340965066, 35.05636963181516], [-120.59634280065522, 35.05691452766927], [-120.59656409164229, 35.05750939282317], [-120.59665451156721, 35.05784489802344], [-120.59678538083276, 35.058489730941105], [-120.59691625189494, 35.05967708241054], [-120.59715895871838, 35.061199937439184], [-120.59725491675704, 35.06191343631167]]}, "properties": {"County": "SLO", "Route": 1, "bPM": 6.584, "ePM": 7.531}}, {"type": "Feature", "geometry": {"type": "LineString", "coordinates": [[-121.21170653356351, 35.651899292276056], [-121.21185093055888, 35.651971221937686], [-121.21223292925201, 35.65215122208984], [-121.21286793036003, 35.65242322232887], [-121.21361493072277, 35.652677222059275], [-121.21390893045061, 35.6527552219236], [-121.21466993105706, 35.65289822196361], [-121.21509893140244, 35.652950221981015], [-121.21601793129429, 35.65302222223001], [-121.21726950636896, 35.65311346425323], [-121.218099938662, 35.653158675002096], [-121.21932017960124, 35.65319240676765], [-121.21969278640805, 35.65320962958323], [-121.22137023299597, 35.65328716468945], [-121.2217140137636, 35.65326699295582], [-121.22219379317707, 35.65323883865243], [-121.22300162924745, 35.653153914363585], [-121.22389329430354, 35.653054168629005]]}, "properties": {"County": "SLO", "Route": 1, "bPM": 59.441, "ePM": 60.145}}, {"type": "Feature", "geometry": {"type": "LineString", "coordinates": [[-120.47044568147032, 34.87211357545701], [-120.47384636447114, 34.87315801329182], [-120.47697059633315, 34.874109797153444], [-120.48286057117339, 34.87592746075897], [-120.48287293109338, 34.87593127531997], [-120.48711788852748, 34.877218563839], [-120.4877484465681, 34.877427955808606], [-120.49587668712644, 34.88073302681125], [-120.49739932344819, 34.881360130779655], [-120.49744237341154, 34.88137786038738], [-120.49747743555542, 34.88140073075769], [-120.49854406368274, 34.88209645860359], [-120.50069271706137, 34.8835122380051], [-120.50593467151015, 34.88692676406004], [-120.50702446359539, 34.887652499671454], [-120.51145026357423, 34.890526888844605], [-120.51147528345153, 34.89054326805787], [-120.5154566832661, 34.8931493435751], [-120.51913274841053, 34.89556480299656], [-120.51968002633613, 34.895905065895505], [-120.5204938038638, 34.89636905989292], [-120.52133137237344, 34.89680925905727], [-120.52275904958314, 34.89750168166954], [-120.52308503562335, 34.89767538559351], [-120.52339436599985, 34.897877638410954], [-120.52364658957545, 34.89807275582818], [-120.52388929460228, 34.898303561937354], [-120.52458171602326, 34.89899598447775], [-120.52496481066102, 34.89936956053686], [-120.52526224374989, 34.89962892270536], [-120.52559774744053, 34.89987876516723], [-120.52595942803855, 34.90011909095634], [-120.52635679600783, 34.900347518974186], [-120.52672323228695, 34.900523598793335], [-120.52698973278737, 34.90063543298748], [-120.52741803604009, 34.90080199709243], [-120.5274314020732, 34.90080703202658], [-120.5348348162833, 34.90359548273666], [-120.53554865533732, 34.90390481360232], [-120.53636481070554, 34.90430456276033], [-120.53695015743624, 34.90463292836825], [-120.5374355674899, 34.90492798155638], [-120.53786863091533, 34.905215895719095], [-120.53951997695268, 34.906384212272314], [-120.5472651246699, 34.911830797897245], [-120.55212132636599, 34.915250695430544], [-120.55874369675907, 34.91991356055136], [-120.56215103537782, 34.92231232244246], [-120.56239849967903, 34.92250505944598], [-120.56257637239351, 34.92266003815898], [-120.56263882506869, 34.9227144516297], [-120.56278397215735, 34.922854841104886], [-120.56279059094436, 34.92286177203904], [-120.56308616452063, 34.923171308729714], [-120.5633788374368, 34.92353774596066], [-120.56366675197694, 34.92398270483384], [-120.564385349407, 34.925279511313875], [-120.565044739775, 34.926494177143], [-120.56633650817042, 34.92883204615007], [-120.56752385999047, 34.93100925406328], [-120.56820676555766, 34.932244194660804], [-120.5683566782089, 34.93249604930871], [-120.56836395905428, 34.93250828122751], [-120.568384478372, 34.93254275359129], [-120.56853275159784, 34.93276767642466], [-120.57119366387737, 34.936913790563295], [-120.5727134669127, 34.93926360459464], [-120.57359148655961, 34.94062941455335], [-120.57377232730776, 34.94096967772131], [-120.573871176125, 34.941200948651385], [-120.57389843729891, 34.94126473062938], [-120.57398885632551, 34.941519333741056], [-120.57401006015951, 34.941594820994965], [-120.57410782920176, 34.94194287914249], [-120.57418873327289, 34.94239259605514], [-120.57422204370192, 34.94288038526295], [-120.5741958694895, 34.94425571426324], [-120.57414590070182, 34.948569677850855], [-120.57413400610915, 34.94926686001382], [-120.57412448756038, 34.950649327084356], [-120.57408165768426, 34.95302164874411], [-120.57402752610356, 34.957519320628954], [-120.57402693052053, 34.957568800266834], [-120.57402455267999, 34.95828739797176], [-120.57400621267513, 34.95940373705552], [-120.57400568266912, 34.95944619494952], [-120.57394777367264, 34.96408274510421], [-120.5739388147743, 34.964799978245516], [-120.57392497353241, 34.965786374474234], [-120.57392440849209, 34.96582643137516], [-120.57389488086872, 34.96792027658699], [-120.57389469940902, 34.96793323421334], [-120.57388856122068, 34.968368407416904], [-120.57388800696016, 34.96840765182823], [-120.57387880910996, 34.969060011314056], [-120.57386453308348, 34.969174224777674], [-120.57378600954786, 34.969333649878806], [-120.57308613300832, 34.97043280165285], [-120.57306630808829, 34.97046441295941], [-120.57237471401568, 34.97156709983136], [-120.57236572008307, 34.971581247910535], [-120.57164757630221, 34.97271102303292], [-120.57163749450979, 34.97272687646283], [-120.57162546067825, 34.97274579796208], [-120.57134944252739, 34.973233586888526], [-120.57122095110243, 34.973550055171934], [-120.57115432754937, 34.97377134551547], [-120.57114871757042, 34.97380014439708], [-120.57112786946934, 34.97390715963924], [-120.57111863568649, 34.9739545631739], [-120.57107104653603, 34.97449232148377], [-120.57099535538848, 34.97561519548934], [-120.57086940350082, 34.977483691383654]]}, "properties": {"County": "SB", "Route": 1, "bPM": 40.023, "ePM": 50.606}}, {"type": "Feature", "geometry": {"type": "LineString", "coordinates": [[-120.44284868135733, 34.8011626314112], [-120.44286029567563, 34.80118531385292], [-120.44483715434103, 34.8050459382465], [-120.44530904924123, 34.805973353481484], [-120.44641235827656, 34.808141615788834], [-120.44780859714626, 34.81083537267142], [-120.44782575856144, 34.810868478509924], [-120.44819695501324, 34.81170604899598], [-120.44836827541603, 34.81219145986024], [-120.44853245690724, 34.812755390488164], [-120.44884978678138, 34.81417040893668], [-120.44913684073546, 34.815506049032045], [-120.44932957607632, 34.81649352536703], [-120.44949376116077, 34.81709790855578], [-120.44956990416087, 34.817428653557506], [-120.44986971688695, 34.819213248724374], [-120.4499553775375, 34.81952733744949], [-120.45006007438727, 34.819850944281875], [-120.45011955992706, 34.82021262321432], [-120.45013859522791, 34.82068375677442], [-120.45011480065266, 34.82120009991977], [-120.44998393048883, 34.82204480864838], [-120.44992206441351, 34.82261349990868], [-120.44986971598865, 34.82336302954949], [-120.44979357388685, 34.82409590255912], [-120.44965556391313, 34.82592332933024], [-120.44962701096183, 34.82644205244954], [-120.44964366842214, 34.82695125750563], [-120.44969839558588, 34.82747949847298], [-120.44982450737366, 34.828238545673365], [-120.45038844096294, 34.83112959034061], [-120.45091192161837, 34.83348763683483], [-120.45111655514513, 34.83454887659428], [-120.45134974252153, 34.83666659621134], [-120.45159482718556, 34.83901988336436], [-120.45179232180077, 34.84097342252148], [-120.45184705076113, 34.84134937681746], [-120.45196840327455, 34.84248675936148], [-120.45236577304048, 34.846379558084315], [-120.45237529158922, 34.84747649105575], [-120.45236948577755, 34.84880622483381], [-120.45235863592555, 34.851290766255524], [-120.4523967065273, 34.8535036634311], [-120.45243352936909, 34.85384804358109], [-120.45248950698773, 34.85416991367077], [-120.45249783796366, 34.854206766794576], [-120.45255311579466, 34.85444924966165], [-120.45271079617817, 34.854964654964], [-120.45311649512342, 34.85597116606563], [-120.45335919835362, 34.85666120974767], [-120.45359952553991, 34.85764154803032], [-120.45376608756662, 34.858441047115285], [-120.4538588871287, 34.85958794696745], [-120.45393027085446, 34.860080495377744], [-120.45402782789432, 34.860487382893226], [-120.45418249353175, 34.860951378580005], [-120.4543585741072, 34.86134874801865], [-120.4545751049216, 34.861736600339455], [-120.45482494886, 34.86211017625681], [-120.45518186748868, 34.862538479491356], [-120.45554830646275, 34.86290967539631], [-120.45590284545425, 34.86321900465158], [-120.45653102116276, 34.863675861781104], [-120.45695951665498, 34.863965262725706], [-120.45698175534815, 34.86398028216412], [-120.46152551131036, 34.86695713716293], [-120.46626302040457, 34.870074231449095], [-120.46757648311412, 34.87092607931707], [-120.46788819312779, 34.87111643476847], [-120.46820529213487, 34.871283114730794], [-120.46821231785874, 34.87128680863723], [-120.46825938868129, 34.87131155161525], [-120.46856871905779, 34.87145907848204], [-120.46888518475262, 34.87158994866609], [-120.46960854325368, 34.87185644873969], [-120.47044568147032, 34.87211357545701]]}, "properties": {"County": "SB", "Route": 1, "bPM": 31.042, "ePM": 36.5}}, {"type": "Feature", "geometry": {"type": "LineString", "coordinates": [[-120.51066855051234, 34.74078831168713], [-120.51276085706476, 34.74292712381845], [-120.51461467977389, 34.74481549797174], [-120.5147575442434, 34.74496102078423], [-120.51491207693016, 34.745118438493456], [-120.51698479661611, 34.7472297822189], [-120.51880032683962, 34.74910241902547], [-120.51958993249966, 34.749982532697125], [-120.52034967636298, 34.75077662064075], [-120.52052898189032, 34.75087876647586], [-120.52033200650133, 34.75092760145803], [-120.51952470942014, 34.75146148216432], [-120.51950510638399, 34.75147445031572], [-120.51833871225952, 34.75224806734982], [-120.5162471647835, 34.75364243089266], [-120.51573320177854, 34.7540707343288], [-120.51530251888862, 34.75452521075905], [-120.5149479789988, 34.75497493014725], [-120.51466720426855, 34.7554175101471], [-120.51444115400707, 34.75586484890701], [-120.51426745306878, 34.756286012070554], [-120.51415561910413, 34.75665958806845], [-120.51403155008528, 34.75723647973744], [-120.51313721074462, 34.761922955770935], [-120.51223539562415, 34.76657004558719], [-120.51209262637603, 34.76725294970748], [-120.51209109205352, 34.76726086784389], [-120.51166432402162, 34.769463469822], [-120.51122650311844, 34.77154311865113], [-120.51106707910498, 34.77201425221062], [-120.51088148177737, 34.77239496629778], [-120.51067446771509, 34.77272333090714], [-120.51041748576345, 34.77305169716144], [-120.51011529609514, 34.7733610275223], [-120.50983689830713, 34.77360135324766], [-120.50955374304137, 34.77381550401677], [-120.50920333001197, 34.77403749719023], [-120.50880183248731, 34.77423666931338], [-120.50841397947352, 34.77438895459956], [-120.50799757261007, 34.77451982562661], [-120.50757878970269, 34.7746126241648], [-120.50713382898964, 34.77467686969965], [-120.50659607320607, 34.77471494047546], [-120.50615825050627, 34.77471018190614], [-120.50367171379982, 34.77450316948663], [-120.50306019285667, 34.77447699470221], [-120.50240108096642, 34.77449127192544], [-120.50183001116051, 34.77456265579089], [-120.50094485170374, 34.774719699782395], [-120.49765881439443, 34.77538118986019], [-120.49698780701316, 34.775502543004436], [-120.49659043724725, 34.7755525100713], [-120.49612171160335, 34.77557140617105], [-120.49611889179165, 34.77557151906506], [-120.49557202709109, 34.77553585635335], [-120.49513420708622, 34.77548112853794], [-120.49471542148393, 34.7753907083969], [-120.49258818304335, 34.77473635735447], [-120.49203852727722, 34.774617385691265], [-120.49157691090049, 34.77455789721277], [-120.49093921574489, 34.77454124181837], [-120.48990652866395, 34.77460310775203], [-120.48887860175567, 34.77468400866316], [-120.48840270935247, 34.774738737007326], [-120.48790540290948, 34.77482201743601], [-120.48723628648192, 34.77496925753001], [-120.48721205442713, 34.77497458941305], [-120.48659907821322, 34.775164662038144], [-120.4861541192968, 34.77532646415579], [-120.48563301738028, 34.77554775523968], [-120.48504718376267, 34.77583477200149], [-120.47996038093984, 34.778326964438214], [-120.47925843917349, 34.77858394651444], [-120.47866357569066, 34.77876240680245], [-120.47798780813669, 34.778907553992404], [-120.47742625598123, 34.778997972492924], [-120.47691705045403, 34.7790503221364], [-120.47616276116108, 34.779076494732195], [-120.4737761611317, 34.7790051118205], [-120.47308135917518, 34.779026526848014], [-120.47259832786038, 34.77906935614865], [-120.47208269129405, 34.7791550862534], [-120.47162512811587, 34.779231160201064], [-120.47098980990255, 34.77936203092628], [-120.47022838439298, 34.77956904443636], [-120.46958117068867, 34.7797855739811], [-120.46900533981176, 34.78002590017796], [-120.46847234240424, 34.78028526161999], [-120.46782750654047, 34.78064694079292], [-120.46721836613284, 34.78104906939452], [-120.466618741579, 34.78152020253869], [-120.46613095278646, 34.78196278261448], [-120.46574785904701, 34.78235777314327], [-120.46238330089703, 34.78616966969189], [-120.46151003872787, 34.78714524764478], [-120.46093420874928, 34.787775805625515], [-120.46042738465587, 34.78832070395525], [-120.459868210341, 34.78887749712414], [-120.4592281355482, 34.78943667092709], [-120.45846670824203, 34.79001963675157], [-120.45774335333422, 34.79051218677268], [-120.4570104771827, 34.790957146476515], [-120.45645606304052, 34.791256957918236], [-120.45378392810815, 34.792572800896046], [-120.45228010879667, 34.793277120974615], [-120.4516709665924, 34.79361262684504], [-120.45096664518884, 34.79407899864391], [-120.44960083495276, 34.795123584384434], [-120.44883464837221, 34.795723206864025], [-120.44557716581082, 34.79812170554953], [-120.44475863080541, 34.798771297585596], [-120.44426846147738, 34.79923291255705], [-120.44369976951204, 34.79986584998225], [-120.44334285178165, 34.80034888159395], [-120.44311680421512, 34.80069866161891], [-120.44297497999472, 34.800942781060655], [-120.44297165443152, 34.800948505165856], [-120.4429169281661, 34.8010579601604]]}, "properties": {"County": "SB", "Route": 1, "bPM": 29, "ePM": 36.189}}, {"type": "Feature", "geometry": {"type": "LineString", "coordinates": [[-120.45590664712452, 34.67835304392166], [-120.45596367936528, 34.67848567900095], [-120.45603901208501, 34.67855919581173], [-120.4563666618051, 34.678889570394794], [-120.45667877156912, 34.67927526934586], [-120.45795081835077, 34.681135033189754], [-120.45795430561071, 34.681140034275934], [-120.45887084950857, 34.682454824123305], [-120.45912664209078, 34.68291286999993], [-120.45928130682988, 34.68330845756899], [-120.45938243377466, 34.68371891307589], [-120.4594419211111, 34.68418885661831], [-120.45943002292516, 34.68468854345168], [-120.45936458694491, 34.68519715269977], [-120.4591980258165, 34.68627683387079], [-120.45907310429648, 34.68693713455296], [-120.45899874714715, 34.687564718614894], [-120.45887382562712, 34.68823096549537], [-120.4586656221954, 34.6896467452104], [-120.45835926614082, 34.69148488047381], [-120.45833743528274, 34.69178449101744], [-120.45837116342841, 34.692255230056304], [-120.45844254805247, 34.69260322641999], [-120.45854069977703, 34.69293337508499], [-120.45870428838016, 34.693308142268386], [-120.45885300447546, 34.693590702239725], [-120.45899279760502, 34.6938018792923], [-120.45929618023602, 34.69416772251226], [-120.45965012184789, 34.69450976958849], [-120.46001596703553, 34.6947953056722], [-120.46041750049281, 34.6950421734401], [-120.46079821549338, 34.6952355054816], [-120.46341788162661, 34.696292853344495], [-120.46350941636081, 34.69632979846717], [-120.46457858402543, 34.696761334034036], [-120.46531621675636, 34.69712420250529], [-120.46601221167558, 34.69751086453314], [-120.46657138329553, 34.69786778428113], [-120.46824355856936, 34.69909533359222], [-120.46841117791317, 34.699218384493356], [-120.46862961674923, 34.699378741601215], [-120.46956791784328, 34.700104595059805], [-120.47087908445894, 34.701012293429756], [-120.47198402483481, 34.70177722658424], [-120.47242898285295, 34.70208525968272], [-120.47302622776957, 34.702530218152724], [-120.47369485641194, 34.70297041817375], [-120.47428496331536, 34.70328926755541], [-120.47501783946684, 34.70363190835733], [-120.47603386729085, 34.70406973042834], [-120.47656924433558, 34.7042743626827], [-120.48471176361537, 34.70680610926475], [-120.48524000174851, 34.70699170849878], [-120.48575396834676, 34.70724393226098], [-120.4862488933559, 34.70755563886861], [-120.48669385406896, 34.70792921513494], [-120.48702222064463, 34.70827661684052], [-120.48727682295909, 34.70860736094936], [-120.48747193883545, 34.70893096795027], [-120.4876646750746, 34.709344993870374], [-120.48853317886771, 34.711710179453064], [-120.48888771785919, 34.71270955377438], [-120.48902601798879, 34.713187164462234], [-120.48902714447614, 34.71319190220871], [-120.48918277131088, 34.71384693660937], [-120.48930412382431, 34.71457029060432], [-120.48936837043513, 34.71536027292443], [-120.48942071796168, 34.71615739172161], [-120.48949686186009, 34.71674749921179], [-120.48962773112564, 34.71731618992307], [-120.48982522663916, 34.71789677801014], [-120.49006079275445, 34.71840598283409], [-120.49037250276812, 34.71893422279894], [-120.49066517837929, 34.71934349226137], [-120.49096736714928, 34.71971706623271], [-120.4913528405259, 34.72012633329708], [-120.4924188389342, 34.72114236290098], [-120.49268533943462, 34.72144931382019], [-120.49294707976232, 34.72179909381401], [-120.49319473270974, 34.72219417727618], [-120.4934777011259, 34.722687425908035], [-120.49412253429473, 34.72377246109292], [-120.49445089817549, 34.72426262960278], [-120.49477212763624, 34.72468855438691], [-120.49524797692034, 34.72523382415656], [-120.49567156311952, 34.725683168468144], [-120.49648771758943, 34.72644697569059], [-120.49720065293826, 34.72710193831448], [-120.49817951566231, 34.728026937672034], [-120.50031627265166, 34.730218420860346], [-120.50253295724339, 34.73247754760649], [-120.50447033854529, 34.73445847347085], [-120.5066789535708, 34.736716729857385], [-120.50845987619797, 34.73853037400947], [-120.50849202600371, 34.738563240165114], [-120.51066855051234, 34.74078831168713]]}, "properties": {"County": "SB", "Route": 1, "bPM": 23.296, "ePM": 29}}, {"type": "Feature", "geometry": {"type": "LineString", "coordinates": [[-120.37420422884011, 34.575222219858105], [-120.37478692104915, 34.575655685548334], [-120.3757458447672, 34.576505152306936], [-120.37669049066207, 34.577307031707804], [-120.37711165500325, 34.577678227803354], [-120.37735198129124, 34.57790189672023], [-120.37807295835847, 34.57851341905967], [-120.37860357792542, 34.57897741254832], [-120.37950539484252, 34.57980070660535], [-120.37986707184727, 34.580079103431316], [-120.3802358877636, 34.580281357835865], [-120.38065229552537, 34.58046457641147], [-120.38183726591154, 34.580869085071186], [-120.38215611483682, 34.581007094005805], [-120.38251303256718, 34.581223623451756], [-120.38278667108085, 34.58145205251572], [-120.38324818055807, 34.58199116152161]]}, "properties": {"County": "SB", "Route": 1, "bPM": 12.505, "ePM": 13.206}}, {"type": "Feature", "geometry": {"type": "LineString", "coordinates": [[-120.22589172325507, 34.50920719562683], [-120.22598968004523, 34.509281389447324], [-120.22610649965975, 34.50936987061249], [-120.2262740049175, 34.50949673984058], [-120.22628822165518, 34.50950750812289], [-120.22633311316488, 34.50954151107295], [-120.22692949030899, 34.51000597288258], [-120.22699001699618, 34.51010900556682], [-120.22728506954957, 34.5103012659368], [-120.22752918942297, 34.51041239344082], [-120.22773053960736, 34.51049293293736], [-120.22785041529046, 34.51054088366932], [-120.22807496626372, 34.51059752764727], [-120.22811453615368, 34.51060750892184], [-120.22829426568583, 34.510638655613306], [-120.2283462377166, 34.51064766199924], [-120.22871610466179, 34.510657379005565], [-120.22889120966687, 34.51065336843664], [-120.22902349018572, 34.51065033867302], [-120.23091367579921, 34.510660154869875], [-120.23111574283924, 34.5106648079585], [-120.23163703070702, 34.51067681079402], [-120.23211292400856, 34.51071488157111], [-120.23269827163759, 34.51081005954807], [-120.23316940386812, 34.510914756751646], [-120.23360008765638, 34.51105276552509], [-120.23410215337371, 34.51125501971918], [-120.23500634992801, 34.51159052240893], [-120.23590006853281, 34.511928436122275], [-120.2366121190411, 34.5122138005005], [-120.23665333554297, 34.512230319174044], [-120.23714690589267, 34.512428123299884], [-120.23727096592835, 34.51242539930949], [-120.23814039768114, 34.512804603081925], [-120.2395894907272, 34.513368536427215], [-120.24332048605463, 34.514655824637074], [-120.24399387307307, 34.51485807822789], [-120.24519550091958, 34.515150751577664], [-120.2473917425504, 34.51561474689293], [-120.24876945097242, 34.51596214676129], [-120.2493833533494, 34.51619533380441], [-120.25027565081942, 34.51649752707577], [-120.25109418582483, 34.51680209669607], [-120.25111165805708, 34.51680814097234], [-120.25292399117652, 34.51743503425578], [-120.25342605689384, 34.517565903661335], [-120.25398760994763, 34.51768011908047], [-120.2545705788378, 34.51774198378837], [-120.25685248291578, 34.51789902869224], [-120.25777333423541, 34.51792996171084], [-120.25977922016259, 34.517948996554836], [-120.2601789695657, 34.51796327287003], [-120.26071672714592, 34.518013242914556], [-120.2614329458371, 34.51811317921293], [-120.26196118666522, 34.518225014256934], [-120.26256319085621, 34.51839633523143], [-120.26336744803851, 34.51868900947477], [-120.26555639804417, 34.519530555810285], [-120.2656017620677, 34.51954799452192], [-120.26692236279044, 34.51999533349406], [-120.27226901229234, 34.52164192122981], [-120.27296619478436, 34.52185131344816], [-120.27368479311272, 34.5220535673339], [-120.27479600013604, 34.522262959257546], [-120.2752980667517, 34.522334344513816], [-120.28027976219467, 34.52295852807511], [-120.28033062839931, 34.52296489977837], [-120.28082793574062, 34.523052940103504], [-120.28152035805992, 34.52322901973457], [-120.28188441649849, 34.523355132183156], [-120.28261729085337, 34.52366921903399], [-120.28528704704682, 34.52512545119069], [-120.28572486705171, 34.525334842792944], [-120.28631735179565, 34.52558230747363], [-120.28690032248245, 34.52578218177192], [-120.28692821786694, 34.525789546468076], [-120.28779261905414, 34.52601774885292], [-120.28853263142229, 34.52615337763358], [-120.28926788541433, 34.52623903889297], [-120.29009117969414, 34.526277109959935], [-120.29079549930107, 34.526262834329536], [-120.2908108685773, 34.52626162649959], [-120.29152242501213, 34.526205725862546], [-120.29214346360571, 34.526112926370494], [-120.29269074063299, 34.52600109155503], [-120.29486318858686, 34.525529958112706], [-120.29759890627503, 34.52492934688486], [-120.29795109257881, 34.52485202081462], [-120.29832054809559, 34.524770909775185], [-120.29870915659255, 34.52467228997132], [-120.29910814781758, 34.5245710352703], [-120.29929758095143, 34.52452045487041], [-120.30001710184962, 34.52432833092684], [-120.30134008220955, 34.52391430402038], [-120.30274396574232, 34.523462205680104], [-120.30488849405715, 34.52278162263537], [-120.3049782797715, 34.522753126423105], [-120.30499129007174, 34.52274881816684], [-120.30793832834567, 34.52177278920754], [-120.30859744023594, 34.52151580618735], [-120.30927558652874, 34.5212159951157], [-120.3099180409587, 34.52088762912388], [-120.31079844024278, 34.5204283926935], [-120.31241264902798, 34.51960773064885], [-120.31306368865711, 34.51927673299146], [-120.31368710688785, 34.518912674906005], [-120.31454133375615, 34.518496269589896], [-120.31510050717273, 34.5181869395096], [-120.31585717610285, 34.51786809196139], [-120.316597188471, 34.51766583827577], [-120.31688510301112, 34.5176277662335], [-120.31803200369392, 34.51753734645126], [-120.31857452054851, 34.5175278293529], [-120.31954772029303, 34.51760397203097], [-120.32174634425598, 34.51771342663871], [-120.32217940498644, 34.51775863681666], [-120.32412104520111, 34.51786809048103], [-120.32474611453537, 34.517921452763346], [-120.32509662458281, 34.51795137396707], [-120.32596036820324, 34.518051309599485], [-120.32697163944779, 34.5182250105561], [-120.32786155728064, 34.518442836620224], [-120.32810902158187, 34.51850340770091], [-120.32908460096355, 34.518786563873356], [-120.33612386959851, 34.5213057581054], [-120.3362586788749, 34.52135400162935], [-120.33747131737186, 34.521796796117414], [-120.33791240275278, 34.52197979935891], [-120.33841922864282, 34.522246299728444], [-120.33886180882037, 34.522510419742915], [-120.33936625507322, 34.52285781972116], [-120.33961847775049, 34.52305531663001], [-120.34003726155616, 34.523428891539], [-120.3403442131938, 34.52374535979929], [-120.34081772506153, 34.524297395843476], [-120.34113181471243, 34.52471380176542], [-120.34148397586337, 34.52528962932581], [-120.34286882229863, 34.5276191215273], [-120.34368973514461, 34.52898969288538], [-120.34397289220699, 34.529451308041075], [-120.34426556691982, 34.52987247268092], [-120.34471052583623, 34.53042450659573], [-120.34531253002726, 34.531043167222236], [-120.3455965306077, 34.531316609833596]]}, "properties": {"County": "SB", "Route": 1, "bPM": 0, "ePM": 7.606}}, {"type": "Feature", "geometry": {"type": "LineString", "coordinates": [[-120.3455965306077, 34.531316609833596], [-120.35023087627641, 34.53577829617061], [-120.35208209836276, 34.5375676508049], [-120.35240332512859, 34.537919811215495], [-120.3526841025538, 34.53829814488568], [-120.35290301031047, 34.538636029436816], [-120.35304577955856, 34.538900148529734], [-120.35371440909925, 34.540287374376625], [-120.35423869015358, 34.54133385752995], [-120.35431291614887, 34.54148201546779], [-120.35481419943359, 34.54253179782565], [-120.3556783185498, 34.54434136058281], [-120.35573017739284, 34.54444995650854], [-120.35575360725208, 34.54449902052525], [-120.35680532963389, 34.54677378582762], [-120.35712417676253, 34.547425757518496], [-120.35824014485684, 34.549774286123316], [-120.35862323859628, 34.550545233087675], [-120.35901109071176, 34.55124003516017], [-120.3601817850715, 34.55304128645327], [-120.36099555990421, 34.55427146853211], [-120.36165705143169, 34.55529701537429], [-120.36197589945864, 34.555863326585346], [-120.36217339497216, 34.55629163007825], [-120.36239468506093, 34.55681749151616], [-120.36272067110114, 34.55764078454065], [-120.36310376484055, 34.558652055282096], [-120.36399368447003, 34.56093633863696], [-120.36428947454027, 34.56166650997445], [-120.36438365121971, 34.56189898756144], [-120.36459958195948, 34.56246440383216], [-120.3653309408565, 34.56437941920666], [-120.36579731471096, 34.56558104749089], [-120.3658877346359, 34.565778542910074], [-120.36599481112282, 34.56597127912066], [-120.36609950797254, 34.56613308203248], [-120.36620182428678, 34.5662568141113], [-120.36642073384006, 34.566492380572726], [-120.36668961307932, 34.56671604925503], [-120.36692756062841, 34.5668683363004], [-120.36793645133747, 34.5674394065383], [-120.3681458432403, 34.56757741557703], [-120.36835999531586, 34.56774397696114], [-120.36853369625412, 34.567922436431985], [-120.36870977682959, 34.56813896741307], [-120.36895724113079, 34.56857916815877], [-120.37015886897734, 34.570918178150045], [-120.37085843020822, 34.57229826558393], [-120.37097264470837, 34.57250527879431], [-120.3711701393236, 34.572807470349005], [-120.37138429050081, 34.57307634952136], [-120.37162699642596, 34.57332857260079], [-120.37186732181559, 34.57354272329457], [-120.37213858069205, 34.57374259929267], [-120.37420157252181, 34.57522024275622], [-120.37420422884011, 34.575222219858105]]}, "properties": {"County": "SB", "Route": 1, "bPM": 9.02, "ePM": 12.505}}, {"type": "Feature", "geometry": {"type": "LineString", "coordinates": [[-120.38324818055807, 34.58199116152161], [-120.38332442955938, 34.58208023105349], [-120.38379080341386, 34.58271792484383], [-120.38386694641395, 34.58279406853809], [-120.38424941043436, 34.583032868952515], [-120.38438504077095, 34.58310901309788], [-120.38467060980985, 34.583282170785424], [-120.3847599427733, 34.583336340176366], [-120.38524418232213, 34.58350834364118], [-120.38546118565039, 34.58353883959169], [-120.3857800336773, 34.583591188704], [-120.38630506392659, 34.58363440173165], [-120.38635824419143, 34.58363877783614], [-120.38748491661063, 34.58371372996145], [-120.3882725199259, 34.583816046485], [-120.38921478708191, 34.58398974776878], [-120.39025223164063, 34.58416344868948], [-120.39097796798224, 34.58424910866582], [-120.39164421698744, 34.58429907737598], [-120.39297433536063, 34.584372841148216], [-120.39352636986567, 34.584451362537095], [-120.39400464100777, 34.58453940216449], [-120.39566550649216, 34.584972465013216], [-120.39611284414747, 34.58505098731469], [-120.39655304378952, 34.58508667816966], [-120.39688379090073, 34.58508429897698], [-120.39714077285235, 34.58506526395433], [-120.39790220015853, 34.58494153102379], [-120.39981290688637, 34.584591751386114], [-120.40085749125495, 34.584391875589866], [-120.40402217425421, 34.5837375237563], [-120.40432436661749, 34.5836970723781], [-120.40456469200711, 34.583680417010186], [-120.40491209388368, 34.58368517547577], [-120.40528566817606, 34.58372562538057], [-120.40553788995503, 34.58377083594509], [-120.40586149905299, 34.583858875553894], [-120.40619700184527, 34.58397546946519], [-120.40644208740761, 34.58409206395249], [-120.40673238068663, 34.58425862553158], [-120.40708692057646, 34.5845251254345], [-120.40737959528926, 34.58480114276566], [-120.40739800805765, 34.584894229590944], [-120.40771923662011, 34.58534037869946], [-120.40785010768226, 34.58560806731066], [-120.40790521932495, 34.585828517760866], [-120.40794703500309, 34.58602594437557], [-120.40799411121557, 34.58640072905967], [-120.40811544216943, 34.58762675248887], [-120.40823082088619, 34.58886495720063], [-120.40828435957883, 34.589233772151275], [-120.40832955202414, 34.589431192893976], [-120.40833135943447, 34.589439093293265], [-120.40839738291292, 34.58972751022897], [-120.40858375818155, 34.59005185671045], [-120.40913087890198, 34.591582605895766], [-120.40994465463304, 34.59390972022723], [-120.41039913119985, 34.59516131718586], [-120.41050144931074, 34.595375468565706], [-120.41063707785062, 34.595594378656], [-120.41079650276242, 34.59579663375114], [-120.41100351502807, 34.596013163851865], [-120.41118435397962, 34.59617020747869], [-120.41139850605515, 34.59631535571465], [-120.41168166132093, 34.596474779855086], [-120.41196957675936, 34.59660089074203], [-120.412288423888, 34.59671034646301], [-120.41272356511668, 34.59681773153971], [-120.41339725307071, 34.596983983655505], [-120.41617170611394, 34.59768116625246], [-120.41648460370045, 34.597795380425794], [-120.41676775986451, 34.597938148476274], [-120.41702712235166, 34.59811422863522], [-120.41721509931645, 34.59827127272648], [-120.41742924959536, 34.59850921822405], [-120.4176077107063, 34.59878285614548], [-120.41773858087018, 34.59908266727405], [-120.41780520532153, 34.599332512505214], [-120.4178266211579, 34.59958473576229], [-120.41781234333479, 34.59987740842885], [-120.4177742718347, 34.600074904441655], [-120.4177338224941, 34.60019863480003], [-120.41736738531665, 34.60115993733931], [-120.41728886267938, 34.60144785292242], [-120.41726506810414, 34.60173814770207], [-120.41727696539176, 34.60205461611792], [-120.41818829906097, 34.606616042852316], [-120.41832868687526, 34.60710621217572], [-120.4185999457517, 34.6076844203231], [-120.41890451775214, 34.608129380140184], [-120.41921622686753, 34.60848154049303], [-120.41962264446501, 34.608839003501494], [-120.41998003470923, 34.60911209797161], [-120.42030839948829, 34.60931673117845], [-120.42538617064923, 34.61191034403336], [-120.42578829968951, 34.612172084158956], [-120.4261452183182, 34.61245762159685], [-120.42639030388054, 34.61268842598916], [-120.42666870077024, 34.61300251642017], [-120.4268923695979, 34.61331184593718], [-120.4271112809478, 34.613680663236835], [-120.42726832532408, 34.61402330507081], [-120.42739205567803, 34.614368326062376], [-120.42749199415174, 34.61479187012027], [-120.42753958420052, 34.61514403178448], [-120.42768235165201, 34.61748066287383], [-120.42773469917857, 34.61798034906771], [-120.42779894399276, 34.61834678586652], [-120.42792029830278, 34.618851231429076], [-120.42793570261327, 34.61903678012434], [-120.42870791419443, 34.62152586108796], [-120.42871429223297, 34.62154491880339], [-120.42919086915244, 34.62296883934022], [-120.42950051214265, 34.6235992438995], [-120.4296668235394, 34.62374578346029], [-120.43080182603629, 34.62538761220392], [-120.43214384259544, 34.62730069859096], [-120.43238892815775, 34.62772662115102], [-120.43256262729942, 34.62811923309138], [-120.43267922233507, 34.62846663478745], [-120.43276725992789, 34.62882117476197], [-120.43281247123781, 34.629099571392054], [-120.43285292237505, 34.629589740263825], [-120.43283626581305, 34.62996569434459], [-120.43277677937495, 34.63042017269665], [-120.43267208252522, 34.630853233583906], [-120.43257690422423, 34.63113163078665], [-120.43243413767107, 34.6314837896397], [-120.43199869730338, 34.63244271427119], [-120.43193683032979, 34.632637829638675], [-120.4319011375686, 34.63284960188457], [-120.43189399955536, 34.633044717034124], [-120.43191541539171, 34.63322317668326], [-120.43194872851569, 34.63336832518777], [-120.43201535117045, 34.63356106205252], [-120.43210815163086, 34.63374189986783], [-120.43224615980797, 34.63392749804982], [-120.43247220827281, 34.634160684825794], [-120.43273157075996, 34.634341525029534], [-120.43358341709273, 34.63487928183001], [-120.43379280989389, 34.63504822500938], [-120.43397840811981, 34.63525523780837], [-120.43414259050932, 34.63550032215934], [-120.43423776881032, 34.63570971526797], [-120.43430439416, 34.635950039848815], [-120.43433056927076, 34.63618322685186], [-120.43432104982367, 34.636392620453805], [-120.43419256109364, 34.637130252996606], [-120.43417114435896, 34.63738485441067], [-120.43419017965984, 34.63766801093355], [-120.43424252808468, 34.63793213102012], [-120.43430677379716, 34.63812962666919], [-120.43439481408494, 34.63832950099338], [-120.43449237202309, 34.6385246172955], [-120.4357240143799, 34.64082721647742], [-120.43595098271959, 34.64125147985143], [-120.43595779374607, 34.6412477106018], [-120.43639297090736, 34.641006909150555], [-120.43880633624066, 34.63967151735888], [-120.44003651614018, 34.638986233436974], [-120.44031353681086, 34.6388881149173], [-120.44034238979948, 34.63888256583243], [-120.4406075877427, 34.63883156715344], [-120.4427102473788, 34.63884103785334], [-120.44525692719182, 34.6388637619117], [-120.44527266298066, 34.63886390159967], [-120.44895408208416, 34.638896236772396], [-120.44902853984482, 34.63889688938842], [-120.44907428116076, 34.638917346644554], [-120.44912893556098, 34.63894178832507], [-120.45029517697185, 34.63895057239872], [-120.45029760960963, 34.63895059013682], [-120.45154047911086, 34.63895995365529], [-120.45157381199779, 34.63896020420645], [-120.45282086046171, 34.638969598026435], [-120.45282849075177, 34.63896965567541], [-120.45408370130836, 34.63897913301133], [-120.45409717334267, 34.63897935991157], [-120.45534633374587, 34.63900041285277], [-120.45538433068573, 34.63900070553185], [-120.45659163408823, 34.639009997353014], [-120.45661405693606, 34.6390101688216], [-120.4577806379101, 34.63901909996655], [-120.45788567162806, 34.63899526805691], [-120.45783826034399, 34.639086462675344], [-120.45783365737647, 34.64064058498875], [-120.45783365288491, 34.64064115555383], [-120.45781337611231, 34.64223699157617], [-120.45781330694201, 34.642242431055735], [-120.45779374792335, 34.64378182564166], [-120.45779328529099, 34.643818319723955], [-120.45779295560926, 34.64385536659609], [-120.45777904789203, 34.64541420102373], [-120.45777882870311, 34.64543179070884], [-120.4577594978565, 34.64698682355461], [-120.45775920859897, 34.6470100390443], [-120.45772001420482, 34.6501581918171], [-120.45771940424875, 34.650199725952326], [-120.45769575430229, 34.65181202636532], [-120.45768841326975, 34.65337778452367], [-120.45768840698155, 34.65337891956689], [-120.45762430769447, 34.655190361504836], [-120.45756957963239, 34.6562896734908], [-120.45754582548133, 34.65713464888805], [-120.45754599077135, 34.6571455746611], [-120.45756718562217, 34.65855636021501], [-120.45759099457047, 34.659723235807775], [-120.45762304017158, 34.660732607068404], [-120.45762430769447, 34.660772578315346], [-120.45762452239181, 34.66080463229182], [-120.4576247047498, 34.66083180142793], [-120.45763204129074, 34.66192899704669], [-120.45766475883168, 34.6628153467054], [-120.45767070747549, 34.66381471963107], [-120.45759050768358, 34.66647613260993], [-120.45759039449585, 34.666498239547785], [-120.45758628200849, 34.66730309992338], [-120.45758589393627, 34.66737564105343], [-120.45757106814084, 34.6685825653263], [-120.45755603393623, 34.66924703810037], [-120.45755439361253, 34.66931956718479], [-120.45752645331224, 34.67055454446744], [-120.45747886326345, 34.67136653401157], [-120.45741045475792, 34.67200601468781], [-120.45725578912052, 34.67293697970531], [-120.45700892040233, 34.67405830080646], [-120.45675931002592, 34.67578321108985], [-120.45675772270282, 34.67579417503575], [-120.45662013224234, 34.67660201682835], [-120.45666256596138, 34.6767206198975], [-120.4565911382182, 34.6770371325343], [-120.45654583258516, 34.67721835200937], [-120.45654162846964, 34.67723516812464], [-120.45647231715726, 34.677426601807674], [-120.4563997036379, 34.67759163084626], [-120.45629738642533, 34.67779296581314], [-120.45616536282466, 34.67800750380591], [-120.45600243089, 34.678226817189625], [-120.45590664712452, 34.67835304392166]]}, "properties": {"County": "SB", "Route": 1, "bPM": 13.219, "ePM": 23.296}}]}