{"type":"FeatureCollection","features":[{"type":"Feature","geometry":{"type":"LineString","coordinates":[[-121.77067802414959,36.867620710552586],[-121.77043823056259,36.868559924994202],[-121.77039130257215,36.868802741325453],[-121.77032637414004,36.869138687290338],[-121.77024990145823,36.869868378186993],[-121.77018010415726,36.870534342653194],[-121.7701739354262,36.871198433568516],[-121.77039793573222,36.872860435034696],[-121.77046993570222,36.873548433551612],[-121.77061780199126,36.874102576474748],[-121.77077893639704,36.874706435811312],[-121.77097230235519,36.875601727200952]]},"properties":{"County":"MON","Route":1,"bPM":100.88200000000001,"ePM":101.443}},{"type":"Feature","geometry":{"type":"LineString","coordinates":[[-121.76618329464233,36.771725636048927],[-121.7663698432858,36.771866073153696],[-121.76638492420281,36.771877425861909],[-121.76640554952175,36.771890912822435],[-121.76640572469321,36.771891027954162],[-121.76711412893975,36.77235428702059],[-121.76926612944112,36.773821287377224],[-121.77140212915064,36.775303287279442],[-121.77186413000634,36.775613287268321],[-121.77254312969865,36.776092285948963],[-121.77298513046287,36.776419286696978],[-121.77363112964491,36.776924286889475],[-121.7736884089224,36.77697242027854],[-121.77777989817332,36.780410568150266],[-121.77779681794172,36.780425194725446],[-121.77816013077856,36.78073928732524],[-121.77871813009708,36.781246287285121],[-121.77908013229197,36.78159128619594],[-121.7796121316712,36.782120287169406],[-121.77976313128394,36.782297288408479],[-121.78004113201662,36.782665286269904],[-121.78016613169008,36.782855287078199],[-121.7803371313943,36.783147287106836],[-121.78052913191324,36.783549287065519],[-121.78184913076478,36.786704287007623],[-121.78304913355898,36.78966428668145],[-121.78334513293665,36.790337287589168],[-121.78359518708083,36.791011943665126],[-121.78365613328128,36.791403287767011],[-121.78369543457497,36.791921101471324],[-121.78369613076929,36.791930288018428],[-121.7837031313403,36.792173287976631],[-121.78369113344139,36.792558287697091],[-121.78316813338463,36.798839288206167],[-121.78316413408501,36.799294288487026],[-121.78318913419935,36.79963528804165],[-121.78321957001951,36.799839777566554],[-121.78322113398643,36.799850289572923],[-121.7832393230743,36.799952158277314],[-121.78334914660934,36.800567233197597],[-121.7837691341575,36.80291928846902],[-121.78380613396742,36.803269288759694],[-121.78381813456132,36.803503288407029],[-121.78381913438621,36.803737288777867],[-121.78379870220509,36.804076182664446],[-121.78379749217439,36.804096256794601],[-121.78372713432471,36.805263289158269],[-121.78370513458341,36.806211289276312],[-121.7837251346749,36.806571287885227],[-121.78376513485784,36.806930288648509],[-121.78383113498008,36.807286289213721],[-121.78395409188458,36.807793588921527],[-121.78397413599355,36.807876288792826],[-121.7841071351646,36.808485288029821],[-121.78429553703252,36.808930484059957],[-121.78500513514007,36.810607289247891],[-121.78527313672529,36.811269290049417],[-121.7853801350588,36.811583287126531],[-121.78543713585854,36.811794288014397],[-121.78550213525754,36.812117289422886],[-121.78564913557064,36.813860289279297],[-121.78588185582308,36.816938579746953],[-121.78588274156195,36.816950284633293],[-121.78599213660061,36.818397289936712],[-121.7859831363798,36.818760289717822],[-121.78595013676781,36.819030289882711],[-121.78586713602884,36.819387289141851],[-121.78578713476459,36.819640287707273],[-121.78572013661406,36.819806290279573],[-121.78560013516685,36.820049288803766],[-121.78545813757154,36.82028529097034],[-121.78535313619295,36.820438288347816],[-121.78510213702107,36.820740290381394],[-121.78470913755899,36.821122289465428],[-121.78442713752671,36.821355288921211],[-121.78412013648173,36.821565289921551],[-121.78378913604563,36.821751290223666],[-121.78343713569311,36.821911290175926],[-121.78004900395345,36.823344385812007],[-121.78004886920617,36.823344443339202],[-121.7785811379146,36.823975291136811],[-121.77829213461631,36.824108290639558],[-121.77786913591534,36.824319290079274],[-121.77745713528839,36.824544292276066],[-121.77691513496505,36.824894290063746],[-121.77652613659926,36.825173290794083],[-121.77615313543205,36.825464291067377],[-121.7755661349029,36.825951291181397],[-121.77254013561384,36.82850729165979],[-121.7722091351777,36.82880829186616],[-121.77205613501685,36.82896729198216],[-121.77191113615019,36.829130291762525],[-121.77165013513599,36.829473292521776],[-121.7714261357283,36.829832291577169],[-121.77132813492069,36.830017291750536],[-121.77116513561239,36.830393293165159],[-121.77107613502562,36.8306242921158],[-121.7709946892704,36.830972957793016],[-121.77099328250864,36.830978981727483],[-121.77097513564162,36.831463292142438],[-121.77096813507059,36.831943291188914],[-121.77098613551225,36.835762293281441],[-121.77097575008926,36.838145654514612],[-121.77097538537325,36.83822936334974],[-121.77097518235399,36.838275868618013],[-121.7709751365399,36.838286292667384],[-121.77113513637347,36.845919293235738],[-121.77109907350641,36.852874563179988],[-121.77112945632595,36.85296021321566],[-121.77113017407987,36.853732659995302],[-121.77109440496187,36.853815878076141],[-121.7710899762675,36.854833321101509],[-121.77107948933489,36.855847927198866],[-121.77106613947147,36.860603293329547],[-121.77102890609957,36.865333664894692],[-121.77104248593172,36.865695258978356],[-121.77092059173418,36.866591159059844],[-121.77080479709744,36.867139671301203],[-121.77069814281867,36.867541911540044],[-121.77067802414959,36.867620710552586]]},"properties":{"County":"MON","Route":1,"bPM":93.694999999999993,"ePM":100.88200000000001}},{"type":"Feature","geometry":{"type":"LineString","coordinates":[[-121.7656971111392,36.757211308092643],[-121.76569892304116,36.757310425173308],[-121.76579292275245,36.758691423884805],[-121.76583892278322,36.75917942512153],[-121.76581445087825,36.760039033173278],[-121.76578698938002,36.760640147899529],[-121.76575792259237,36.761063424331468],[-121.7655969229339,36.762756425378043],[-121.76529192333537,36.765679425345553],[-121.76515992488751,36.766713424396727],[-121.76510990938746,36.767611043624825],[-121.76506520742227,36.768422311944242],[-121.76518192373051,36.770020425114204],[-121.7652159240657,36.770240425980887],[-121.76529792497979,36.770530426126093],[-121.76543327324534,36.770827354040641],[-121.76554392323044,36.771012424119526],[-121.76572692352856,36.77126742534815],[-121.76583092508224,36.771390425764551],[-121.76593892324065,36.771508427084235],[-121.76611792423911,36.771676425039708],[-121.76618329464233,36.771725636048927]]},"properties":{"County":"MON","Route":1,"bPM":91.260999999999996,"ePM":92.287999999999997}},{"type":"Feature","geometry":{"type":"LineString","coordinates":[[-121.81731338120169,36.645743905837797],[-121.81719191909379,36.645827410347053],[-121.81683891801805,36.646105410654982],[-121.81652991732327,36.646379410521071],[-121.81632091888251,36.646584411564213],[-121.81606091859152,36.646882410528868],[-121.81594298057449,36.647041317996958],[-121.81587092041734,36.647138410697139],[-121.81568553688879,36.647429833652744],[-121.81564035342663,36.64750086250654],[-121.8156394829591,36.647502230469023],[-121.81554391748426,36.647665410631021],[-121.81538791874696,36.647971412053202],[-121.81529191758916,36.648189410873911],[-121.8151719188369,36.64850541105757],[-121.81508391897334,36.648793411153918],[-121.81500691898046,36.64911741321815],[-121.8149719924822,36.649432461125429],[-121.81496036019759,36.649723300267155],[-121.81496691969581,36.650084410913237],[-121.81499991930775,36.650482412351323],[-121.81504991773984,36.650775411094038],[-121.81511091873753,36.6510344108721],[-121.81522691908847,36.651384410785433],[-121.81538491927223,36.651779412442195],[-121.8156776856132,36.652430158982966],[-121.81604491959631,36.653246412033575],[-121.81619591920905,36.65364341195729],[-121.81640091924844,36.65426641259419],[-121.81654891848812,36.654807412501739],[-121.81659169805862,36.654999911290176],[-121.81665091949371,36.655266411246267],[-121.81672049760573,36.655688070470511],[-121.81673391933438,36.655769412301815],[-121.81678791976107,36.656228410356],[-121.81683191924368,36.656918412790489],[-121.81683192014199,36.657563411275639],[-121.8165233200958,36.661424892175532],[-121.81652261312168,36.661433744851649],[-121.81646792009391,36.662046413140402],[-121.81642692008604,36.662321412684655],[-121.81636292051193,36.662640413087026],[-121.81631991905761,36.662815411363724],[-121.81578792057665,36.664626412487742],[-121.81557692068948,36.665201413347894],[-121.81532792026913,36.665766413473769],[-121.81501991939925,36.666361413675418],[-121.81464552045342,36.666989617571716],[-121.81379992100514,36.668408413387731],[-121.81316253576834,36.669550765652687],[-121.81315845023042,36.669558086983265],[-121.81202792044536,36.671495414400532],[-121.81153185906736,36.672322478967367],[-121.81146292055584,36.672437414089117],[-121.81125492104169,36.672747414554685],[-121.81097892085714,36.67310441411292],[-121.81061191953775,36.673525413639169],[-121.81008492287629,36.674071413849965],[-121.80974392059781,36.674449414497232],[-121.80941992073272,36.674837414312847],[-121.80910392036522,36.675254412902518],[-121.80905527210102,36.675325662489897],[-121.8086949210096,36.675853414743116],[-121.80869137086763,36.675859986902154],[-121.80843992074149,36.676325414939768],[-121.80825492079357,36.676726414738148],[-121.80811092085351,36.677081414563595],[-121.80798991958137,36.677442414891949],[-121.80791292048681,36.677716414183983],[-121.80789098542419,36.677810363037274],[-121.80778437785786,36.678266955193472],[-121.80776092194746,36.678367414080952],[-121.80770792044738,36.679026414761232],[-121.80769592075183,36.679372414316653],[-121.80771894457257,36.679756421858329],[-121.80772392123923,36.679839415429896],[-121.80780992145297,36.680490413930976],[-121.80788392107281,36.680859415169962],[-121.80798692100498,36.681271415244687],[-121.80852313617783,36.683067417588411],[-121.80856792258466,36.683217414603888],[-121.80857176647574,36.683230805482246],[-121.80864239202339,36.683476863537528],[-121.80878492231962,36.683973414214549],[-121.80892392403342,36.684603415777907],[-121.80904392278572,36.685374415296572],[-121.80909892213899,36.68596641477717],[-121.80912392225335,36.686605413320144],[-121.8091079223598,36.687336416070842],[-121.8090789220475,36.687746415583128],[-121.80903392184163,36.688156415070708],[-121.80894292250336,36.688745416638795],[-121.80880592223603,36.689391416192109],[-121.80864892187718,36.689971416281338],[-121.80841392259886,36.690676416094298],[-121.80822492245296,36.69115541482568],[-121.80788292214621,36.691886417544424],[-121.80760092211389,36.692435415054184],[-121.80730292218809,36.692978416359601],[-121.806919362223,36.693688368081247],[-121.80666823908362,36.694084077495916],[-121.80660287856188,36.694181503422378],[-121.80626492067391,36.694685250619749],[-121.80516074745928,36.696703191956551],[-121.80505889018416,36.696889337549429],[-121.80505392250063,36.696898416633722],[-121.80495392473816,36.697073509859131],[-121.80347893865233,36.699656355104558],[-121.80099392279368,36.704007417411283],[-121.79693892400789,36.711152417409721],[-121.79657286052961,36.711831416896402],[-121.796435922246,36.712085417961127],[-121.79641692197943,36.712129418139625],[-121.79625992341725,36.71242541770345],[-121.79617179958619,36.712607887848229],[-121.79573592263728,36.713510418987731],[-121.79529792207103,36.714506419399221],[-121.79395092255703,36.71814041723816],[-121.79337092259888,36.719621418359353],[-121.79286092206264,36.720709420004951],[-121.79247992319445,36.721490419602922],[-121.79204592282619,36.72224542002256],[-121.79154192303602,36.723033419268823],[-121.79137492263145,36.72327642013385],[-121.79110192281996,36.723660420084457],[-121.79105700346251,36.723720172822269],[-121.79078092332792,36.724087419254523],[-121.78966479533348,36.725467887614919],[-121.78965885926608,36.72547522954244],[-121.7890289219613,36.726318420439362],[-121.7884089227185,36.727016419726326],[-121.78775192276748,36.727684420861756],[-121.78711773553307,36.728265508602007],[-121.7869159227163,36.728450420734788],[-121.78610492277949,36.729213420756963],[-121.78528392279691,36.729967420817381],[-121.78367217180237,36.731463490714454],[-121.78301292246987,36.732075421175402],[-121.78196481850202,36.733055084501686],[-121.77959792122172,36.735267421199879],[-121.77918192219343,36.735677421320062],[-121.77872292171079,36.736153421922481],[-121.77798092226926,36.73706542096631],[-121.77660992246582,36.738953421533736],[-121.7759129223318,36.739893422784341],[-121.77454292325157,36.741790423974585],[-121.77337292239122,36.743378421851212],[-121.77335088941227,36.743408089358333],[-121.7724609221721,36.744606422037165],[-121.77177492280705,36.745557423451331],[-121.77151677933375,36.745926199420438],[-121.7715086953945,36.745937747439854],[-121.77142492300268,36.746057423343281],[-121.77072057285301,36.746981148414882],[-121.77064792429937,36.74707642343202],[-121.76878692225449,36.749613424014143],[-121.76806092270648,36.750555423073344],[-121.76726166375043,36.751765633938049],[-121.76686092260725,36.752372423999155],[-121.766773752787,36.752525585105857],[-121.7665769220268,36.752871423654454],[-121.76640902061199,36.753219865413413],[-121.76639092225398,36.753257424751602],[-121.76627892210097,36.753516422748824],[-121.76618507150997,36.753771022241047],[-121.7660839221073,36.754045423833631],[-121.76591992387239,36.754610423878091],[-121.76581992251667,36.755047424312053],[-121.76574292252374,36.755488423939234],[-121.76569092264521,36.755931424739806],[-121.76568092259947,36.756325423794685],[-121.7656971111392,36.757211308092643]]},"properties":{"County":"MON","Route":1,"bPM":82.739000000000004,"ePM":91.260999999999996}},{"type":"Feature","geometry":{"type":"LineString","coordinates":[[-121.64848981341423,36.137011257585286],[-121.65177846661764,36.140195540187293],[-121.65304667579642,36.141474725792364],[-121.65305483519414,36.141480148503568],[-121.65372176871558,36.141923533493255],[-121.65393707961785,36.142144362862808],[-121.65412175347733,36.142528253242112],[-121.65456804639193,36.142962238682294],[-121.65486104449828,36.143222238367457],[-121.65675304560696,36.145053238317566],[-121.6569729522902,36.145261539729482],[-121.65717282833924,36.145489968520202],[-121.6573203550651,36.145670807749568],[-121.65750595329098,36.146037244334245],[-121.65760113159196,36.146313261577468],[-121.65768679224253,36.146584520682374],[-121.65781052439311,36.146803430587703],[-121.65793901491979,36.146979511096603],[-121.65813413169441,36.147198422801139],[-121.65851960327441,36.147479197423742],[-121.65909067487696,36.147821840828485],[-121.65959036095713,36.148074064960319],[-121.66046600276347,36.148354840800643],[-121.66082768066654,36.148530920002955],[-121.66119887711835,36.148768865674057],[-121.66245999140301,36.149730169600424],[-121.66285498243006,36.150068052018746],[-121.6633118386341,36.150534425985775],[-121.66384008125883,36.15117688059653],[-121.66501077561857,36.152680700896468],[-121.665343899672,36.153061413498897],[-121.66571985270323,36.153427851821895],[-121.66574340114011,36.153447889946008],[-121.66594352422582,36.153618207991158],[-121.66629871000434,36.15392896658706],[-121.66671226561506,36.154170593607603],[-121.66859424332182,36.155245757982385],[-121.67004571510674,36.156188025810621],[-121.67026938483269,36.156445006441977],[-121.670426429209,36.156701989132323],[-121.67049305455868,36.156944694112283],[-121.67050257220913,36.157177881665739],[-121.67046925998341,36.157453898867544],[-121.67039311608499,36.157682326962139],[-121.67035504548325,36.157967861869757],[-121.67038359933288,36.158229603282869],[-121.67047401835949,36.158577004752772],[-121.6706120274349,36.158857780704921],[-121.67062364175322,36.158869055268227],[-121.67077383018726,36.159014825180584],[-121.67120689271434,36.159290843168478],[-121.67159236519267,36.159471681762881],[-121.67208729559171,36.159676314138885],[-121.67236806942365,36.159857154745254],[-121.67252035542388,36.160009440141138],[-121.67262029210092,36.16022359177191],[-121.67270595275146,36.160532920791859],[-121.67272498895068,36.1608850821357],[-121.67276781972508,36.161227724263455],[-121.67283444507476,36.161484705783018],[-121.6729676939775,36.161698856284993],[-121.67320563972994,36.161922527379232],[-121.67338647957978,36.162103366430557],[-121.67351021352702,36.162312758304296],[-121.67371960453156,36.162988526392027],[-121.67381478103589,36.163269301049795],[-121.67383256767853,36.163305553850911],[-121.67393851498313,36.163521524088743],[-121.6741003186338,36.16374519433397],[-121.67430495126226,36.163949827159009],[-121.67474277216543,36.164268676147955],[-121.67524721841828,36.164601801492005],[-121.67567076239663,36.164896854496725],[-121.67583732442336,36.165020585112252],[-121.67596105747229,36.165120522268062],[-121.6782215457139,36.16754281400766],[-121.67848804531597,36.167790279018277],[-121.67865361021272,36.167898114443361],[-121.67883088195427,36.16799794422662],[-121.67896150238644,36.168064189134654],[-121.67915930063225,36.168142561501661],[-121.67943605989318,36.168220077330325],[-121.68002704894221,36.168306229467561],[-121.68023644174335,36.168330023940456],[-121.68058384451824,36.168432341324497],[-121.68121678039942,36.168634593425878],[-121.68194489547994,36.16885112478419],[-121.6821828412324,36.168929649379827],[-121.68236605892281,36.169010550349839],[-121.68248741233451,36.169079553753811],[-121.68258021099831,36.169155697320896],[-121.6829680631138,36.169503098234408],[-121.68310369345035,36.169612552818919],[-121.68324408126466,36.169686317260201],[-121.68336781341524,36.169733905360822],[-121.68350582069402,36.169764838118354],[-121.68369617909262,36.169779114827335],[-121.68423869594722,36.169738664024251],[-121.68443619146076,36.169731526028968],[-121.68461703041228,36.169769596779901],[-121.68476344592213,36.169820567088834],[-121.68494063681527,36.169912365194378],[-121.68505961058983,36.170024199980723],[-121.68537607897959,36.170409674010983],[-121.68550932878061,36.170533403900919],[-121.68569016773216,36.170666653710725],[-121.68595190985647,36.170828457057326],[-121.68627313572399,36.171004537280808],[-121.68643493937465,36.171116372684111],[-121.68691083177788,36.171528019198583],[-121.68712974043284,36.171661268767544],[-121.68733199611906,36.171765964698487],[-121.68760801337157,36.171877799740301],[-121.68782216544712,36.171937285736178],[-121.68806011119955,36.171982494656795],[-121.6883789592265,36.17199201316064],[-121.68870970364276,36.171992013885806],[-121.68896668649269,36.172006290914183],[-121.6891213512318,36.172039602036648],[-121.68928553362133,36.172094330114774],[-121.68942116305956,36.172165715137631],[-121.68956630924994,36.172272789649412],[-121.68967338483853,36.172387004669531],[-121.69003506453821,36.172798651761127],[-121.69015403741444,36.172898589876709],[-121.69027538992783,36.1729771096918],[-121.69043243520247,36.173041356216743],[-121.69062825805293,36.173085874878964],[-121.69197505544604,36.173334237528486],[-121.69225034236821,36.173429209128876],[-121.69245973516935,36.173567217521786],[-121.69257395146617,36.173686189804151],[-121.69264295285976,36.173800404939684],[-121.69277382392194,36.174104974919949],[-121.69286186420966,36.174238225183089],[-121.69300225202394,36.174371475219601],[-121.69314026109934,36.174454755561584],[-121.69328778872352,36.174516621688468],[-121.69383982322857,36.174706978862929],[-121.69403018072886,36.174823571687902],[-121.69412297849432,36.174942545688438],[-121.69416104999438,36.175040104074561],[-121.69418722600345,36.175175731914067],[-121.69416580837043,36.175356571568742],[-121.69411822101658,36.175461267638511],[-121.69408252825539,36.175556446948924],[-121.69396831465355,36.175703973999028],[-121.69347405529601,36.176101238920616],[-121.69338536462801,36.176210236162163],[-121.69333453884755,36.176318183997708],[-121.69330421621515,36.176424312350804],[-121.69329477761644,36.176480552147567],[-121.69329663533243,36.176538020260551],[-121.69331937528555,36.176628986759589],[-121.69334211883191,36.176704793786747],[-121.69341605467137,36.176826238312835],[-121.69346782637783,36.176900352722285],[-121.69354794172811,36.176983673158382],[-121.69362105650741,36.177026239014928],[-121.69376205607443,36.177093239114228],[-121.69396762025582,36.177153993730002],[-121.69406985392506,36.177159627883221],[-121.6943730811475,36.177129304967139],[-121.69507049181159,36.176947372300106],[-121.69523726404411,36.176924631865326],[-121.69536494698532,36.176922785713899],[-121.69551876820637,36.176942012226256],[-121.69567863239433,36.176994388224159],[-121.69573347364411,36.177025332618108],[-121.6960161195651,36.177150311589436],[-121.69612648478427,36.177167340944138],[-121.69643819479798,36.177172099881247],[-121.69692360485163,36.177131649993932],[-121.69718534607767,36.177091200085663],[-121.69765110368785,36.176874716149172],[-121.69787222040179,36.176791397047417],[-121.69797156149579,36.176778579106703],[-121.69808051995324,36.176772169047823],[-121.6981894748174,36.176791395597206],[-121.69827282140778,36.176816949533929],[-121.69842020530152,36.176893943398518],[-121.69847788792254,36.176951625843266],[-121.69853877573249,36.177022127598832],[-121.69859325316459,36.177105447905433],[-121.69862905641854,36.177235237890628],[-121.69863353092698,36.177457980735717],[-121.69861889018448,36.177791229121908],[-121.69862529966402,36.177973890739082],[-121.69866318161957,36.178090530185415],[-121.69875588955351,36.17828257107432],[-121.69913334905948,36.178991134036231],[-121.69941779250937,36.179516431893155],[-121.6995960757539,36.17976739971833],[-121.69973387372524,36.17998531206544],[-121.69994124262203,36.180348661108205],[-121.69994600099811,36.1804985682911],[-121.6999191997616,36.180742910786734],[-121.69988826627481,36.180938026769425],[-121.69987161240775,36.181097450947398],[-121.69987464781509,36.181304450074151],[-121.6999180301551,36.181625977216065],[-121.69994786500233,36.18201080396571],[-121.6999702968333,36.182171034413344],[-121.70000234333273,36.182305626836964],[-121.70004079841341,36.182398560273747],[-121.70009848103443,36.182517129060528],[-121.7002298695262,36.182709404170531],[-121.70029716591739,36.182783111329009],[-121.70054100641474,36.183080091251668],[-121.70072264935847,36.183229268147699],[-121.70088157929852,36.183408064125523],[-121.70100605615251,36.183643239361665],[-121.70133915505312,36.184144493045181],[-121.70163697801087,36.18459265919185],[-121.70175234235457,36.184733661212931],[-121.70185488953581,36.184839413468431],[-121.70194782294692,36.184922731261523],[-121.70329533809391,36.185805624415849],[-121.70382525787329,36.186109435019418],[-121.70460179663917,36.186429671460566],[-121.70479933706847,36.186532930950072],[-121.70554909166584,36.187080656169428],[-121.70559406941379,36.18712215945488],[-121.70588073170241,36.187406990419731],[-121.70592559446602,36.187503125294818],[-121.70594482380301,36.18759285522853],[-121.70595764096548,36.188153658097633],[-121.70598648137765,36.188285047283244],[-121.70602493645836,36.18839208019056],[-121.70606339064072,36.188451686325379],[-121.7062973281104,36.18875099523482],[-121.70650883015583,36.188991338952079],[-121.7066145816277,36.189180410323033],[-121.70677801661893,36.189542529161656],[-121.70684210871948,36.189670713690411],[-121.70693696362699,36.189786077121965],[-121.70715808213754,36.190002067180451],[-121.70731190246026,36.190173514366151],[-121.70775122714323,36.190698539312997],[-121.70785668306937,36.190783987419152],[-121.70796563973018,36.19085769422913],[-121.70809382303302,36.190916338602101],[-121.70824730918245,36.191000032724403],[-121.70844545777121,36.191113365683925],[-121.70860568847181,36.191193480338242],[-121.70872159988954,36.191265073429662],[-121.70884218614005,36.191329034538235],[-121.70905648014936,36.191548804027668],[-121.70929786734767,36.19187549447463],[-121.70942159859995,36.191992088572391],[-121.70957864207793,36.192101544364348],[-121.70977269794224,36.192172223154238],[-121.71011058216838,36.192238848536014],[-121.71038184104482,36.192334025586753],[-121.71053421148669,36.192422120241858],[-121.7106239379122,36.192486211625685],[-121.71070085076853,36.192559918283457],[-121.71078306099007,36.192680238446165],[-121.71084826071338,36.192806671382954],[-121.71088030811114,36.192970106586635],[-121.71089580404978,36.193162079098478],[-121.71089342531093,36.193521377536804],[-121.71087200947454,36.193980613822283],[-121.71087069434098,36.194114465342977],[-121.71084505732109,36.194274695678509],[-121.71080019455748,36.194460561587029],[-121.71067170672576,36.194724859826415],[-121.71063786539237,36.194938775225395],[-121.71061402320642,36.195151069777445],[-121.71061402320642,36.195324118699531],[-121.71062996201452,36.195769460286584],[-121.71063223115891,36.195786815442943],[-121.71068415018907,36.196183845853596],[-121.71074790272647,36.196454791028742],[-121.71083396672059,36.196553605761977],[-121.71100928372805,36.196639669474031],[-121.71124516425368,36.19672254700162],[-121.7112534997212,36.196724160707234],[-121.71139707655475,36.196751957614325],[-121.71161744048048,36.196758031843245],[-121.71174805911603,36.196723239314665],[-121.71185550031898,36.196681617878468],[-121.71198481729567,36.1966052023892],[-121.7121082565955,36.196514091627641],[-121.71218173159922,36.196446495567258],[-121.71259988568589,36.195708896270396],[-121.71287082925366,36.195409263804933],[-121.71301935310947,36.195314971304171],[-121.71316630491356,36.195238557380868],[-121.71335706036751,36.195179238417147],[-121.71355719333472,36.195168020548991],[-121.71370806089509,36.195188239388607],[-121.71385404970518,36.195232629473743],[-121.71403390410315,36.195320849183652],[-121.71416615946919,36.195426655288493],[-121.71440128091841,36.195744069120494],[-121.7146720609928,36.196028239477535],[-121.7153830613705,36.196550239155883],[-121.71553868191708,36.196640470528187],[-121.71572384176511,36.196708068595889],[-121.71677106268905,36.196908239639818],[-121.71694062868207,36.196960713202188],[-121.71708166867327,36.197034299658917],[-121.71718406224261,36.197099239062304],[-121.71729033922894,36.197181250535976],[-121.71738732853352,36.197284115985823],[-121.71743729103297,36.197392858299509],[-121.71748691217265,36.197526010231165],[-121.71752736420822,36.197771095575796],[-121.71757019318602,36.197959071411454],[-121.71762492124805,36.198073287403552],[-121.71768678732336,36.198170843079765],[-121.71784581517979,36.198368615248562],[-121.7181397169913,36.198521444160036],[-121.71914188381047,36.198809606696869],[-121.71930062959591,36.198885882300686],[-121.7194622760414,36.198991687212398],[-121.71964743499115,36.199126882128951],[-121.71998542162522,36.199426662021992],[-121.72025706228565,36.199656239261373],[-121.72043509130698,36.199770527442844],[-121.72200746824431,36.200349514247641],[-121.7224982457318,36.200490726391159],[-121.72302437192573,36.200587575177735],[-121.72318307728698,36.200622842972528],[-121.7239560623176,36.200644239088909],[-121.72431695149983,36.200646356518362],[-121.72457852474091,36.200666929143516],[-121.72472206294687,36.200694240418649],[-121.72489307522751,36.200748988347662],[-121.72502231674576,36.20081094244248],[-121.72514575694389,36.200896172917794],[-121.72526299158005,36.201011919953338],[-121.72535816988103,36.201190380301583],[-121.72544383232821,36.201461637975825],[-121.72552711334158,36.201621063870405],[-121.72557946086813,36.201690066822202],[-121.72572222831961,36.201813799500094],[-121.72578646325231,36.201857233326429],[-121.72587757218506,36.201901317352451],[-121.7260749104934,36.201966676052486],[-121.72632122405274,36.202028255867312],[-121.72654766957294,36.202060025439572],[-121.72670049725727,36.202068842223945],[-121.72683275352159,36.202065902812663],[-121.72702378924993,36.202048267792527],[-121.72716486337708,36.201998305021796],[-121.72758279198661,36.201770530924264],[-121.72773268217998,36.201705873028153],[-121.72809418311492,36.201629458093507],[-121.72822055990574,36.201629458093507],[-121.72834693849315,36.20164415305598],[-121.72852606884902,36.201688846108866],[-121.72864084030466,36.201744079742582],[-121.72875252245406,36.201826371956351],[-121.72885006242591,36.201908239299748],[-121.72894401991641,36.201994637822061],[-121.72901302400497,36.202094574209617],[-121.72906299279265,36.202199272235433],[-121.72930569781951,36.203201024919238],[-121.72937232316916,36.203386621729997],[-121.72943418924446,36.203507974870007],[-121.72966737572256,36.203810166298766],[-121.72980776353684,36.203938658010415],[-121.72996480881143,36.204055250816445],[-121.73015048788571,36.204141957211782],[-121.73038675648354,36.204221272055975],[-121.7305570824513,36.204309844794473],[-121.7306805208528,36.204418588946986],[-121.73107706327036,36.204934239454623],[-121.7312120638879,36.20502623779128],[-121.73139176467396,36.205103380066269],[-121.73152306423252,36.205132238813476],[-121.7316974227376,36.205147465888395],[-121.7318530648437,36.205115238734443],[-121.73199896651721,36.205059296393912],[-121.73214506312512,36.204987238233834],[-121.73236046475721,36.204853564046104],[-121.73260734335685,36.204686040060373],[-121.73268963532509,36.204653709786108],[-121.73284494415624,36.204626544139906],[-121.73293357553541,36.204624320988323],[-121.73400906464474,36.204756239229994],[-121.7341691399368,36.2047918451062],[-121.73434548102367,36.204871197709352],[-121.73502145608848,36.205197429548463],[-121.73517820851228,36.205287811872168],[-121.73529242301244,36.205375852085069],[-121.73537094385311,36.205475788504891],[-121.73540901625148,36.205566208199507],[-121.73543043208787,36.205649490167808],[-121.7354375701011,36.205749426963109],[-121.73541853480023,36.20584222675128],[-121.73538295612508,36.205914843708449],[-121.73528890790473,36.206094125004604],[-121.73518898021086,36.206232259232287],[-121.73503321323891,36.206470319667886],[-121.73460206591996,36.206821238024858],[-121.73444834710688,36.206993465276604],[-121.73433406523304,36.207154238976521],[-121.7339428354521,36.208076201336233],[-121.73389805982507,36.208193134447093],[-121.73388853858138,36.208314485933549],[-121.73391709512593,36.208419182887916],[-121.73396944265251,36.208502462545184],[-121.73403130872781,36.208561948995921],[-121.73410983046676,36.208614299499565],[-121.73421452641819,36.208671406266511],[-121.73428829247607,36.208695200076036],[-121.73440012554242,36.208718995327956],[-121.73450482149384,36.20872375307281],[-121.73460475996751,36.208716616455447],[-121.73495973643855,36.208625797397758],[-121.73513775827335,36.208547672831727],[-121.7352067623619,36.208523880427016],[-121.73542805155236,36.208481049006515],[-121.73554702532689,36.208483427886193],[-121.735751659752,36.20851198240986],[-121.73617520373035,36.208590504215756],[-121.73628703859335,36.208600021895251],[-121.73635842142076,36.208597643019132],[-121.73646549700935,36.208580985810322],[-121.73654877981936,36.208559570118631],[-121.73698897766478,36.208354937112063],[-121.73719633218855,36.208243726038837],[-121.73729906532108,36.208214239287571],[-121.73738442952757,36.208202578967217],[-121.73747553935864,36.208202578967217],[-121.7376195518751,36.208229030140885],[-121.73771345995829,36.208253103143804],[-121.7380002516043,36.208445355654966],[-121.73903531472918,36.209556564886114],[-121.73932084963212,36.2098492379044],[-121.73948741525211,36.20997059117169],[-121.73963256144246,36.210044356024284],[-121.73977770942943,36.210106220133319],[-121.74008206403757,36.210203238950072],[-121.74159106662826,36.210552238675362],[-121.7416551030333,36.210572594878926],[-121.7417479016971,36.210613047064662],[-121.74178716166826,36.210636839559044],[-121.74181502561171,36.210653726818627],[-121.74191208408659,36.210734397697905],[-121.74197157142305,36.210801023228839],[-121.7420653375724,36.210953216858108],[-121.74209906751469,36.211044239783512],[-121.74243406545382,36.212245239182685],[-121.7425130219774,36.212399792818388],[-121.74257474162732,36.212452696668151],[-121.74267466842288,36.212505599032603],[-121.74279822540203,36.212546387245744],[-121.74297150952198,36.212561441103254],[-121.7431537291841,36.212520294852254],[-121.74327716758563,36.212470330793636],[-121.74359036431112,36.212308967888106],[-121.74366217922818,36.212279294947713],[-121.74388848371289,36.212232269039944],[-121.74398429622445,36.212232269039944],[-121.7442958328633,36.212293990085065],[-121.74497474631737,36.212593769560492],[-121.74670876970021,36.213413756509865],[-121.74683220810171,36.213487231828672],[-121.74697622061817,36.213619488098445],[-121.74705557329879,36.213713536043947],[-121.74725836707586,36.214098548647804],[-121.74734406725229,36.214202239126237],[-121.74746409744562,36.214301340933666],[-121.74761398853727,36.214386572663869],[-121.74773806743758,36.214447238917522],[-121.74794903678206,36.214492376191558],[-121.74814007251037,36.214492375466769],[-121.74836049841986,36.214474741797034],[-121.74852222930699,36.214474910668599],[-121.74869830898412,36.214493946769359],[-121.74892435834727,36.214532017507366],[-121.74931221046279,36.214674785509153],[-121.74958584807808,36.214767582686193],[-121.74997225929589,36.214824486376422],[-121.75014860038279,36.214859755003836],[-121.75028388756287,36.214903557744364],[-121.75039253879648,36.214956744009676],[-121.75050128345488,36.215068424612575],[-121.75055006736473,36.215156237842798],[-121.75060708792739,36.215300607881439],[-121.75060414863977,36.215456375980771],[-121.75055666728711,36.215576600797469],[-121.75026399526922,36.216119119127299],[-121.75019023100801,36.216330889496689],[-121.75008801620339,36.216679258175134],[-121.75007363776896,36.216728259977316],[-121.75008791559208,36.216823439143013],[-121.75013106796338,36.216950238945529],[-121.75016506829857,36.21701523864914],[-121.75022501467411,36.217102520629481],[-121.75029306834507,36.217176238173089],[-121.75029994225365,36.217180469963154],[-121.75040723433624,36.217246532676498],[-121.75052185577323,36.217293557744853],[-121.75060708702905,36.217308252665248],[-121.75070606879694,36.21730423903027],[-121.75151406836072,36.217231239829715],[-121.75168206859023,36.217243238710203],[-121.75186506978665,36.21728023911195],[-121.75212069707882,36.2173681578466],[-121.75218903371913,36.217406513459814],[-121.75303005086114,36.217878545493143],[-121.75320295409549,36.217968321784582],[-121.75342301169569,36.218051635488123],[-121.75365507887292,36.218114926796325],[-121.75415891247476,36.218276517615628],[-121.754401513297,36.218399413093294],[-121.75461306834305,36.2185652386638],[-121.75472337786667,36.218721943863635],[-121.75476992946302,36.218808394848118],[-121.75479807008762,36.218890237904965],[-121.75480650526811,36.219074398783263],[-121.75479652947688,36.219210725820915],[-121.75476206920428,36.219317238854025],[-121.75463692759701,36.219503330116936],[-121.75437424852981,36.219835835745663],[-121.75405504297341,36.220221542214738],[-121.75401514250343,36.22031131726682],[-121.75401898010631,36.220400918284092],[-121.75403509318757,36.220447645047777],[-121.75406834253117,36.220507494920973],[-121.75412486902042,36.220570671911602],[-121.75427117134254,36.220710324223681],[-121.75437092206833,36.220776825306089],[-121.75445405036808,36.220813402254265],[-121.75465349971736,36.22087011022343],[-121.75486677234223,36.220937232971913],[-121.75563115241074,36.221185691723228],[-121.75579885080627,36.221255389088128],[-121.75599354896602,36.221345410078868],[-121.7561079530107,36.221389623720427],[-121.75629280383831,36.221501685756778],[-121.75668516100495,36.22177101416824],[-121.7570841648064,36.222070269608949],[-121.75743662060476,36.222276422674874],[-121.75770933385364,36.222362690730904],[-121.75789477307775,36.222395528224013],[-121.7587459950814,36.222414513842836],[-121.75882843706829,36.222442503816687],[-121.75892107044207,36.222495238543821],[-121.7590023086865,36.222556911634577],[-121.75904103416005,36.222595635747879],[-121.75906151754518,36.222624926484862],[-121.75912571924022,36.222737281702017],[-121.75915736329441,36.222832211509271],[-121.75917002055677,36.222958787788343],[-121.75913837740086,36.223053719500882],[-121.75908458179009,36.223129667106932],[-121.75879345936607,36.223385981036756],[-121.758388416191,36.223727735260084],[-121.75823336158305,36.22386506729606],[-121.75809412900223,36.224089740670919],[-121.75803084269046,36.224304919372813],[-121.75809412900223,36.224491618369996],[-121.7581700707797,36.224600238819761],[-121.75826817040199,36.224681480857811],[-121.75835787975954,36.224741288359077],[-121.75839861206946,36.224763790258329],[-121.75850233514541,36.224814384904768],[-121.75863535767272,36.224858329905246],[-121.75875548668068,36.224871344334055],[-121.75907192542604,36.224918809768731],[-121.75921750011277,36.224963062696823],[-121.75934217639275,36.225013755769893],[-121.75943582935437,36.225070701285183],[-121.75966050160019,36.225266893091145],[-121.75988517384603,36.225510550205229],[-121.75999909010552,36.225602317820517],[-121.76021743372016,36.225690919983528],[-121.76048324161947,36.225687756088142],[-121.76106507054752,36.225469239017912],[-121.76135607080067,36.225414240254715],[-121.76158761156515,36.225415617851183],[-121.76178507114608,36.2254442379379],[-121.7620480709118,36.225546238670709],[-121.76223314631822,36.225665605193583],[-121.76236207073117,36.225800238794875],[-121.76248629875181,36.226042166649492],[-121.76259198464665,36.226279416791449],[-121.76266574800958,36.226429322995855],[-121.7627395113725,36.226538777735627],[-121.76287752044792,36.226674407687462],[-121.7630190715805,36.226785238931988],[-121.76366661766149,36.227099072615403],[-121.7638944510788,36.2272604557416],[-121.76423304138072,36.227684484144618],[-121.76458726686019,36.228069964228716],[-121.76465259863586,36.228166329605038],[-121.76471922488386,36.228280544266568],[-121.76476882356563,36.228399594295574],[-121.76478364486951,36.228469251174303],[-121.76477620502233,36.228732019353572],[-121.7647741523719,36.228804499125722],[-121.76477239167396,36.228866646951502],[-121.76475889179186,36.229017521382879],[-121.76472668629062,36.229377431309587],[-121.76471507197232,36.229770239193336],[-121.76476149510954,36.230076760289705],[-121.7648510715164,36.230264238972332],[-121.7654228509914,36.231174803262206],[-121.76561588008133,36.231427955423108],[-121.76593548359145,36.231744392116738],[-121.76639115401932,36.232111460931968],[-121.76656203155265,36.232276008936935],[-121.76670107369064,36.232442239126762],[-121.76681614967517,36.232660062108657],[-121.76687214256513,36.232810790097744],[-121.76696707113447,36.233111407568927],[-121.76725186762226,36.233747450632791],[-121.76740692312849,36.234063889533054],[-121.76778107324098,36.234725238163378],[-121.76808093717102,36.23518218356589],[-121.76868216970922,36.235951128235065],[-121.76890307352241,36.236183239374661],[-121.76905873359483,36.236337184175675],[-121.7692560719032,36.236480238434815],[-121.77003020048919,36.236989048622178],[-121.77053207396705,36.237299238121508],[-121.77154607249682,36.238108239109621],[-121.77180542150924,36.238295940534826],[-121.77193832456058,36.238375048313529],[-121.77221046378604,36.238495296591999],[-121.77245271696026,36.238587431530533],[-121.77265969239498,36.23864130015491],[-121.77346600222771,36.238763408657107],[-121.77365975446146,36.238792749128663],[-121.77416303559939,36.238901813422707],[-121.77457807522696,36.239068240367423],[-121.77510925354603,36.239312131977634],[-121.77701118463186,36.240185378193772],[-121.77707180474387,36.240213210379991],[-121.77711107549484,36.240231238189011],[-121.77742220968844,36.240406586345394],[-121.77769751188197,36.240586956542039],[-121.77781775587434,36.240691379905996],[-121.7780674048783,36.240928668197661],[-121.77813736207938,36.240995161506646],[-121.7783240598432,36.241210340060178],[-121.77850442987415,36.24146665631276],[-121.77861518496215,36.241656518159026],[-121.77934707656011,36.243088239077885],[-121.77950754172099,36.243301051436703],[-121.7796214579805,36.243433954991161],[-121.78039989847983,36.244177586494587],[-121.7805074879048,36.24429466850043],[-121.78064671958731,36.244503518223134],[-121.78071950109162,36.24462376431898],[-121.7808115227127,36.244798762111394],[-121.78133738300527,36.246347791294902],[-121.78154439706758,36.246990245444422],[-121.78165932393176,36.247268244874476],[-121.78176058562384,36.24744861372627],[-121.78202006399368,36.247765052225759],[-121.78219727015819,36.247935927323539],[-121.78252320229947,36.248198573570384],[-121.78262446309324,36.248261860765432],[-121.78295356089758,36.248448559793182],[-121.783526313248,36.248708039179824],[-121.7840041370291,36.248894737866003],[-121.78491231581502,36.249230164831296],[-121.78539646732897,36.249445341722165],[-121.78558316599111,36.249537108775137],[-121.78575404442276,36.249647862695767],[-121.78597871487196,36.249828232575169],[-121.78604833161152,36.249904176633564],[-121.78610845405686,36.24995164353421],[-121.786183334924,36.250025345326932],[-121.78651033246722,36.250347191466616],[-121.78660842849624,36.250480096803216],[-121.78680778442072,36.250711096259117],[-121.78691220997923,36.250897794506258],[-121.7870166337411,36.251128795625057],[-121.78721007785272,36.251603240740423],[-121.78733407770127,36.252206239566348],[-121.78735561930179,36.252645687358104],[-121.78735988360444,36.252817809368608],[-121.78735997792757,36.25282162486436],[-121.78736445782587,36.253002469877273],[-121.78736471654067,36.253127739012022],[-121.78738597517187,36.253429067958692],[-121.78740977064544,36.253624183851592],[-121.78747401456128,36.253869268774388],[-121.78754777882253,36.254092937388627],[-121.78766437206157,36.254323745787772],[-121.78780140197333,36.254545384058353],[-121.78808278037145,36.254954563594026],[-121.78817833596487,36.255116105814032],[-121.78828585082964,36.255458715935717],[-121.7883108689103,36.255883919924301],[-121.78832507846145,36.256722239763576],[-121.78833607833212,36.257783240171761],[-121.78834727852708,36.25808091411826],[-121.7883924880404,36.258406900858681],[-121.788437698452,36.25857822134666],[-121.78853287765132,36.258789994078811],[-121.78863281432835,36.258954177347114],[-121.78876130485502,36.259142155393135],[-121.78892807888413,36.259347240077084],[-121.78943007902446,36.259754238793924],[-121.78973907882096,36.259943239144611],[-121.79012418388831,36.260071309794228],[-121.79203851801327,36.260489368373328],[-121.79241760885981,36.260581136217517],[-121.79268027714721,36.260717356843848],[-121.79293725909884,36.26088391914174],[-121.79319424105049,36.261083794154779],[-121.79340363385165,36.2613074631195],[-121.79365231447174,36.261685105994296],[-121.79382732515373,36.261992663770712],[-121.79415554350737,36.26276131424887],[-121.79448152954758,36.263437080956443],[-121.79458622729564,36.263582228137871],[-121.79468616307435,36.2636750273941],[-121.79491935134907,36.263943907039256],[-121.79512874415023,36.264065258938587],[-121.7953928641151,36.264179473298682],[-121.79563794877913,36.264248478285282],[-121.79569157371002,36.264262016351005],[-121.79593408110749,36.264323239292366],[-121.79641204322915,36.264382949830321],[-121.79806408007093,36.264239241166997],[-121.79864999992678,36.264205058822157],[-121.79919073272724,36.264173510053901],[-121.7997780809044,36.264139240038773],[-121.80007164315272,36.264128074068744],[-121.8004574965167,36.264177632826843],[-121.80078591249975,36.264254966648544],[-121.80114072996896,36.264354563464508],[-121.80143123884363,36.264453782064926],[-121.80170303491263,36.264585810895767],[-121.80226995090867,36.264935181415176],[-121.80291776199267,36.265480333428705],[-121.80328591674892,36.26589450763921],[-121.80360097208874,36.266365324927527],[-121.80377807943859,36.266698238937558],[-121.80425308161135,36.267405240932739],[-121.80455408191024,36.267756240050645],[-121.80490155026216,36.267995467607783],[-121.80519608089435,36.268167240014847],[-121.80541130286336,36.268264504030846],[-121.80607398915014,36.268516964614221],[-121.80612799676335,36.268542211931347],[-121.80638743470897,36.268663493674296],[-121.80664320303667,36.2687884161206],[-121.80695508013703,36.268991238944707],[-121.80724499612361,36.269213210043056],[-121.80751808217333,36.26953623879578],[-121.80797108280818,36.270430239654843],[-121.80826808290912,36.270864237805476],[-121.80879658963853,36.271380588011084],[-121.80884703992321,36.271425688073514],[-121.80915523572752,36.271634335635291],[-121.80940436550526,36.27178321262398],[-121.80956308254461,36.271855239658727],[-121.80981847717312,36.271957305123777],[-121.81158851491402,36.272664660728161],[-121.81200274066796,36.272784850446961],[-121.81229296567498,36.272841657596373],[-121.81261864089808,36.272877057935752],[-121.81290183568973,36.272880596520359],[-121.81329831073364,36.272877057935752],[-121.8134788469529,36.272862897801957],[-121.8136523053461,36.27283811683732],[-121.81450897473361,36.272639880424855],[-121.81487712769326,36.272593860564911],[-121.81513908631158,36.272579702552385],[-121.81545413985475,36.272590321243072],[-121.8158187552488,36.272611560792797],[-121.81611611018425,36.272654040599143],[-121.81647713501209,36.272756871255858],[-121.81698647618494,36.27294540632802],[-121.81742429798642,36.273164318639786],[-121.81765986410169,36.273328500660263],[-121.81785022160199,36.273471267763306],[-121.81800726597827,36.27360213852505],[-121.81815955108019,36.273766321797495],[-121.81846650181949,36.274139896606613],[-121.81874014033313,36.274477779620653],[-121.81894715349709,36.274744278520707],[-121.81903281414765,36.274832319480907],[-121.81916368341319,36.274934636700387],[-121.81927076079842,36.275008399655107],[-121.81942780337806,36.275101197644844],[-121.81956343371463,36.275170202395117],[-121.819673041654,36.275210544396565],[-121.81980654118669,36.275259679702259],[-121.82004170575502,36.275341523770678],[-121.82043193660941,36.275455737570745],[-121.82090782991094,36.27553426023087],[-121.82125522999087,36.275553296673749],[-121.8217192260048,36.275524742731911],[-121.82196430977051,36.275491429303763],[-121.82222129082385,36.275474773308552],[-121.82296555761316,36.275496617509006],[-121.82338108502591,36.275548239553245],[-121.82386824589609,36.275648837299208],[-121.82427778603747,36.275759669347757],[-121.82456571045905,36.275853861981219],[-121.82485235208644,36.275967431941531],[-121.82511308540272,36.276094239380868],[-121.82569708555882,36.276465239396622],[-121.82730199588248,36.2776630664561],[-121.82767208560988,36.277963238375825],[-121.83268308858901,36.281676239961669],[-121.83317510485325,36.282044749909176],[-121.83359547328709,36.282288119951893],[-121.83424262051609,36.282553617496703],[-121.83505038292463,36.282840644904802],[-121.83575199141603,36.283042266090597],[-121.83706140362196,36.283471492347886],[-121.83843854700363,36.283875641891484],[-121.83902623564228,36.28407281282486],[-121.83947508965379,36.284267238831397],[-121.839688611112,36.284373372121166],[-121.83986908894077,36.284502239064963],[-121.8400813249098,36.284644400643948],[-121.84021608927043,36.284770238874493],[-121.84050722427084,36.285075830989051],[-121.84094106384069,36.285793428286418],[-121.84126499633213,36.286359062228044],[-121.84179045597611,36.286956427876113],[-121.8420320893128,36.287189239757147],[-121.84230485646063,36.28742657942994],[-121.8425600884941,36.287611239208893],[-121.84286903528998,36.287813760424534],[-121.84313008840648,36.287958238849995],[-121.8435936190931,36.2881898797894],[-121.84434203699733,36.288490037292419],[-121.84435046229638,36.288492129896618],[-121.84484608888977,36.2886152393693],[-121.84632308899845,36.288857239235575],[-121.84663237715414,36.288879118791307],[-121.84687886857992,36.288904539095462],[-121.84710587824209,36.288921642603007],[-121.84841440470913,36.288919917119117],[-121.85136380824719,36.288787245904082],[-121.8520190915177,36.288800238826013],[-121.85267809111855,36.288880238220386],[-121.85298222743609,36.288947649398324],[-121.85376217261353,36.289179803668283],[-121.85477985872754,36.289650106191047],[-121.86001147177078,36.292203253447958],[-121.87573509471881,36.29984823778905],[-121.87717709646404,36.30065623772105],[-121.8774723888676,36.300831498017658],[-121.87818930554977,36.301328097125946],[-121.87844796735099,36.301507266040936],[-121.87857209565864,36.301624236768738],[-121.87967709711997,36.302560238076673],[-121.88034509694164,36.303228236917782],[-121.88181909757557,36.304893236660277],[-121.88338928801355,36.306640201765603],[-121.88373831045087,36.307022464701603],[-121.88378033184323,36.307068488149504],[-121.88385390745825,36.307149070380952],[-121.88566909811856,36.309244236357515],[-121.88608099723592,36.30970973219376],[-121.88659909788107,36.31029523703657],[-121.88756463140298,36.311349302177867],[-121.89065517464519,36.314847767452434],[-121.8908687562905,36.31510826395143],[-121.89101152374199,36.315308139097674],[-121.89117808576871,36.315565121295926],[-121.89138747856988,36.3159410764545],[-121.89154928311885,36.31627419954355],[-121.89165345265751,36.316551698247267],[-121.89180174205302,36.317029548036913],[-121.89200916035719,36.317589540636241],[-121.89229643350021,36.318501376411071],[-121.89241540637643,36.318834500863282],[-121.89251058557574,36.319258045245789],[-121.89254627833692,36.319609015266735],[-121.89252724123942,36.319818408340964],[-121.89249630865092,36.320013524782851],[-121.89248917063769,36.320227676412877],[-121.8924986873898,36.32042279183014],[-121.8925367606865,36.320613148587945],[-121.89259862586346,36.320843955741182],[-121.89267952634133,36.321039071787055],[-121.89283657161594,36.321322227960849],[-121.89304358657651,36.321672008931124],[-121.89311734814281,36.321848089075345],[-121.89315779838175,36.322009890946248],[-121.89318159475363,36.322133624967996],[-121.89317445584206,36.32227877083308],[-121.89314828073131,36.32245247202453],[-121.8930269291162,36.32282604679181],[-121.89299361689054,36.322959297745747],[-121.89298647708065,36.323063993109692],[-121.89299361689054,36.323173447795561],[-121.89303644676666,36.3232900415111],[-121.89309831194362,36.323416153948038],[-121.89318159295699,36.323506572544431],[-121.89331722419186,36.323623167209078],[-121.89348140478477,36.323730242119169],[-121.89363369168331,36.323842077027741],[-121.89377799705053,36.323997199567771],[-121.8938454632233,36.324137130212648],[-121.89388115508619,36.324277518741454],[-121.89388591436058,36.324517843936547],[-121.89382880755964,36.324786723131886],[-121.89370269487355,36.32510319124146],[-121.89367414371885,36.325262616095515],[-121.8936789020949,36.325422039175898],[-121.89370745594452,36.325569567259471],[-121.89376218310829,36.325707574277679],[-121.89393350351106,36.325966935850978],[-121.89404771711291,36.326119220738171],[-121.89417144926351,36.326269126414843],[-121.89422969422991,36.326353292990454],[-121.89429883306576,36.326567624778676],[-121.89433340562778,36.326788873379016],[-121.89426426319865,36.327113829176902],[-121.89404909962015,36.327508240001634],[-121.89126710162687,36.331374239567971],[-121.89099249023775,36.331726421468744],[-121.89081640966228,36.331864430608604],[-121.89057846480814,36.331983403808842],[-121.89034527743176,36.332054787641752],[-121.89001691085603,36.332064304033821],[-121.88979248205366,36.332048925109405],[-121.88914210717786,36.331913758193153],[-121.88844610058055,36.331775239668104],[-121.88768978828162,36.331745183674585],[-121.88659810164944,36.331728239360658],[-121.88631191097632,36.33179233087931],[-121.8861471006644,36.331829240124833],[-121.88584210106589,36.331985239786761],[-121.88561510038684,36.332181240496482],[-121.88557804308475,36.332238906826355],[-121.88540110102493,36.332514239172298],[-121.88531810028593,36.332890239938813],[-121.88535010097129,36.333152239261537],[-121.8854641007741,36.333417240199246],[-121.88565610219138,36.333656240397424],[-121.88605810097596,36.333922240446192],[-121.88734810148686,36.334499239911182],[-121.88804410089764,36.334771238351109],[-121.88885097577069,36.335010078086299],[-121.88942680574928,36.335209952848473],[-121.88979324382503,36.335386033518823],[-121.89022630545384,36.335671570459596],[-121.891049597937,36.336247398417974],[-121.89118614365681,36.336334348189936],[-121.8914741022144,36.33665724016263],[-121.89156110225304,36.336842239988627],[-121.89160210315923,36.337189239118892],[-121.89155910350154,36.337490241374887],[-121.89148265866748,36.337755976509591],[-121.89121616086204,36.338284215980678],[-121.89126374911422,36.338688725518679],[-121.8912589925348,36.338879082519384],[-121.89123519616292,36.339045644422903],[-121.89108291106099,36.339640509487936],[-121.8910210440874,36.339821347271986],[-121.89079737436143,36.34024965250515],[-121.89073550918442,36.340449526847479],[-121.89071647298525,36.340687472892434],[-121.890725991534,36.340915901453691],[-121.89077833816225,36.341111017890363],[-121.89091634813596,36.341253783957832],[-121.89108291106099,36.341415587500073],[-121.8911590531628,36.341510766706044],[-121.89123519616292,36.341686846881245],[-121.8913611022365,36.342164240807968],[-121.89157872450397,36.342452387468356],[-121.89177533607527,36.342661235804734],[-121.89186099403086,36.342789726409904],[-121.89192761938051,36.342915837674816],[-121.89195379449127,36.343044330030644],[-121.89195855376566,36.343160922953729],[-121.89186099492917,36.343515462513409],[-121.89183006144238,36.343682024631569],[-121.89186337456638,36.34392235002786],[-121.89193951666813,36.344126984704182],[-121.89208228501793,36.344288786618357],[-121.89225598595624,36.344393483710753],[-121.89268428920899,36.344571942957934],[-121.89311735083778,36.344843200751271],[-121.89329343141326,36.34505259402809],[-121.89345761380278,36.345314334651441],[-121.89353137716569,36.345404753882434],[-121.89378597948014,36.345564178435623],[-121.89413576009558,36.345697428849682],[-121.89427614790991,36.34575215550818],[-121.89449267962257,36.345866369680294],[-121.89470445116262,36.346051966990899],[-121.89481152764954,36.346228047751495],[-121.89487339282653,36.346420784881602],[-121.89491622360096,36.346613520087537],[-121.89499474533994,36.346820533936253],[-121.89504471322931,36.346899055662838],[-121.89509944129136,36.346944266180266],[-121.89520651687998,36.347020408779279],[-121.89558009386728,36.347220283109237],[-121.89574810397824,36.347304241823814],[-121.89597508399602,36.347484402670318],[-121.89607026139871,36.347596238934052],[-121.8961844776955,36.347772317649628],[-121.89648428862495,36.348276763936859],[-121.89660564113836,36.348578954783555],[-121.89688676890653,36.349547504781285],[-121.89698310423756,36.349764240666644],[-121.89723510413266,36.350199240854124],[-121.89739317528334,36.350410940022705],[-121.89762405129447,36.350658604890498],[-121.89772398976817,36.35079899265439],[-121.89777871513527,36.350889412751428],[-121.89781916717085,36.350994108203849],[-121.89783344319733,36.351122600252666],[-121.89782392464856,36.351215398125071],[-121.89779799208296,36.351304822200824],[-121.89774875811716,36.351447053724151],[-121.89772636850704,36.351558042143388],[-121.89772874634761,36.351674633894667],[-121.89776681605102,36.351800745963573],[-121.89780727078154,36.351879267732173],[-121.89787389523288,36.351953030993954],[-121.89795003733468,36.352022035762502],[-121.89814991158708,36.352126733309206],[-121.89828792156081,36.352160044392484],[-121.89852715729403,36.352193199187077],[-121.8993300679017,36.352246163916746],[-121.89958710554889,36.352281397267546],[-121.89968466438538,36.352305192196255],[-121.89991785176178,36.352417025152882],[-121.90002016807601,36.352505065982427],[-121.90032711971365,36.352883399711033],[-121.90042467585516,36.352978578646287],[-121.90053651161649,36.35305472185545],[-121.90095291668328,36.353242698931041],[-121.9011242388827,36.35334025696028],[-121.90125272940936,36.353430676276218],[-121.90139073758648,36.353601997939727],[-121.90148115840971,36.353789975140785],[-121.90160964893636,36.354506194185007],[-121.90164296026373,36.354629925067044],[-121.90173338108697,36.354839318792742],[-121.90187139016237,36.355072505314659],[-121.90200226122452,36.355279518375909],[-121.90205460785278,36.355448460119028],[-121.90208792097678,36.355786342505205],[-121.90216168344141,36.355986218205253],[-121.90263519530912,36.356804752017283],[-121.90270420209262,36.356942760849741],[-121.90273513468109,36.357049836985844],[-121.90274465322986,36.357180707136564],[-121.90272561703067,36.357259229989523],[-121.90267564644635,36.357390100511637],[-121.90262092107925,36.357471001113382],[-121.90255429572957,36.357520970090242],[-121.90245881739131,36.357576211487078],[-121.9023751060849,36.357609240989611],[-121.90131552793592,36.357836059448374],[-121.9010474742484,36.35794000041566],[-121.90080677156634,36.358060349552467],[-121.90056210461893,36.358270241179085],[-121.90037460286294,36.358481579832166],[-121.90028510550781,36.35868024047867],[-121.90019610671767,36.358983241696279],[-121.90018910524833,36.359299241716691],[-121.90020501620866,36.359479402295406],[-121.9002980169934,36.359654457256966],[-121.90047307169282,36.359955334335545],[-121.90054965756237,36.360130390396883],[-121.90057810541077,36.360245241786423],[-121.90061530554502,36.360431269976004],[-121.90061710487052,36.36060424153235],[-121.90055810711591,36.361165241873785],[-121.90041289714519,36.362102509516454],[-121.90031989815708,36.362534679551807],[-121.90004831229386,36.363209247780915],[-121.90004710585644,36.363212241894374],[-121.8994881058147,36.364183242211688],[-121.8993970229331,36.364438962214145],[-121.89936419849262,36.364696076046599],[-121.89939155309135,36.364936779280896],[-121.89944625779718,36.365204833917453],[-121.89956113884729,36.365565888299216],[-121.90009724801897,36.367191722632434],[-121.90022307054925,36.367487130249067],[-121.90051847793715,36.367935712050027],[-121.9006935344332,36.368121709558707],[-121.90093423621695,36.368362411599485],[-121.90162710589728,36.368947242056429],[-121.90178216589509,36.369106399226084],[-121.90183331956065,36.369192227302847],[-121.90188804762268,36.36937068756874],[-121.90190946256075,36.369577700212055],[-121.90189756617144,36.369680017533661],[-121.90186425304746,36.369820404263315],[-121.90176987873863,36.370117184175996],[-121.90170508056225,36.370306542098916],[-121.90166298101644,36.370448153730955],[-121.90168239181313,36.370649430462258],[-121.90169282035525,36.370686170839825],[-121.90170891008032,36.37074285965906],[-121.9017892832471,36.37084619749885],[-121.90193855000966,36.371033736673013],[-121.90209929813986,36.37119831227664],[-121.90224856310579,36.371450917780386],[-121.90231745759986,36.371703521740585],[-121.90236721348681,36.371998227253037],[-121.90245906891957,36.372227867344805],[-121.90257006026449,36.372361823631437],[-121.90267951549029,36.372442726751714],[-121.90276552648379,36.37248941822655],[-121.90289650175052,36.372555203445764],[-121.90358422677924,36.372856037876723],[-121.90429343501795,36.373122943394442],[-121.90448404045324,36.373220655881603],[-121.90465298301545,36.373337248454007],[-121.90474578167925,36.373427668406556],[-121.90483382376364,36.373563297776748],[-121.9048837907547,36.373658475290732],[-121.90492186225472,36.373767930481286],[-121.90495041520605,36.373877386241119],[-121.9049480328739,36.37399635962408],[-121.90492662063077,36.374131988725971],[-121.90489568804232,36.374281893843467],[-121.90479575046695,36.374503184818799],[-121.90475767896687,36.374626917902688],[-121.90473717312391,36.374791248667933],[-121.90473925631704,36.374845035580044],[-121.90478147623709,36.375090911417075],[-121.90480764775457,36.375212263978391],[-121.90481478666614,36.37530506495284],[-121.90481240613062,36.375426415733415],[-121.90479099029426,36.375540630484963],[-121.9047576798652,36.375666741492481],[-121.90466928384463,36.375829648105835],[-121.90445436820112,36.376149522983752],[-121.90425944456422,36.376399424023028],[-121.90414448985226,36.37655436304528],[-121.90408429105013,36.376694668659319],[-121.90404146117402,36.376851713960662],[-121.90402242497483,36.376946891067327],[-121.90402004713428,36.377094417015968],[-121.90403632191226,36.377171359701279],[-121.90407151610847,36.377295565168893],[-121.90402956298807,36.377658350607142],[-121.90396769691277,36.377779702779087],[-121.90357829700004,36.378263900298492],[-121.90307495208174,36.378758136351372],[-121.90293854380415,36.378892071990087],[-121.90275602769798,36.379000560794893],[-121.90237546810597,36.379238412150009],[-121.90202848574263,36.379540622370421],[-121.90196412684243,36.379786867402686],[-121.9018969696901,36.379890402243085],[-121.90143292606545,36.380321533274277],[-121.90133256718025,36.380430909658514],[-121.90112817619858,36.380716729075154],[-121.90070333864622,36.381406458215579],[-121.90058338840296,36.381681349827687],[-121.90046343636307,36.381986230793459],[-121.9003784692119,36.382346087760105],[-121.90024352339164,36.382851390434645],[-121.90020472695113,36.383080966663577],[-121.90018911423151,36.383404749557656],[-121.90018435405882,36.383725977485106],[-121.90018985893485,36.383899334065632],[-121.90019387350588,36.384025788779098],[-121.90020576989519,36.384209007629273],[-121.90023670338199,36.384401744721181],[-121.90047940930712,36.385360666629722],[-121.90058172472303,36.385893667025471],[-121.90090295238718,36.387238060785457],[-121.90094578136498,36.387456971842148],[-121.90096481846248,36.387618774798902],[-121.90101002797577,36.387742507265415],[-121.90112490094106,36.388105340872677],[-121.90128910848341,36.388831243817179],[-121.90143013230492,36.389412433363184],[-121.9014841920204,36.389635225924302],[-121.90175436752865,36.390748651264623],[-121.90269511922678,36.394739208323145],[-121.90329611011816,36.39713624339327],[-121.90350210998248,36.397696244920176],[-121.90388111009915,36.398423244130484],[-121.90453504679509,36.399254249566496],[-121.90463007597573,36.399358287037366],[-121.90598443538687,36.400634903517869],[-121.90715811125504,36.401669245072775],[-121.90749911083857,36.401930245039637],[-121.90893811310904,36.402831244200193],[-121.90915559523933,36.402983743139913],[-121.90935955952122,36.403140000757183],[-121.90954277810995,36.403325598114215],[-121.90969506321186,36.40351357591873],[-121.90983146160796,36.403756229010924],[-121.90986808143053,36.403838982194358],[-121.9099813203603,36.404094868975044],[-121.91065111232096,36.405672245258515],[-121.91120111214187,36.40663524415482],[-121.91203711219306,36.407593246183957],[-121.91380332490745,36.409215059931014],[-121.91426311321258,36.409637245116222],[-121.91439449990774,36.409778696922821],[-121.91447540397884,36.409890531123935],[-121.91456106193445,36.410019022776019],[-121.9146157899965,36.410154651216899],[-121.91466575788587,36.410304559180375],[-121.91468955425775,36.410456843194865],[-121.91468717551886,36.4105829539591],[-121.91467765607182,36.410697168396034],[-121.91465624203205,36.410797105890609],[-121.91462292890807,36.410913699953724],[-121.91454916734175,36.411085021539684],[-121.91442543339453,36.411315827975059],[-121.91418913694893,36.411652608121322],[-121.91410720700178,36.4117817265385],[-121.91402806452693,36.411932109223777],[-121.91399237176573,36.412058220484866],[-121.91395192152682,36.412260474634955],[-121.91394478171692,36.412379447120784],[-121.91395662959721,36.412556799061129],[-121.91437511336558,36.41492524649442],[-121.91441446047335,36.415287146442388],[-121.91438780296728,36.41565366983604],[-121.91432116324458,36.415926895503425],[-121.91423453061687,36.416180129918502],[-121.91410875929057,36.416469446827151],[-121.91399009094323,36.416763045795712],[-121.91394928856472,36.41684636849849],[-121.91366654832059,36.41742375652457],[-121.91364513338254,36.417690256037773],[-121.91347790211093,36.418152762206724],[-121.91347683940396,36.418155699988858],[-121.91280011334761,36.420027247016641],[-121.91257311356689,36.420822245877908],[-121.91240211386267,36.421671245557555],[-121.91236859771942,36.421875892591373],[-121.91232111367182,36.422730246369511],[-121.9123248452735,36.422923636071296],[-121.91233311426569,36.423352246443876],[-121.91244111422073,36.42437424623369],[-121.91265511448097,36.425372246773087],[-121.91283508116835,36.426005602656367],[-121.91296169960596,36.426292156544918],[-121.91322711494152,36.42693324536534],[-121.91363611609373,36.427707246570179],[-121.91411411504629,36.428448247883985],[-121.91503511548628,36.429607245912123],[-121.91709411520293,36.431785247219977],[-121.91743411585988,36.432220246193722],[-121.91771861141203,36.432635801624102],[-121.91801604360259,36.433118832047072],[-121.91825636899225,36.433566170047051],[-121.91845148397027,36.434023026737208],[-121.91871798447066,36.434801110752261],[-121.91886947995347,36.43530281506866],[-121.9189183015925,36.435583232015489],[-121.91902394167329,36.435833108915638],[-121.91917925858928,36.436094971920618],[-121.91997109027459,36.437547225836191],[-121.92054529250588,36.438542169884677],[-121.9206248706636,36.438676188226943],[-121.92239307045145,36.441764765429795],[-121.9251472907395,36.446583012507269],[-121.92598741854943,36.448035569462554],[-121.92624660047517,36.448518703473127],[-121.92636319551085,36.448766168611122],[-121.92643933851097,36.448956525038703],[-121.9265107222367,36.449168296421931],[-121.92655355211282,36.449337238660242],[-121.92659638288725,36.449584701909721],[-121.92661303855093,36.44997731267101],[-121.92659162361286,36.45017004992247],[-121.92655355301113,36.450393718874182],[-121.92650596206403,36.450591214708687],[-121.92643933940928,36.450779191551597],[-121.92634416020998,36.451019517679136],[-121.92622756607261,36.451257463635116],[-121.92611573210797,36.45145258001719],[-121.92598991945916,36.451642862653792],[-121.92500611869596,36.45264524822899],[-121.92459812006361,36.453154248408261],[-121.92424911918584,36.453791247552275],[-121.92406908692141,36.454295925184887],[-121.92402418732689,36.454460218262597],[-121.9239718371054,36.454729097119667],[-121.92393614524251,36.455009874495126],[-121.92391235066727,36.455302547369598],[-121.92392900543265,36.455823649807314],[-121.92397641492006,36.456452298507578],[-121.92414511942876,36.458228249379211],[-121.92435511859273,36.459169248123914],[-121.92469611997291,36.460170248953936],[-121.9250561189247,36.460974249140214],[-121.92548811964315,36.461734248862136],[-121.92672490126171,36.463528260844221],[-121.9284653484971,36.465968904326708],[-121.92911385397883,36.466835795896571],[-121.92932562731545,36.46710229624896],[-121.92953264047945,36.467309309341374],[-121.92980865683364,36.467544876237994],[-121.93000853198436,36.467697161388891],[-121.93050821896281,36.468006491509392],[-121.93146952141973,36.468560904875588],[-121.93171698661925,36.468710813473571],[-121.93189782287584,36.468827405076816],[-121.93207390434961,36.468948757885279],[-121.93228329715076,36.469103422047489],[-121.93245223881466,36.469241430886669],[-121.93293288959396,36.469686391250328],[-121.93422969484318,36.47095702233166],[-121.93445336636577,36.47120686620449],[-121.9345913754412,36.471387705049189],[-121.93473176325547,36.471582821350225],[-121.93495543208313,36.471949257337364],[-121.93517910360572,36.472410873108842],[-121.9352433493182,36.472572677518095],[-121.93530521359688,36.472753515343342],[-121.9353504240085,36.472912940274831],[-121.93541942809703,36.473215131381501],[-121.93632600339022,36.478214378498635],[-121.93638786946552,36.478452325517864],[-121.93648780524423,36.478730721468885],[-121.93659250119565,36.478959150428409],[-121.93674716862968,36.479232788866163],[-121.93686852024479,36.479468354919227],[-121.93698035690439,36.47970154170207],[-121.93705173973181,36.479872863866525],[-121.93711621541303,36.480079691891],[-121.93714902098888,36.480266000964512],[-121.93715522026267,36.480301221792978],[-121.93717785062131,36.480474869156502],[-121.93715853953762,36.480695761585125],[-121.93715853953762,36.481002711876627],[-121.93717264308761,36.481409686658111],[-121.93714929677168,36.482100039925356],[-121.93713501984685,36.482349883268377],[-121.93713740038237,36.482754390896105],[-121.93718397982649,36.483032543151772],[-121.93719092739687,36.483074027011639],[-121.93722068139574,36.483251699167184],[-121.93727302892229,36.483418260935672],[-121.93742769366139,36.483768041795223],[-121.93764422717072,36.484208242099577],[-121.9377169718441,36.484393015827685],[-121.93779175209995,36.484624647930971],[-121.93782744306451,36.484786451396339],[-121.9378655163612,36.485293276044395],[-121.93782982270167,36.485919075581016],[-121.93779413263545,36.486402105004743],[-121.93776081951145,36.486956519672439],[-121.93773464440071,36.487496657595422],[-121.93772512585195,36.487829781299787],[-121.93774891593563,36.488053670229505],[-121.93775309400002,36.488092992661464],[-121.93776557968414,36.488210495445905],[-121.93788931093644,36.488705422194137],[-121.93818912276419,36.48974762735066],[-121.93821529787493,36.489866599492032],[-121.9382367119147,36.490006989315994],[-121.93825098883948,36.490135478328284],[-121.93827002414037,36.490492399639095],[-121.93828339017348,36.490822121886524],[-121.93828510326074,36.490864364942922],[-121.93829857709169,36.491196719466714],[-121.93830095583054,36.491337107602043],[-121.93829618757302,36.491379482539706],[-121.93827954179078,36.491527464956349],[-121.93825713870592,36.491651429785236],[-121.93824384992794,36.491724960009314],[-121.93817484583938,36.491962904534809],[-121.93804159514004,36.492188956031768],[-121.9378940702108,36.492410244763498],[-121.9378322041355,36.492512562079803],[-121.93777271679907,36.492641052713246],[-121.93771798963532,36.492836168942347],[-121.93767753939639,36.49300749094958],[-121.93768182975019,36.493202232888365],[-121.93770371271052,36.493373926007891],[-121.93775368149821,36.49365708308995],[-121.93776557878583,36.493849818639688],[-121.93768705704684,36.494290018706614],[-121.93685186547943,36.496364909248044],[-121.93670671839077,36.496705172238244],[-121.93663680161387,36.496848186222884],[-121.93663150874021,36.496859013361579],[-121.93660202333766,36.496919325544084],[-121.93650922377554,36.497076368229273],[-121.93645065900893,36.497156229389574],[-121.93639273653771,36.497235217397026],[-121.93622989892617,36.497445535392046],[-121.93616794930755,36.497514917197648],[-121.93600622021702,36.497677347273189],[-121.93589732733662,36.497794726475057],[-121.93579007208494,36.497918683438996],[-121.93571012651624,36.498038250344685],[-121.93567312490968,36.498180251602143],[-121.93566112521412,36.498401251693558],[-121.93568512370695,36.49854825015025],[-121.93573712628042,36.498675251849221],[-121.93580412532924,36.498773251226758],[-121.93590112541362,36.498896250527906],[-121.9360261250871,36.499014250354833],[-121.93619881721732,36.499148909423795],[-121.93685812583864,36.499604251847046],[-121.93694612570219,36.499676250847486],[-121.93703161567284,36.499771875352955],[-121.93718037039568,36.500005704363495],[-121.93722575687707,36.500076206765918],[-121.93731382052103,36.50021300072617],[-121.93741034719325,36.500376964687909],[-121.93744129145982,36.500429529469933],[-121.93751412596477,36.500553250418221],[-121.93778586094831,36.500966716779033],[-121.93795593718443,36.501199975328355],[-121.93806063223754,36.50136415744182],[-121.93812963722439,36.501511683907729],[-121.9381605707112,36.501649692795155],[-121.93816295034837,36.501778184876976],[-121.93813439739709,36.501899536629125],[-121.93807491006065,36.502039922693527],[-121.93781078919746,36.502506299035815],[-121.93773226925508,36.502672862004864],[-121.93769419595841,36.502765658711255],[-121.93767040138314,36.502903669696003],[-121.93767040138314,36.503036918982765],[-121.93770133397166,36.503141614535302],[-121.93780058792906,36.503363934880284],[-121.93784600225827,36.503516399479601],[-121.9378607570868,36.50369840778616],[-121.93784410232144,36.503831658593434],[-121.93781078919746,36.503953012181618],[-121.93776147258666,36.504068006952465],[-121.93745312586539,36.504416251134195],[-121.93711360850207,36.504776304687873],[-121.93674955006351,36.505107050669089],[-121.9364901902713,36.505361651876107],[-121.93635693957195,36.505504418811626],[-121.93627127802311,36.505635292362903],[-121.93624293527758,36.505684710431012],[-121.93622028246102,36.50572420803752],[-121.93617847935931,36.505797093816639],[-121.93611423454512,36.505973174415658],[-121.93606799735915,36.506200831310856],[-121.93595696469171,36.507014240300222],[-121.93594112469827,36.507288252577062],[-121.93596012676149,36.507567252502248],[-121.93599712657141,36.50774225250629],[-121.93610709563355,36.507931470585369],[-121.93620941374441,36.508069480303661],[-121.93635218029758,36.508200350240521],[-121.93648067172256,36.508300286346554],[-121.93700891165233,36.508638170486023],[-121.93730612645061,36.508891252472743],[-121.93757512606413,36.509185252596879],[-121.93781079099406,36.509537606646994],[-121.9379012100207,36.50971368668008],[-121.93798687156954,36.509908802490472],[-121.93803208198116,36.510049190637787],[-121.93810346480858,36.510396592030645],[-121.93811060282182,36.51055363626115],[-121.93811773993677,36.51079634238895],[-121.93810346480858,36.510998595470099],[-121.93808386626404,36.511489459679979],[-121.93805111548541,36.511962278587717],[-121.93798449103404,36.512735602357672],[-121.93789883128181,36.513235289863673],[-121.93783934394538,36.513539860758542],[-121.93774654438327,36.513877744407345],[-121.93773434256677,36.513912926848228],[-121.93756332669287,36.514405984007389],[-121.93744435471497,36.514701037490113],[-121.93724209902874,36.515096028009296],[-121.9369993949002,36.515583818068308],[-121.9368352125107,36.515850318243245],[-121.93675650032885,36.51600610168164],[-121.93673590914592,36.516046853854299],[-121.93672099711222,36.516076367868763],[-121.93658060929793,36.516276241272365],[-121.93628793638173,36.516654576041937],[-121.9356787923808,36.517335101229669],[-121.93548843757549,36.517534976435776],[-121.93505968426678,36.51792068337798],[-121.93489595103489,36.518067975423946],[-121.93456282698146,36.518339233330359],[-121.93384660829025,36.518841300269926],[-121.93353252133433,36.519041173751297],[-121.93299476105916,36.519345746342097],[-121.93127678607888,36.520180931337791],[-121.92880312762037,36.521418253732278],[-121.928290012625,36.521706731992644],[-121.92797258663117,36.521906564142185],[-121.92738193265376,36.522308944157636],[-121.92713302565821,36.522493311503737],[-121.92688236335459,36.522678982893432],[-121.92677947840677,36.522761770232101]]},"properties":{"County":"MON","Route":1,"bPM":33.835000000000001,"ePM":71.168999999999997}},{"type":"Feature","geometry":{"type":"LineString","coordinates":[[-121.58680258639706,36.046824469472668],[-121.58698807233357,36.046978323630078],[-121.58784727227528,36.047788890178424],[-121.58827417235953,36.048210385145843],[-121.58903069935583,36.048691321450178],[-121.5895332528584,36.049047971174843],[-121.5896340393417,36.049133487149724],[-121.58974093347059,36.049246489066562],[-121.58982071105436,36.049380944184449],[-121.58983866298699,36.04952746938072],[-121.58982971127519,36.049681943594734],[-121.58978368878654,36.049838990760954],[-121.58971955446516,36.049958101230658],[-121.58960890627667,36.050112515770131],[-121.58947158081916,36.050221057592076],[-121.58932590641946,36.050319516204155],[-121.58846330635441,36.050750162604466],[-121.58804180963659,36.050966313972403],[-121.58776081481906,36.0511392336226],[-121.58762032280022,36.051270561779219],[-121.58751037529764,36.051432430441189],[-121.58744198924998,36.051593150527076],[-121.58742037578426,36.051793092034927],[-121.58742037398763,36.052138933133051],[-121.58767336921603,36.054473644343034],[-121.58773919865837,36.054619268952074],[-121.58782025544312,36.054743554690496],[-121.58790853647933,36.054837085872101],[-121.58798102782782,36.054893234884865],[-121.58811621709155,36.054986736838771],[-121.58923402763051,36.055600235214172],[-121.58942517744488,36.055737850235246],[-121.58959269617738,36.055883752832607],[-121.58984602737569,36.056198236057007],[-121.58992426255212,36.056309786258787],[-121.59004948231281,36.0565785486747],[-121.59014928514087,36.056834818322329],[-121.59039874370201,36.057809555056529],[-121.59098687161686,36.060239198657847],[-121.59117060044866,36.061038958020539],[-121.59119221481271,36.061152436652499],[-121.59120748437589,36.061271548155617],[-121.59125705970148,36.061498279467642],[-121.59126927768766,36.061614336116989],[-121.59125400542952,36.061779259614234],[-121.59117600381508,36.063081586843346],[-121.59116989437285,36.0632709428493],[-121.59117294954312,36.063537872609672],[-121.5912065447381,36.063653930607536],[-121.59153805721395,36.064297437485727],[-121.5917915492107,36.064810530556869],[-121.59190455188356,36.06513121357019],[-121.59197576313277,36.065448442439255],[-121.59205681991749,36.0656808045999],[-121.59215683025636,36.065886614599037],[-121.59228205001708,36.065984347801006],[-121.59237672705814,36.066045429538264],[-121.59478572927409,36.067069575965142],[-121.59527747245052,36.067312746888575],[-121.5961312699241,36.067874737986706],[-121.5965529597797,36.068158249864155]]},"properties":{"County":"MON","Route":1,"bPM":26.128,"ePM":27.939}},{"type":"Feature","geometry":{"type":"LineString","coordinates":[[-121.34525237081142,35.795179602756512],[-121.34543790256198,35.795578042089886],[-121.34584990318893,35.796184043390895],[-121.34604108354606,35.796383462982106],[-121.34650460165624,35.796717762344265],[-121.34665114113358,35.79690023728093],[-121.34675580923722,35.797098062316422],[-121.34679418885943,35.797328335029817],[-121.34669425847059,35.79756727247473],[-121.34614698234162,35.79830490553362],[-121.34608069116523,35.798480051431127],[-121.3460562686676,35.798661480417607],[-121.34606313718626,35.798813925211348],[-121.34610860271943,35.799002703554223],[-121.34617813681399,35.799225926660931],[-121.34629142694773,35.799304165674798],[-121.34638563057663,35.799311143451845],[-121.3464798324089,35.799279741628759],[-121.34656007891324,35.799192517515515],[-121.34661939377312,35.799070402138938],[-121.34669963937912,35.798927353145999],[-121.34677040147069,35.798852181173658],[-121.34692744584699,35.798747483976037],[-121.34731870886563,35.798599390277232],[-121.3474513316426,35.798582261527031],[-121.34758732939008,35.798585532959052],[-121.34774090716768,35.798634181833009],[-121.34782810124241,35.798738951311577],[-121.34779832927728,35.799052055271531],[-121.34771266952505,35.799789688388188],[-121.34770315007799,35.800189439378265],[-121.34776501794992,35.800408349556818],[-121.34787447137907,35.800627259132092],[-121.34818410628446,35.800960688196355],[-121.34843169634982,35.80115472616037],[-121.34863589868525,35.801345856621573],[-121.34879770323424,35.801740846557401],[-121.34894998743783,35.802016865281765],[-121.34913082728767,35.802292882318469],[-121.34915873974019,35.802435930351187],[-121.34915176072874,35.802565022417056],[-121.34900709513708,35.802792568292666],[-121.34897854128744,35.802940096823214],[-121.34901435711782,35.803043664322466],[-121.34909809357704,35.803130890764322],[-121.34924980196054,35.803211353145038],[-121.3494020861641,35.803339845802689],[-121.34948298843861,35.803482612183309],[-121.34951629976598,35.803606344733204],[-121.34949250429243,35.80378242533736],[-121.34949726536342,35.80392519237963],[-121.34959530210365,35.804082181261109],[-121.34987967279,35.804180934452425],[-121.35006357589495,35.804134584646036],[-121.3502920066919,35.803996574711697],[-121.35048236059896,35.803863326377112],[-121.35072506652408,35.803744352431345],[-121.35092594419466,35.80363265077073],[-121.35112481502887,35.803534960593318],[-121.35130196639618,35.803527226214811],[-121.3514720022081,35.803560036119407],[-121.35164353820656,35.803672970601134],[-121.35218605595946,35.804391566766519],[-121.35232882430924,35.804639030298894],[-121.35233834106138,35.804962636302108],[-121.35237165328704,35.805114922566673],[-121.35243794356514,35.805209125450055],[-121.35258448214417,35.805383574210552],[-121.35285230496464,35.805657440557631],[-121.35313396723039,35.805854227476814],[-121.35336450098347,35.805953907348879],[-121.35365596656391,35.805981227459782],[-121.35442750800189,35.805957251330952],[-121.35509851628144,35.805909662591468],[-121.35553157791024,35.805971528457171],[-121.35601223048619,35.806080984397198],[-121.35638170846084,35.806218994352427],[-121.35657011482031,35.806424845005672],[-121.35669130024711,35.806643231672169],[-121.35678793471716,35.806780545633927],[-121.35693070396528,35.80686620746507],[-121.35716873415937,35.806934906173183],[-121.35743039004544,35.807032768472396],[-121.35787296842635,35.807280231061021],[-121.35832506625434,35.807556249478075],[-121.35843390972744,35.807615706298819],[-121.35860785500746,35.807671282245572],[-121.3591430461009,35.807825317591039],[-121.35927619708727,35.807873753178612],[-121.35939106466265,35.807970276033565],[-121.35959995440726,35.80816585007102],[-121.35968611901265,35.80822725740007],[-121.35988596541728,35.808333563048386],[-121.36014507098626,35.808423267184452],[-121.36027332795095,35.808448457000893],[-121.3603710188398,35.808483348420395],[-121.36048615501146,35.808539172182833],[-121.36059780392316,35.808622907388582],[-121.36072356446967,35.808769774530091],[-121.36080446494753,35.808912542078367],[-121.36085205499631,35.809126693648111],[-121.36082065438558,35.809255786495868],[-121.36067597352255,35.809326568119765],[-121.36055700064631,35.809369399130809],[-121.36040471734105,35.809412230118753],[-121.36020008201763,35.809483613347531],[-121.35998593173873,35.809607345290942],[-121.35974798329133,35.80982625574056],[-121.35949100313631,35.810159380288532],[-121.35935775333527,35.810321183864716],[-121.35918167365813,35.810516299717641],[-121.35904520429511,35.810683852562242],[-121.35897703923304,35.810844665778262],[-121.3589342093569,35.811044539568471],[-121.35891993153379,35.811277726599599],[-121.35864391428126,35.8116869949665],[-121.35861060115728,35.811943976690209],[-121.35887234417993,35.813376411846619],[-121.35891993153379,35.814152116097766],[-121.35890089623291,35.814570900786542],[-121.35886282563119,35.814832641643363],[-121.35876288625919,35.815032517050781],[-121.35857768059705,35.815304671045254],[-121.35856996856035,35.815462226748451],[-121.3586579271014,35.815615189275753],[-121.35872096907141,35.815656227099673],[-121.35887069487305,35.815714577172614],[-121.35900083380825,35.815698766231655],[-121.35911028813574,35.815665454342479],[-121.35921022750773,35.815608346965398],[-121.35957666378685,35.815089624841981],[-121.35999544938916,35.814575659069931],[-121.3603142965178,35.814318678578594],[-121.36046658251801,35.814204464031477],[-121.36072832284573,35.814066454841004],[-121.36092819979307,35.813942724017728],[-121.36103765322223,35.813823750601664],[-121.36116138447453,35.813657187811039],[-121.36129463607219,35.81333358153983],[-121.36148974925359,35.812971902553336],[-121.36166194551377,35.812551858637896],[-121.36170866150181,35.812224752620374],[-121.36175149137792,35.812067707714128],[-121.36191664304965,35.811787768255535],[-121.36202976699508,35.811694267420201],[-121.36217979463066,35.811596574774164],[-121.36237021052143,35.811550518504035],[-121.36265896857964,35.811532227698585],[-121.36299696868844,35.811564227135008],[-121.36344482018008,35.811623787313778],[-121.36387396515423,35.811668096636865],[-121.36411667646927,35.811686994238009],[-121.36459256887251,35.811601333235799],[-121.36497804135082,35.811506154478927],[-121.36518582526926,35.811479692239303],[-121.36541958666915,35.811483180957389],[-121.36561204263391,35.811524022040352],[-121.36595512720724,35.811712896204682],[-121.36618133467388,35.81188821432827],[-121.3662556379243,35.812008960124452],[-121.36638570679089,35.813126936549395],[-121.36656915175507,35.813491274463821],[-121.36680070868924,35.813671464281519],[-121.36707587793211,35.813830488166936],[-121.36744296908307,35.813940225389139],[-121.36782001177076,35.814002231420098],[-121.36803643029577,35.814018776260603],[-121.36844454211587,35.814040610462094],[-121.36876552813317,35.814068521487641],[-121.36900277948793,35.814096432503376],[-121.36926646287159,35.81415728307293],[-121.36962876600208,35.814310089310034],[-121.36971085764601,35.814381473235223],[-121.36982150134291,35.814592055914147],[-121.36985362509748,35.814709837881786],[-121.36990294799648,35.815156254917234],[-121.37003208441182,35.816155361338232],[-121.37008205319951,35.816412343169432],[-121.37018555978149,35.816651478161425],[-121.37028549735686,35.816797816177669],[-121.37041259729143,35.81695950715968],[-121.37058405244152,35.817112165230689],[-121.37073630879732,35.817220390060861],[-121.37089680180598,35.81732157153359],[-121.37107889480566,35.817412071161428],[-121.37127200384568,35.817468245578119],[-121.37143251392231,35.817496104408612],[-121.37158254065962,35.817513549589449],[-121.37335475950998,35.817607396132153],[-121.37352506032492,35.817680164021333],[-121.37382822556364,35.817805719559146],[-121.3739067464043,35.817905656132922],[-121.37395671609031,35.818091253958336],[-121.37397099032017,35.81825543642848],[-121.37390065133512,35.818563499266787],[-121.37381499158288,35.818877588567645],[-121.37381499158288,35.819070325512442],[-121.37395173133878,35.819243699277614],[-121.37440606327688,35.81964068709803],[-121.37447744610432,35.819747763421041],[-121.37453455470188,35.819883392494432],[-121.37454883072836,35.820011883671789],[-121.3745131388655,35.820126096420324],[-121.37430902187,35.820571405694125],[-121.37418992592458,35.820800776337094],[-121.37411491480174,35.821068299800721],[-121.37408661876863,35.821214355798453],[-121.37417228031747,35.821438025626335],[-121.37421730387949,35.821508016281065],[-121.37432397163296,35.821617227917955],[-121.3744832923402,35.821729804574218],[-121.37462100676818,35.821779100651199],[-121.37482866043095,35.821836883906428],[-121.37511828177011,35.82186466690802],[-121.37553376426713,35.821840307342633],[-121.37572565878486,35.821812395407292],[-121.37584777306964,35.821756572235664],[-121.37598035632074,35.821672836311947],[-121.37606770760064,35.821597493571694],[-121.37639733900426,35.821181403137906],[-121.37653252736969,35.821101112655874],[-121.37671015394577,35.82104190411858],[-121.37687120390991,35.821030062551515],[-121.37701300297751,35.821037973682898],[-121.37713623386817,35.821076293237269],[-121.3772738207354,35.821144533144427],[-121.37738082715373,35.821230036714816],[-121.37746188393845,35.821327303050893],[-121.37752898719187,35.821453618362845],[-121.3775501308387,35.821590572382114],[-121.37761859324314,35.822283774379542],[-121.37761859324314,35.822408060344415],[-121.37766990860541,35.822530425365144],[-121.37773209987085,35.822623159562646],[-121.37791699202097,35.822785331794691],[-121.37810213839425,35.822874508280819],[-121.37823231146547,35.822926067454119],[-121.37833511017502,35.822961103286666],[-121.37857186026982,35.822981084214852],[-121.37920736982431,35.822949505284974],[-121.37936597277759,35.822948226248833],[-121.37962339580206,35.823018686105399],[-121.37984583932764,35.823087414542009],[-121.37998003146144,35.823150617438884],[-121.38014187194301,35.823253247380286],[-121.38026818136017,35.823355876460653],[-121.38040633596266,35.823478241477034],[-121.38080141951617,35.824061617232879],[-121.38093310984189,35.824233943628222],[-121.38105152755928,35.824399727455621],[-121.38118968216176,35.824541829580497],[-121.38139493911935,35.824707614221516],[-121.38234149483256,35.825444984291501],[-121.38254684251997,35.8255800792139],[-121.38276779574051,35.825669560654504],[-121.38284674058602,35.8256814022578],[-121.38301555648577,35.825684208611158],[-121.38361138565753,35.8256557320952],[-121.38390998296303,35.825688003342705],[-121.38420297388282,35.825741227164372],[-121.38480562036928,35.825877286651092],[-121.38511485372774,35.825964685395945],[-121.38533136747415,35.82605106508003],[-121.38560588274352,35.82619958611641],[-121.38573398879122,35.826303689936978],[-121.38583266962351,35.82639447721963],[-121.38589888264646,35.826488587122157],[-121.3859787177224,35.826587891484749],[-121.38647538905646,35.827541650456027],[-121.386702348413,35.827855070580206],[-121.38722111111656,35.828363025407718],[-121.38757776025065,35.828627810360317],[-121.38848559588014,35.82914657366333],[-121.38873114048158,35.829325065188506],[-121.38884166470257,35.829439536200006],[-121.3891434034166,35.829822073465117],[-121.38922795285113,35.829985721122291],[-121.3893393924554,35.83033000113614],[-121.3894528739303,35.830573171283689],[-121.3896906391214,35.830919012424758],[-121.38982526064987,35.831029246763968],[-121.39002063883426,35.831138013414851],[-121.39022525080148,35.831176592467727],[-121.39052388403958,35.83129056046355],[-121.39073188535036,35.831416560586881],[-121.39168967629281,35.832165484644165],[-121.39180414771116,35.832240481608473],[-121.39188309345495,35.832323372485938],[-121.39193974930163,35.832498243804807],[-121.39199501006463,35.832735079190343],[-121.39190078577447,35.833253445673698],[-121.3918968367805,35.83336791538796],[-121.39192051996463,35.833490280261678],[-121.39198762321803,35.833612645674947],[-121.39208080276754,35.833692698461036],[-121.39219288287057,35.833754746597535],[-121.39246277720611,35.83387488088065],[-121.39269967103135,35.833949697800804],[-121.39282595349908,35.834016891755283],[-121.39290884733852,35.834076099352636],[-121.39301226498731,35.834174780282723],[-121.39308726263545,35.834293198839013],[-121.39312673460903,35.83441161649025],[-121.39313462990204,35.834553717438496],[-121.3930969761186,35.834697723293516],[-121.39293831118154,35.834912407589911],[-121.39255464252034,35.835177190351843],[-121.39239793141901,35.835306882443732],[-121.39211410960331,35.83559730244189],[-121.39203669818203,35.835689768663762],[-121.39196754048155,35.835783570411643],[-121.39191200393573,35.835958726865407],[-121.39196500274086,35.836104728515096],[-121.39202303390822,35.836183339746938],[-121.39209013805997,35.836230707884987],[-121.39215000268879,35.836265727648431],[-121.39231877996102,35.836345418726694],[-121.39247311681501,35.836371173550553],[-121.39284723009658,35.836352258521252],[-121.39303670006136,35.836316733385111],[-121.39323011542683,35.836241735904125],[-121.39384074164798,35.835928316861086],[-121.39405862532519,35.835833730945865],[-121.39422441120752,35.835782414658752],[-121.39442975440336,35.835749991667925],[-121.39463108482482,35.835742672624328],[-121.39495538203231,35.835794315198818],[-121.3951211670163,35.835853523654563],[-121.39530668708876,35.835932468679083],[-121.39591579515705,35.836457886372486],[-121.39617368350882,35.836641096564612],[-121.39635131188153,35.836743724353603],[-121.39645877464403,35.836792708879727],[-121.39690651294794,35.836957758610737],[-121.3972277783413,35.837046479308164],[-121.3973373099239,35.837085272506961],[-121.39743154948542,35.837133781274744],[-121.39756089790318,35.837227690552773],[-121.39760989201879,35.837252578473688],[-121.39770444509233,35.83731168461459],[-121.3980827094888,35.83763591045723],[-121.3981745739047,35.837733178534229],[-121.39840153236291,35.838008771378327],[-121.39934719425237,35.839105738436686],[-121.39957415271061,35.839397542729259],[-121.39976868827527,35.839559656651382],[-121.39994631664798,35.839685968432271],[-121.40003710308554,35.839725442688653],[-121.40012394232573,35.839757019312316],[-121.40026999222125,35.839792544364393],[-121.4004009315554,35.83982984554266],[-121.40055092954658,35.839849580452828],[-121.40070487024356,35.839885106919873],[-121.40083907585208,35.839940367530339],[-121.40092591688889,35.839999576532932],[-121.40101670332646,35.840106152771909],[-121.40106801779042,35.840216676559315],[-121.40107640356359,35.840494509517384],[-121.40093701737086,35.840965965402582],[-121.40088727136536,35.841267250731697],[-121.40090348236299,35.841434767798333],[-121.40094235156702,35.841586496932315],[-121.40099427149549,35.84171660163544],[-121.40106532014964,35.84185080957171],[-121.40115746034832,35.841980549738366],[-121.4012730447793,35.842098953730662],[-121.4013790154401,35.842207507863151],[-121.40160941175093,35.842373805390011],[-121.40186531662253,35.842501968874231],[-121.40200110416424,35.842558813682373],[-121.4034771978728,35.843290479959613],[-121.40363114216305,35.843401002951062],[-121.40381666313385,35.843554945666583],[-121.40398639441689,35.843704942021887],[-121.40414034858857,35.843828642470484],[-121.40424692471389,35.843891798992189],[-121.40459771862896,35.844036980666793],[-121.4048978637317,35.844139160519703],[-121.40501620599061,35.844190700779535],[-121.40517409478326,35.844285434018481],[-121.40540303582331,35.844494639736922],[-121.40551355914596,35.84465252852879],[-121.40558460959673,35.844778840938034],[-121.40561618897222,35.84494462698958],[-121.40560829457755,35.845177513455866],[-121.40550750360264,35.845730772720437],[-121.40553513398416,35.845868924915642],[-121.40558464642768,35.846014065106331],[-121.40567723578401,35.846137339616263],[-121.40576802222158,35.846204443149439],[-121.40589038803463,35.846232074899078],[-121.40649981410651,35.846266277613516],[-121.40663647930228,35.846310839932393],[-121.40678820026217,35.846406244919919],[-121.40689477728583,35.846485189636873],[-121.40697372033466,35.84658781779703],[-121.40703687728903,35.846678604443781],[-121.40708508627705,35.846763543846755],[-121.4071050010286,35.846860797818671],[-121.40715565702746,35.847924706001713],[-121.40721552435124,35.848262466972294],[-121.4072614767713,35.848489056882961],[-121.40739986852903,35.848965477047933],[-121.40742163201342,35.849052532891527],[-121.40755596158941,35.849298601167845],[-121.40783007531185,35.849641242075876],[-121.40814987555301,35.849934393245938],[-121.40830270952554,35.850095820848246],[-121.40850007298673,35.850230029168337],[-121.40911182569521,35.850545538950392],[-121.40930129476169,35.850675799338475],[-121.4094433956632,35.850825795332327],[-121.40954602369285,35.851070524914014],[-121.40988456728242,35.852366614340355],[-121.41001425705997,35.85271785914076],[-121.41009702064373,35.852853127513839],[-121.4101601775981,35.85296759588531],[-121.41029438500321,35.853117591912451],[-121.41046817487471,35.853247429416363],[-121.41066811650076,35.853387926836199],[-121.41089507316235,35.853517618277429],[-121.41129698840363,35.853737311918898],[-121.41138382764382,35.853800467102438],[-121.41147066688401,35.853891254956991],[-121.41153382473669,35.853989935991777],[-121.41159756379938,35.854187687223067],[-121.41170498523935,35.854808527401772],[-121.41177209478097,35.855003165478827],[-121.41187471742073,35.855219042026718],[-121.4121180180306,35.855556996903942],[-121.41221275166549,35.855667519545932],[-121.41236146147259,35.855818847217755],[-121.41260266900784,35.856035780168291],[-121.41284036592695,35.856231978409348],[-121.41444198033187,35.857401228312099],[-121.41489646498356,35.857702987057237],[-121.41509381137674,35.857808219532465],[-121.41592058932319,35.858170272260551],[-121.41632046988035,35.858343192926306],[-121.41660592303663,35.858452617418031],[-121.41664469612091,35.858467479922425],[-121.41752551132497,35.858662016553687],[-121.41801185382992,35.858759284326261],[-121.41861471770865,35.858912975172217],[-121.41989236818104,35.859099722046508],[-121.42068131986754,35.859202394308106],[-121.42134192565612,35.859351814303537],[-121.42185393841861,35.859499601012487],[-121.42297792577348,35.859710350086388],[-121.42359395715764,35.859813020829087],[-121.42425685904013,35.859948706640679],[-121.42475731946804,35.860141581891966],[-121.42504640810624,35.860267291566622],[-121.42627735157377,35.861029703014303],[-121.42784936020186,35.861874200515842],[-121.42815474787258,35.862050186808681],[-121.42837225335907,35.862203505807862],[-121.42850313969259,35.862317258140251],[-121.42867934333727,35.862506941096434],[-121.42887345130384,35.86276348306528],[-121.4291058131285,35.863130941943268],[-121.42928413679724,35.863363303973983],[-121.42953835642938,35.86357781895007],[-121.42974673862582,35.863727708997537],[-121.4308289848627,35.864324226950281],[-121.43136999793749,35.86463319199926],[-121.43246156060216,35.865308664783598],[-121.43428263612591,35.866162461821425],[-121.43467170815357,35.866324574899572],[-121.43483940924406,35.866390174081403],[-121.43499053012937,35.86642184273289],[-121.43520298977889,35.866477240639185],[-121.43541202415224,35.866551533962252],[-121.43554711909289,35.866637993935932],[-121.4356660039342,35.86674606968036],[-121.43575246318706,35.866908183020662],[-121.43581730897417,35.867043277945541],[-121.43597401917715,35.867475580011956],[-121.43608749885541,35.86765390448241],[-121.43616061543133,35.867748955473942],[-121.4378663481709,35.869529516757268],[-121.43890460750158,35.87053487290639],[-121.43911298879972,35.870695728619161],[-121.43928115701416,35.870801748947351],[-121.43970803014898,35.870988034685865],[-121.43993498950552,35.871052881686104],[-121.44040511831791,35.871166360715108],[-121.44139400983379,35.871360896751277],[-121.4422099810474,35.871539222669306],[-121.44304216325861,35.871744565404065],[-121.44336660778976,35.871862328774618],[-121.44348359628752,35.871920820951239],[-121.44361154962166,35.871993938659095],[-121.44392297936099,35.872214694823242],[-121.44406298898456,35.872348165431546],[-121.44429043612628,35.872674015422966],[-121.44493888950569,35.874127631952604],[-121.44522598747722,35.874807228182455],[-121.44535498106046,35.875062485620475],[-121.44554951662511,35.875386712880101],[-121.44571163109288,35.875624480004007],[-121.44590076418943,35.875873052737326],[-121.44645735225461,35.876548525065161],[-121.44674915649992,35.876861945151575],[-121.44698765920786,35.877097096202654],[-121.44951048875011,35.879320663997447],[-121.4508957466138,35.880603040969582],[-121.45149367514836,35.881093105218341],[-121.45208809127017,35.881660500344232],[-121.45221237857962,35.881768575977318],[-121.45235287688668,35.881855036086456],[-121.45249337429544,35.8819252864023],[-121.45298511837019,35.882125224956781],[-121.45335610910777,35.882248213315826],[-121.4535903430215,35.882319761013221],[-121.4538551277397,35.88237920329945],[-121.45413072098739,35.882427837202371],[-121.45438469807441,35.882487278679633],[-121.45456302174314,35.88253050908159],[-121.4549358836715,35.882638584255325],[-121.45516824639445,35.882741255861291],[-121.45536818622388,35.882843928062016],[-121.45569241336274,35.88306007813447],[-121.45623326384248,35.883436312167184],[-121.45709199216866,35.884205680628192],[-121.45872689184978,35.885595144257557],[-121.45872702300382,35.885595254883967],[-121.45930782425917,35.88607217036261],[-121.45995490591115,35.886635168139357],[-121.46020456928817,35.886880549880132],[-121.46039910664948,35.887107509737284],[-121.46050718116467,35.887329065108858],[-121.46054500742468,35.887550619132746],[-121.46054500742468,35.887842423426314],[-121.46053420069181,35.8880801902787],[-121.4605396031599,35.888263917993292],[-121.46059904468227,35.888431436186572],[-121.46072333468665,35.888631376510325],[-121.46088714517367,35.888825378409116],[-121.46106628002109,35.889095911024775],[-121.46116644487022,35.889301444047568],[-121.46120426933358,35.889544613842062],[-121.46120426933358,35.889760765275618],[-121.46115599207359,35.890003228455541],[-121.4610772475524,35.890208747479008],[-121.46084693029336,35.89062185658333],[-121.46074090932687,35.890954537081214],[-121.46070712189241,35.891144133286353],[-121.46069741290081,35.891224699273401],[-121.46069576449227,35.89123837230408],[-121.46068550573172,35.891403515372467],[-121.46070712279072,35.892068179226712],[-121.46067266521305,35.892694989211485],[-121.46066177853014,35.893007493223791],[-121.46065687462699,35.893148254912987],[-121.46066947260056,35.89359786844544],[-121.46058549090127,35.894078623972462],[-121.46045571937701,35.894420987597208],[-121.46036668375592,35.894770069516078],[-121.46029103033764,35.895040259440748],[-121.46022078118411,35.895261813719515],[-121.46012891676821,35.895445541507172],[-121.45998842025776,35.895602251064552],[-121.45988034394595,35.89573194255204],[-121.45982090242359,35.895877843584152],[-121.45973984474055,35.896110207085378],[-121.45971823037651,35.896266916782395],[-121.45971282611175,35.896450645148214],[-121.45972363374295,35.896845120172593],[-121.45978848042836,35.897223385208342],[-121.4598678977877,35.897544544019226],[-121.4599776126266,35.897915068892303],[-121.46012351430009,35.898206874283225],[-121.46022618544886,35.898379794168164],[-121.4603657593895,35.89858415189132],[-121.46058001477128,35.898819404357162],[-121.46065617483939,35.898917164227719],[-121.46107437563845,35.899250178073878],[-121.46132835631872,35.899385272418812],[-121.46208416106954,35.899656819715673],[-121.46226315308485,35.899765184415031],[-121.46238745117407,35.899874860234441],[-121.46253368522424,35.900043029140974],[-121.46269819729548,35.900313559081752],[-121.46275669109521,35.900489040850495],[-121.46278164180222,35.900620627181077],[-121.46281337478962,35.900740070003891],[-121.46280511298396,35.900876566198832],[-121.46276950466442,35.901014256254165],[-121.46267558041158,35.901189777218498],[-121.4621175083295,35.902081383535389],[-121.46167980330901,35.902729835251016],[-121.46153390073721,35.902967603235652],[-121.46142582532367,35.90319456209135],[-121.46111781008072,35.904053762411323],[-121.46108538898382,35.904264510843504],[-121.46110671409035,35.904383167417492],[-121.46115119327335,35.904567944378599],[-121.46126452383126,35.904739768381816],[-121.46142071301139,35.90492116831858],[-121.46210527058039,35.905488308296931],[-121.46218935468762,35.905597983461817],[-121.46256602367615,35.906604346469543],[-121.46267409998798,35.906836709041251],[-121.46287299328009,35.907145864074863],[-121.4653273541297,35.910138419047676],[-121.46567599298639,35.910583198828519],[-121.46596703186711,35.910934713770871],[-121.46668910847224,35.911781166792956],[-121.46732675422049,35.912553907778239],[-121.46837508725874,35.913796776241718],[-121.46867769913524,35.914175041742247],[-121.46884586645137,35.914412671299154],[-121.46893360849843,35.914573891874042],[-121.46906156273086,35.914826145899603],[-121.46918220557522,35.915169794089095],[-121.46923704233342,35.915487852091672],[-121.46924670551091,35.915791492857714],[-121.46924800986473,35.916028915306953],[-121.46913324918886,35.916604240298305],[-121.46905647557143,35.916827611208312],[-121.46895411164648,35.917021370126008],[-121.46876009440973,35.917326745945374],[-121.46874534497108,35.917349962351466],[-121.46705199460936,35.919708230498578],[-121.4667161288977,35.920356966978339],[-121.46653780343233,35.920778461548288],[-121.46638040511981,35.921189022789292],[-121.46616699595104,35.921992230737125],[-121.46609524930589,35.922449555229655],[-121.46605599472463,35.922772230996607],[-121.46603099550858,35.923576231068964],[-121.46609159495932,35.924174011394243],[-121.46616399467966,35.924698230840164],[-121.46625610703057,35.925087969801758],[-121.46633999530505,35.925395231278891],[-121.46687603081489,35.926789390490597],[-121.46720782356509,35.927636860277836],[-121.46791220066419,35.929409533403785],[-121.46839111589834,35.930626925639977],[-121.46852099162719,35.931002411315596],[-121.46887199664637,35.93268423080626],[-121.46888450927995,35.932749660816867],[-121.4691910620656,35.934352754077764],[-121.46942199646728,35.935296232091666],[-121.46980867358637,35.936198924910983],[-121.47041231360953,35.937173528113803],[-121.47143903408035,35.938627145150924],[-121.47264948068803,35.940394180365637],[-121.47621057135757,35.945495348098973],[-121.47946905104888,35.950175021828258],[-121.48054907036217,35.951763377709447],[-121.48080999951118,35.952369232692305],[-121.48104301620768,35.952889916477346],[-121.48121632907375,35.953340532867522],[-121.48133764834949,35.953886470931337],[-121.4814306239814,35.954552083105021],[-121.48147925877086,35.956308310822322],[-121.48154410455798,35.956967572759538],[-121.48172242822672,35.957767331203506],[-121.48198721384324,35.958572494334526],[-121.48225740282618,35.959193930351589],[-121.48247355544986,35.959593809130219],[-121.48276535969518,35.960096361096703],[-121.48305716304218,35.960442202555001],[-121.48337058165154,35.960863696443418],[-121.48360834684263,35.961241962170661],[-121.48382990283274,35.961760724626821],[-121.4841433223404,35.965127279348344],[-121.48410009271399,35.965721695381461],[-121.4836253896802,35.967071306183733],[-121.48345829135926,35.967406214215927],[-121.48341546148313,35.967845224795909],[-121.48341449040431,35.967917145132077],[-121.48341189337484,35.968109345821816],[-121.48342616760468,35.968219991256696],[-121.48355606489309,35.968527141036979],[-121.48375537590181,35.96896909134302],[-121.48431864383947,35.969956978843825],[-121.48449100359304,35.970365234434105],[-121.48468549514023,35.970656972441169],[-121.4852632043944,35.971326156149296],[-121.48695869364481,35.972978970845247],[-121.48736896591318,35.973466579993406],[-121.48753689697237,35.973740904479911],[-121.48769360717537,35.974129976303146],[-121.48781958152091,35.97455845616858],[-121.48788814453668,35.974983773513905],[-121.48800156043455,35.975269041049962],[-121.48867709442654,35.977118266483188],[-121.48898511146611,35.977977467541436],[-121.48921475678534,35.978665988551903],[-121.48940540174651,35.979021282566841],[-121.48976069352619,35.97949789575032],[-121.49005532836297,35.979948510790045],[-121.4901577309155,35.980203824489138],[-121.49010909792264,35.980646933574242],[-121.49002933111865,35.981026520576172],[-121.49005600569269,35.98121323449984],[-121.49026580722733,35.981733093504431],[-121.49064200549861,35.982476234782105],[-121.49076035494404,35.982704540627232],[-121.49086403310426,35.982904542855259],[-121.49103568947694,35.983256412957502],[-121.49137898695098,35.983883799190785],[-121.49158433194347,35.984202621609207],[-121.49182209803287,35.984445791111334],[-121.49210309285036,35.984710577670931],[-121.49238409126114,35.98494293891892],[-121.49263266228677,35.985213126773189],[-121.49279477675451,35.985623814842981],[-121.49374584201045,35.987758309335398],[-121.4941322172956,35.98863567500694],[-121.49421486858996,35.988805570389978],[-121.49423720340286,35.98885148438368],[-121.4943789863008,35.989142922922554],[-121.49462665901113,35.989600997041379],[-121.49493099295803,35.990108034507337],[-121.49570741494294,35.991308591272194],[-121.49598841065875,35.991724682110558],[-121.4963379505257,35.992291907275181],[-121.49645926890314,35.992543213319685],[-121.49712320564478,35.994032096537687],[-121.49754470056598,35.995004776783595],[-121.49777706239064,35.995588384261247],[-121.49797500796015,35.996020235475825],[-121.49827421073013,35.99653404673785],[-121.5007869683614,35.99953314350013],[-121.50117063792092,35.999970849636874],[-121.50153269042146,36.00031669154518],[-121.5018028785061,36.00052743841875],[-121.50202983786264,36.00065172667324],[-121.50242971752147,36.000824647050706],[-121.50300251838094,36.00114887337169],[-121.50383470149046,36.001797326374835],[-121.5044237124492,36.002164785651459],[-121.5047371328552,36.002434972660048],[-121.50505562874254,36.002789516487631],[-121.50549906591289,36.003061811762471],[-121.50615800981819,36.003393235778148],[-121.50690501107921,36.003873235756863],[-121.5072174666946,36.004115548872498],[-121.50782269044763,36.004661330574116],[-121.50867016647655,36.005192432702366],[-121.50895200032052,36.005371229415658],[-121.50907134779423,36.005585340486171],[-121.50926009641182,36.005763701015638],[-121.50983991940187,36.006053079377558],[-121.51066420182846,36.006586437955512],[-121.51124328370838,36.007022781642974],[-121.51148556562872,36.007165685357954],[-121.51245605335939,36.007529849543701],[-121.51293923918442,36.00768395994934],[-121.51344262273028,36.007827945946019],[-121.5142207667856,36.007914405580337],[-121.5143936888845,36.007914405580337],[-121.51497729557852,36.007898193361534],[-121.51512888268947,36.007898826299403],[-121.51526378539062,36.007912165227729],[-121.51645097192065,36.008237380479493],[-121.51670714898179,36.008292483605835],[-121.51699018836489,36.008337036092833],[-121.51726536569262,36.008368483695186],[-121.51751957903653,36.00838945117868],[-121.51776597793582,36.008425950602586],[-121.51806206265348,36.008507415151406],[-121.51816311683473,36.008549950271274],[-121.51831104420921,36.008612213088078],[-121.51842512935197,36.008668912451732],[-121.51861404056463,36.008762797020857],[-121.51912336466948,36.009054434488498],[-121.5197092997967,36.009332105078542],[-121.52044588239708,36.009618072463567],[-121.52093982734425,36.009704729240298],[-121.52140777235218,36.009730727054048],[-121.52271455788417,36.009748059409581],[-121.52322584480791,36.009860672394609],[-121.52358111592636,36.009964740418567],[-121.52396241752682,36.010155345414354],[-121.52417906961379,36.010314437009903],[-121.52428501332514,36.010463993106448],[-121.5245083542677,36.010779273932158],[-121.52466086933832,36.011005365869572],[-121.52486805857208,36.011251859274644],[-121.52502043081056,36.011450606142603],[-121.52543117289783,36.011877911083879],[-121.52592804096292,36.012364839495604],[-121.52621290931596,36.01265964848163],[-121.52663865326844,36.013064206926273],[-121.52723804515863,36.01365974856283],[-121.52853789839158,36.014777620516064],[-121.52882204899069,36.014916507979137],[-121.52907353325278,36.015002643035224],[-121.52928140161292,36.015063632088292],[-121.52945472705538,36.015089585264484],[-121.53001807045152,36.01514994137068],[-121.53036960637505,36.015199812416839],[-121.53125707090884,36.015488566861407],[-121.53176839825676,36.015644448437655],[-121.53198299320172,36.015668826863262],[-121.53235559102539,36.015737771024305],[-121.53257651280491,36.015801909348525],[-121.53304213387116,36.015949823804768],[-121.53375543393598,36.016279454156241],[-121.53455519325365,36.016727969933235],[-121.53488482106403,36.016933312113331],[-121.53520904999949,36.017284557402782],[-121.5356035253936,36.017760090022023],[-121.53587371437654,36.018057298359281],[-121.53621415251303,36.018311276046383],[-121.53665185753353,36.018522022048195],[-121.537948766089,36.019002958020955],[-121.53989774823449,36.019658867016247],[-121.5401061205495,36.019727620231613],[-121.54045204200243,36.019841757833071],[-121.54249840511801,36.020508819859693],[-121.54274095293964,36.020543764639577],[-121.54313957405876,36.020543766092729],[-121.54366471480081,36.020490903533634],[-121.5443753010552,36.020395581984431],[-121.54534585705782,36.020430243454577],[-121.54598718859367,36.020481957357418],[-121.54678802948291,36.020677807399643],[-121.54744284473118,36.020837940714578],[-121.5481795360277,36.020941519802065],[-121.54861281864208,36.020941519802065],[-121.54896707286761,36.020905088657543],[-121.54938316442238,36.020818629467321],[-121.55044127921579,36.020620888533557],[-121.55088322787769,36.020542897123441],[-121.55133384528207,36.02053423140638],[-121.55158250344429,36.020575458036156],[-121.55180946190251,36.020656515505408],[-121.55197697883837,36.020786205248534],[-121.55246872291309,36.021331988509758],[-121.55272035449892,36.021556783067481],[-121.55291956848959,36.021643711527467],[-121.55319823397556,36.02175348195707],[-121.55366486295159,36.021868941126328],[-121.55409616208581,36.021961937386799],[-121.55437625768971,36.022007459356693],[-121.55474841264393,36.022027897190505],[-121.55503409217563,36.021998731317474],[-121.55620273568157,36.021926403277028],[-121.55736454839808,36.021861557917354],[-121.5579211373616,36.021834538941178],[-121.55926127464519,36.021780500961043],[-121.55982867123986,36.021829134854215],[-121.56022855089871,36.021883172800997],[-121.56085538901577,36.021910191033939],[-121.56119582805056,36.02188317352757],[-121.56166055169987,36.021807520682309],[-121.56227687054495,36.021686765582629],[-121.56281414213657,36.021574112822535],[-121.56339202027402,36.021395233704368],[-121.56396702020928,36.021227233640296],[-121.5646570197723,36.021180233402546],[-121.56514043556604,36.021259453515341],[-121.56555011494629,36.021402964250385],[-121.56717234658525,36.022140520239901],[-121.56760471201972,36.02233709052679],[-121.56870167805081,36.022807218426095],[-121.56944740100921,36.023169271681716],[-121.57014989164624,36.0235745550251],[-121.57055517556982,36.023844743489093],[-121.57091722896864,36.024131143542625],[-121.57130630099631,36.024509407512156],[-121.57176562217748,36.024995748592225],[-121.5721330789428,36.025401033438499],[-121.57241947982168,36.025757682582125],[-121.57273289932935,36.026233214199586],[-121.57299074007041,36.026786224785795],[-121.57396979323732,36.029051069908213],[-121.57434796600563,36.029946082847779],[-121.57452155106124,36.030269838507195],[-121.57464802307345,36.030482233579697],[-121.57538615436938,36.031361400627084],[-121.57584547644885,36.031923393465341],[-121.57646150783306,36.032863651918149],[-121.57685598322713,36.033555334726323],[-121.57708294348198,36.033895773499054],[-121.5780880450972,36.035133238778464],[-121.57838525270896,36.035543926194116],[-121.57914718756327,36.036576046793456],[-121.57960650694781,36.037240713089687],[-121.57994694777925,36.037867549970706],[-121.58013607818083,36.03829985384651],[-121.58032521037909,36.038786194050601],[-121.58047651631735,36.03929955296335],[-121.58062241888913,36.039839930056324],[-121.58087639687447,36.040412731944137],[-121.58111956453369,36.040785591941884],[-121.58138975621156,36.041077396365921],[-121.58339464321215,36.043067347940713]]},"properties":{"County":"MON","Route":1,"bPM":0,"ePM":25.806000000000001}},{"type":"Feature","geometry":{"type":"LineString","coordinates":[[-121.5965529597797,36.068158249864155],[-121.59708773944476,36.06851778991679],[-121.59796670411936,36.069163851417159]]},"properties":{"County":"MON","Route":1,"bPM":27.939,"ePM":28.044}},{"type":"Feature","geometry":{"type":"LineString","coordinates":[[-121.59796670411936,36.069163851417159],[-121.59803297373618,36.069212560609166],[-121.59847247718386,36.069504170341062],[-121.59869069772932,36.069621781400301],[-121.59869735334726,36.069624920374594],[-121.59888507519048,36.069713437509655],[-121.59911840360238,36.069795177773983],[-121.59922189221807,36.069831432367273],[-121.59999483682451,36.070008356430925],[-121.6012226685279,36.070330477724156],[-121.60177306450585,36.070506129260657],[-121.60354750848322,36.071411837569883],[-121.60531403201469,36.072141233754365],[-121.605492377243,36.072237673287191],[-121.6056670321921,36.072380235795059],[-121.60580267600336,36.072540032358418],[-121.60605616800015,36.072900419322053],[-121.60643488065594,36.073550948662174],[-121.60652955769699,36.073746718275906],[-121.60657842425182,36.073878045732556],[-121.60659703105628,36.073960236188874],[-121.6066120194468,36.074110159364054],[-121.60660896607317,36.074232324693071],[-121.60658758616941,36.074354488380223],[-121.60654177478486,36.074501087603764],[-121.60647763956513,36.074629361427959],[-121.60631271426888,36.075001964951781],[-121.60627301232657,36.075147646681728],[-121.60624552477719,36.075318678446862],[-121.60623303190654,36.07549623490511],[-121.60624857815084,36.075648523542178],[-121.60627703228747,36.07578923496613],[-121.60633103900234,36.075926449472092],[-121.60642445750368,36.076096835536688],[-121.60648903199959,36.076199234715723],[-121.60669603348545,36.076434235520985],[-121.60678305059209,36.076503679009932],[-121.60701211380301,36.076656386076323],[-121.60727171254706,36.076796874979564],[-121.60754047590366,36.076915986755147],[-121.60847809248145,36.077380212825382],[-121.60936073485881,36.077832223531658],[-121.60976693506397,36.078082663612768],[-121.61019756674995,36.078388077850832],[-121.61049687102957,36.078607972928253],[-121.61060987460071,36.078702651903654],[-121.61073509346312,36.078824816632839],[-121.61086947424312,36.079011118840661],[-121.6109824787126,36.07921879904162],[-121.61102523672346,36.079334855684515],[-121.61109548048712,36.079493671059645],[-121.61115045558589,36.079631107071286],[-121.61122375541811,36.079771596468184],[-121.61131537818721,36.079893762440648],[-121.61174906414513,36.08036409701262],[-121.61209418070762,36.080755026107887],[-121.6123415659571,36.081081816606286],[-121.61249121809689,36.081304768606493],[-121.61265763369823,36.081602781106248],[-121.61293406507409,36.082071355080771],[-121.613135638939,36.082422579180857],[-121.61334637382318,36.082754868648735],[-121.61339524037804,36.082852601218455],[-121.61349724138357,36.08304562667972],[-121.61352472803465,36.083152521548584],[-121.6136119939746,36.083588312596824],[-121.61366081112209,36.083755823877631],[-121.61372499485083,36.083878454819647],[-121.61379025296462,36.083994140870097],[-121.61399384893724,36.084242228766989],[-121.61453603431349,36.084811235906677],[-121.61492841124308,36.085338662193223],[-121.61528574489344,36.085677669003744],[-121.61545372266505,36.085781509079887],[-121.61571637747771,36.085912836038666],[-121.61666125423965,36.086145238649486],[-121.61686900581876,36.086236574229389],[-121.616975900846,36.086300711033182],[-121.61723244801304,36.086504419884371],[-121.61742485726542,36.086718210234331],[-121.61755923894373,36.086971702944155],[-121.6175989399877,36.08710913895122],[-121.61761115797391,36.087280170107221],[-121.61760703560506,36.087483236136514],[-121.61761203562793,36.08775023617612],[-121.61770583770991,36.088241302282917],[-121.61774248717686,36.088515257842026],[-121.61776691955595,36.088768751290218],[-121.61775775763837,36.08903445988777],[-121.6176368605708,36.089479878239189],[-121.61756839996299,36.089767451449873],[-121.61757161952498,36.090139137541911],[-121.61758367222114,36.090224654588546],[-121.61761421314418,36.090331549132735],[-121.61773403582667,36.090570236007942],[-121.61790056461571,36.090822868427558],[-121.6182922300796,36.091339411467693],[-121.61837774610137,36.091492117304583],[-121.61848158595834,36.091718122705338],[-121.61855141470029,36.092010309554489],[-121.61858163492479,36.092305649356128],[-121.61862147161439,36.092563902635973],[-121.6187265268919,36.093271757771369],[-121.61880593436976,36.093494707140053],[-121.61898307316063,36.09385112618471],[-121.61918058125057,36.094297476856603],[-121.61927016214904,36.09451998052846],[-121.61936484008839,36.094800958846839],[-121.61944119329428,36.095066669554178],[-121.61949616749473,36.095405677962098],[-121.61951754650018,36.095671386624808],[-121.61954437827941,36.095930138403538],[-121.61959084453579,36.096611141935291],[-121.61962444152741,36.096974582584082],[-121.61966414436803,36.097267778427039],[-121.61970003565689,36.097431236425578],[-121.61985350024676,36.097841955138406],[-121.61998177427944,36.098132097010456],[-121.62018944590849,36.098561358801241],[-121.62026003552354,36.098718237985132],[-121.62034826984738,36.09900863211687],[-121.62039408213023,36.099543103891762],[-121.62038186504238,36.09982530614694],[-121.62034521557541,36.100069635816986],[-121.62034866690274,36.100392324945361],[-121.62035477365005,36.1004900580864],[-121.62038836884503,36.10066414414888],[-121.62042502010863,36.100810742218947],[-121.62058957440067,36.101324570377798],[-121.6209449488254,36.102333423993151],[-121.62119731792806,36.102974111066906],[-121.62124923785653,36.103090168202478],[-121.62134086242226,36.103218442557804],[-121.6223823197553,36.104521638183869],[-121.62255500739397,36.104760054063497],[-121.62259610891145,36.104827051311723],[-121.62269078685085,36.105062219111829],[-121.62275186959521,36.105266234967317],[-121.62282822280112,36.105672434678624],[-121.6229174650347,36.106025912084441],[-121.62304564294762,36.106478696496978],[-121.62312635388096,36.106609208670186],[-121.62334100991137,36.106823864602056],[-121.62399903933171,36.107273237686201],[-121.62425303887662,36.107454236105276],[-121.62458703788911,36.10776123667646],[-121.62477675668725,36.10798746236415],[-121.62496203870617,36.108332236287531],[-121.62512003709328,36.108866237490702],[-121.62517379317822,36.108967837755451],[-121.62527457966152,36.109126651317951],[-121.6253710389601,36.109262238574644],[-121.62555555920767,36.109404578634106],[-121.62579403855939,36.109572237373861],[-121.62672203687546,36.110035236413495],[-121.62688104946052,36.110149785198352],[-121.62707040713589,36.110302491492867],[-121.62718603917757,36.110415237166094],[-121.6275010370252,36.110836964814133],[-121.62851503824993,36.112477237237492],[-121.62866160827002,36.112776335496754],[-121.62878003946211,36.113059237696405],[-121.62914416078276,36.114097855396906],[-121.62935136169463,36.115415796465996],[-121.62953703987058,36.116073238041182],[-121.62997488412996,36.117269874241963],[-121.63001764214084,36.117410363846545],[-121.63012453537144,36.117938728050305],[-121.63017138700512,36.118285749200325],[-121.63020386289925,36.118500308636378],[-121.63039329962636,36.119687826369002],[-121.63044475063425,36.11996036975669],[-121.63048157347605,36.120177478880855],[-121.63051747464638,36.12029779478884],[-121.63079603952104,36.120702236908279],[-121.63093387971323,36.12085389445609],[-121.63105504088546,36.120964238364493],[-121.63138704024817,36.121190238081866],[-121.63417703953569,36.122831238283261],[-121.63568549325571,36.123901300880362],[-121.63673000575908,36.124670942385052],[-121.63720950399986,36.125046599267996],[-121.63755767303766,36.125287876268025],[-121.6377220503616,36.125383278296226],[-121.63813204325392,36.125610238312639],[-121.63872864587513,36.125936260360682],[-121.63905114106213,36.126112490009675],[-121.64026668560906,36.126766073344484],[-121.64076104288296,36.127064237774],[-121.64170212785606,36.127728124308881],[-121.64200304461163,36.127987739132379],[-121.64216940811068,36.128131267834839],[-121.64230204166743,36.128254238017689],[-121.64296004324001,36.128927239160163],[-121.64357404353335,36.129644238047696],[-121.64373006742343,36.129881283998635],[-121.64411488862318,36.13047378400946],[-121.64444778719948,36.130996039013887],[-121.64468906390501,36.131383913462045],[-121.64484837742572,36.131631305400759]]},"properties":{"County":"MON","Route":1,"bPM":28.013000000000002,"ePM":33.409999999999997}},{"type":"Feature","geometry":{"type":"LineString","coordinates":[[-121.92638221194709,36.523081439022661],[-121.9262705702219,36.523171272404269],[-121.92573610586552,36.523601332030715],[-121.92449712606947,36.524598253451778],[-121.92411412665315,36.524898254850434],[-121.92147712572985,36.527026254861262],[-121.92051312473384,36.527796254081359],[-121.92014112608649,36.528109254509403],[-121.91951412627269,36.528665255296872],[-121.9191969095863,36.528960200267612],[-121.91919373314346,36.528963155508066],[-121.91863112636585,36.529486255110967],[-121.91824021189355,36.529870641421965],[-121.91770912520263,36.530454255537649],[-121.9173564475204,36.530824018551662],[-121.91700102458665,36.531257005945051],[-121.91657885862395,36.531771292486759],[-121.91600064990648,36.532489891045955],[-121.91569212621712,36.532840257221658],[-121.91434012578189,36.53446225599702],[-121.91413812611553,36.534669255807934],[-121.91338522651633,36.535386754143275],[-121.9130961244034,36.535662256046379],[-121.91212012550847,36.536599256155505],[-121.91195112455574,36.536775255120467],[-121.91178771202239,36.537023047605253],[-121.9117868837757,36.53702430276585],[-121.91166069563113,36.537215647753612],[-121.91150352908396,36.537468364889371],[-121.91140356635577,36.537703054395323],[-121.9112688388261,36.538042052298707],[-121.91110368535772,36.538328895850789],[-121.91080412595655,36.538746256363616],[-121.91059412589429,36.539000256826],[-121.91032303500279,36.539316656103118],[-121.91024641050568,36.539411328723382],[-121.91024286485525,36.539415709740808],[-121.91003862299394,36.539668064586635],[-121.90950112592516,36.540322258160018],[-121.9090031268811,36.540877256708534],[-121.90875678277905,36.541136487787576],[-121.90852209162288,36.541427679111365],[-121.90829012505695,36.541790256830247],[-121.90823524787456,36.541953558934082],[-121.90818309438411,36.542157391976495],[-121.90816136234075,36.54252681251041],[-121.90818744223007,36.542757157076608],[-121.90824393997323,36.542987500956556],[-121.90834348228988,36.54328923964011],[-121.908428500645,36.543465594336901],[-121.90847752979489,36.543567296388325],[-121.90896912474929,36.544390257642078],[-121.90906412608213,36.544541257186538],[-121.90929770781895,36.544982062420814],[-121.90942857798281,36.545341361413954],[-121.90956658705825,36.545893396762622],[-121.90964829512154,36.546412300723425],[-121.90964835441034,36.546412676720664],[-121.90974980654528,36.547056952218064],[-121.90996044890296,36.548313291420797],[-121.90996960453235,36.548367895543734],[-121.91001630704564,36.548646433415129],[-121.91031373923622,36.55050955061833],[-121.9105348936794,36.552037721763725],[-121.91054260481779,36.552091001949449],[-121.91057785920111,36.552334598147283],[-121.91064324397739,36.552713419725038],[-121.91065072335044,36.552756756180358],[-121.91087767102887,36.554071604893529],[-121.91114893170194,36.555858579912091],[-121.91116782147576,36.555997695485971],[-121.91116913750763,36.556007387940397],[-121.91139595942194,36.557677648396755],[-121.9114102210754,36.557765950089063],[-121.91156169499861,36.558703755270706],[-121.91165734222017,36.559454739769095],[-121.91167335109685,36.559609846590092],[-121.91168606405473,36.559733024822464],[-121.91169095268651,36.559806354709295],[-121.91171210980809,36.56012372734817],[-121.91174387154159,36.560724880561288],[-121.91175256453859,36.56141591329429],[-121.91171720595071,36.561881563742809],[-121.91166998870273,36.562089561619246],[-121.9115613356725,36.56245028981008],[-121.91147441199065,36.562780593690292],[-121.91144160461818,36.562927959037353],[-121.91142225939851,36.563054399781855],[-121.91141356729983,36.563245629830995],[-121.91141612929502,36.563440258510226],[-121.91143012864042,36.563587258951138],[-121.91149179708636,36.563834093171046],[-121.91162720284406,36.564096274749424],[-121.91187704678246,36.564500783765766],[-121.91236959484937,36.565162273743951],[-121.91241809758651,36.565232102770885],[-121.9124559543892,36.565286607636871],[-121.91270509854,36.565645302851905],[-121.91283834923935,36.565857076317094],[-121.91291687097834,36.566052192644676],[-121.91293933964023,36.566179292054784],[-121.91296483562462,36.566323520339104],[-121.91298331486834,36.566464840722972],[-121.91298543309577,36.566481038319253],[-121.91299747411382,36.566573125738245],[-121.9130042474111,36.566680800938819],[-121.91299990136174,36.566915491937756],[-121.91299242288697,36.567004482918719],[-121.91297680208251,36.567190353342767],[-121.91271155473194,36.567937101048066],[-121.91266547475115,36.56814268946782],[-121.91266398085283,36.56814935090064],[-121.91263028953807,36.568299671286354],[-121.91266396647977,36.568581935168382],[-121.91287503374062,36.570803338208421],[-121.91297729795257,36.571602264398287],[-121.91307292541117,36.572052397220595],[-121.91313392461225,36.572949397710815],[-121.9130949260508,36.573174398841331],[-121.91307565449303,36.573269034317171],[-121.91303892597432,36.573449398851807],[-121.91292392544828,36.573845399426254],[-121.91277992550823,36.574264398404082],[-121.91272192578191,36.574390398559494],[-121.91265892603272,36.57449539793074],[-121.912496925651,36.574724397713169],[-121.91244110433925,36.574813247676978],[-121.91243297638258,36.574826183432506],[-121.91237692600043,36.574915399037941],[-121.91223992573306,36.575091398767732],[-121.91199792588372,36.575367397601823],[-121.91171192475515,36.575626397565621],[-121.91145592466211,36.57583539725961],[-121.91143144107905,36.575852819285792]]},"properties":{"County":"MON","Route":1,"bPM":71.170000000000002,"ePM":75.224000000000004}},{"type":"Feature","geometry":{"type":"LineString","coordinates":[[-121.77097230235519,36.875601727200952],[-121.77113445994209,36.87635249876363],[-121.77116147587593,36.876477759938439],[-121.77119609694698,36.876638276320193],[-121.77166093647897,36.878793435322216],[-121.7721279373575,36.881225435635457],[-121.77245693634715,36.883318611624155],[-121.77252930013488,36.883779013645409]]},"properties":{"County":"MON","Route":1,"bPM":101.443,"ePM":102.03100000000001}},{"type":"Feature","geometry":{"type":"LineString","coordinates":[[-121.58339464321215,36.043067347940713],[-121.58372802598038,36.043398233287512],[-121.58426293590114,36.043985109135349],[-121.58431002199508,36.044049004381755],[-121.58450238902662,36.044310032427504],[-121.58465535954311,36.044496775189103],[-121.58499652800991,36.044882174967363],[-121.58553498537773,36.045533980441206],[-121.58567302679252,36.045709233377998],[-121.58586381907737,36.045916170578913],[-121.58627030045524,36.046382954664402],[-121.58680258639706,36.046824469472668]]},"properties":{"County":"MON","Route":1,"bPM":25.806000000000001,"ePM":26.128}},{"type":"Feature","geometry":{"type":"LineString","coordinates":[[-121.64484837742572,36.131631305400759],[-121.64506472139053,36.13196725241724],[-121.64518994115124,36.132177989359654],[-121.645278511445,36.132306261188077],[-121.64539151411785,36.13251699649463],[-121.64623512559442,36.13396296134092],[-121.64634431491886,36.1341458992094],[-121.64689459321754,36.135067818348062],[-121.6470519538008,36.135292365630882],[-121.64721277918611,36.135567037148633],[-121.6473392727579,36.135789302759818],[-121.64777592764786,36.136319979475026],[-121.64848981341423,36.137011257585286]]},"properties":{"County":"MON","Route":1,"bPM":33.409999999999997,"ePM":33.835999999999999}},{"type":"Feature","geometry":{"type":"LineString","coordinates":[[-121.91143144107905,36.575852819285792],[-121.91109192551237,36.576094399260697],[-121.9107029244516,36.576351399939178],[-121.90973792542732,36.57692339922081],[-121.90877352378268,36.577509008402522],[-121.90877326776284,36.577509163502093],[-121.9083807291365,36.577747515119171],[-121.90707874779463,36.578545500200228],[-121.90643175507587,36.578931492904367],[-121.90620566888177,36.579069786396644],[-121.90412692778847,36.580341292652861],[-121.90356093166729,36.580715340700493],[-121.90345800539697,36.580783358750587],[-121.90342556274051,36.580802443122572],[-121.90323137033226,36.580916675138013],[-121.9026669336864,36.581248694787121],[-121.90205036151642,36.581522074730714],[-121.90134654227109,36.581772192221322],[-121.90086957188953,36.581882707836371],[-121.90027784352705,36.582008426495996],[-121.89994840705783,36.582056924375145],[-121.89973889028919,36.582087769333647],[-121.89955758690867,36.582114461465856],[-121.89936463687049,36.582142867516708],[-121.89891208269832,36.582209491383274],[-121.89864086963593,36.582249418066603],[-121.89746738870221,36.582435285702743],[-121.89550191797967,36.582693402836],[-121.89513907406341,36.582749362593432],[-121.89513865904173,36.582749439777302],[-121.89144188234012,36.583319530604506],[-121.8912995766227,36.583341476622365],[-121.89128408337899,36.583343572833144],[-121.8910877601669,36.583370120984753],[-121.88866628574154,36.583697595045564],[-121.88777050370652,36.583860465954125],[-121.88740759061994,36.583941482545569],[-121.88681159256492,36.584118482385037],[-121.88604259695245,36.584378482330237],[-121.88522159966485,36.584814483490945],[-121.88454360428898,36.585264482308276],[-121.88402260657705,36.585684481819015],[-121.88350274703055,36.586158097833838],[-121.88301995736256,36.586751409774124],[-121.88271748831818,36.587240018728636],[-121.88243246725158,36.587844964083949],[-121.88217071344913,36.588496440947139],[-121.88210469266565,36.588675961345203],[-121.88194562438503,36.589108475342258],[-121.88183162548052,36.589453472403676],[-121.88171162672825,36.589842470951503],[-121.8815926278009,36.590109472513561],[-121.88123563281539,36.59073146927981],[-121.88102163255515,36.591070468245441],[-121.880802634967,36.591318469622102],[-121.88065963575016,36.591460466247497],[-121.88063160831329,36.591485560426648],[-121.88049025930164,36.591612123190224],[-121.88002177799953,36.59203159626238],[-121.88000963906509,36.592042466336267],[-121.87996863995552,36.59207346742366],[-121.87990557822258,36.592129083553907],[-121.87982464001547,36.592200466304256],[-121.87965063993821,36.592325467820935],[-121.87896864346607,36.592737467739681],[-121.87863964537473,36.59290746787736],[-121.87822464706967,36.593060466382845],[-121.87741976106668,36.593307700450154],[-121.87726746698162,36.593342059148164],[-121.87712559065891,36.593374066571712],[-121.877125320266,36.593374127877567],[-121.87660965675019,36.593490468958692],[-121.8762323301949,36.593569882215697],[-121.87578765784103,36.593663469248646],[-121.87313066760608,36.594102472404224],[-121.8727977295039,36.594142294847309],[-121.8723196721608,36.594199476014275],[-121.87147267493395,36.594330474978278],[-121.87054867861247,36.594492476720475],[-121.86989568155434,36.59466447729865],[-121.86929368365153,36.594879477301944],[-121.86876368661704,36.595110477892426],[-121.86860908116675,36.595188690801031],[-121.8685537575217,36.595216677334328],[-121.86853259321357,36.595227384683284],[-121.86833868826625,36.595325478816704],[-121.86809668841691,36.595468477784749],[-121.86795405301778,36.595562752727055],[-121.86786369148338,36.595622477320148],[-121.86775793462158,36.59569935400399],[-121.86769735942535,36.595743385401725],[-121.86761469196134,36.595803477678452],[-121.86755269203707,36.595864475763001],[-121.86710469412003,36.596247477520294],[-121.86672969779455,36.596609475601319],[-121.86595819678078,36.597496613151527],[-121.86471042247808,36.598931378336147],[-121.8646202154539,36.599035103878066],[-121.86452454577446,36.599145110856142],[-121.86279533017502,36.60113348581649],[-121.86269272460329,36.601251466680971],[-121.86211772915959,36.601966466697114],[-121.8620735733701,36.602030903468552],[-121.86191496502691,36.602262368711536],[-121.86182653487033,36.602424599715441],[-121.86159773306919,36.602926463800792],[-121.86141873566396,36.603479462875235],[-121.86133473689669,36.603892461880115],[-121.86129573833527,36.604138459812269],[-121.86128167970108,36.604255088985113],[-121.86126950124077,36.604356127603772],[-121.86126467369442,36.6044303432258],[-121.86125736050967,36.6045427359767],[-121.86123369529184,36.604906449663211],[-121.86122623208847,36.605022311107007],[-121.8612037409687,36.605371455647131],[-121.86111574469841,36.606459450886838],[-121.86100674671512,36.607017450822923],[-121.86092617861389,36.607258662120962],[-121.86084474902835,36.607502449201668],[-121.86061175119646,36.60802844819333],[-121.86033375315876,36.608453447254853],[-121.85998675552406,36.608862446364725],[-121.85991745858472,36.608925131593047],[-121.85950475996677,36.609298446202679],[-121.85914276046685,36.609595444275705],[-121.85877976204033,36.609828445818863],[-121.85810507785462,36.610227917839168],[-121.85791659513832,36.610339517599861],[-121.85787041095293,36.610366863359999],[-121.85650477409172,36.611175443461001],[-121.8555757786457,36.611777443781762],[-121.85481278288104,36.612349443711558],[-121.85470077374487,36.61244261209815],[-121.85363578953454,36.61332844343886],[-121.8523727968726,36.614362441021306],[-121.85170380081928,36.614894440620667],[-121.85101400876712,36.615469842362678],[-121.85089054251783,36.615596235273301],[-121.8507507565748,36.615730467802983],[-121.85009281159608,36.616465438783088],[-121.84891603025197,36.617855639161789],[-121.8489034942622,36.617870446671283],[-121.84790073365663,36.619103754349617],[-121.84734782958239,36.619805432099831],[-121.84719462999551,36.620067873492289],[-121.84717164749731,36.620107241282355],[-121.84711783122528,36.620199431278806],[-121.84704580430579,36.620315911431462],[-121.84702172765954,36.620354847941137],[-121.84617316197416,36.62172711951353],[-121.84598702565742,36.621953972669317],[-121.84584918007538,36.622132797339084],[-121.84577180638333,36.62223317663522],[-121.84551384347137,36.622463426248409],[-121.84524248128868,36.622692702583954],[-121.84499817726065,36.622861390873176],[-121.84455184931171,36.623148424856694],[-121.84444252074839,36.623213699717446],[-121.84434088445882,36.623274381972372],[-121.84378585227569,36.623541424998173],[-121.84315585658041,36.623783425970728],[-121.84241085946077,36.624052426797739],[-121.84198529067976,36.624250465858857],[-121.84198523588252,36.624250491092333],[-121.84180486225831,36.624334426959585],[-121.84178686451159,36.62434348216221],[-121.84147886364171,36.624498424733417],[-121.8411919031124,36.62466741475491],[-121.84111886648655,36.62471042677214],[-121.840936816606,36.624835301350878],[-121.84059986932272,36.625066426353847],[-121.84013687313372,36.625462427383269],[-121.83978887297916,36.625877423903013],[-121.83940687518437,36.626432424094986],[-121.83921679706013,36.626756264280353],[-121.83919087796924,36.626800422135723],[-121.83850088379614,36.627945419693717],[-121.83805588715049,36.628596418783104],[-121.83760488975874,36.629168417930558],[-121.83696889511398,36.629850417105054],[-121.83551890285433,36.63136641371112],[-121.83299129786805,36.63407928150319]]},"properties":{"County":"MON","Route":1,"bPM":75.224000000000004,"ePM":81.504999999999995}},{"type":"Feature","geometry":{"type":"LineString","coordinates":[[-121.92677947840677,36.522761770232101],[-121.92638221194709,36.523081439022661]]},"properties":{"County":"MON","Route":1,"bPM":71.168999999999997,"ePM":71.200999999999993}},{"type":"Feature","geometry":{"type":"LineString","coordinates":[[-121.83299129786805,36.63407928150319],[-121.83287191985161,36.634207409296302],[-121.83232291985563,36.634819408282873],[-121.82937792075741,36.63825840971262],[-121.82883892080716,36.638903408797681],[-121.82827091964627,36.639490409423523],[-121.82771892017553,36.6400274102905],[-121.82705691840501,36.640624409264412],[-121.82632091970956,36.641209409537296],[-121.82566592030669,36.641706410269556],[-121.82494791845964,36.642196409659462],[-121.82430791912536,36.642605410673418],[-121.82370691835251,36.642954410968777],[-121.82293992059326,36.643344411140092],[-121.82282191250764,36.643395323264635],[-121.82138691851996,36.644014410132556],[-121.82087291958238,36.644224410962352],[-121.81958491961956,36.644664411427875],[-121.81871491923323,36.64498541158887],[-121.81828191868986,36.645176411242957],[-121.81786691858817,36.645393412516711],[-121.81744791918683,36.645651410525275],[-121.81731338120169,36.645743905837797]]},"properties":{"County":"MON","Route":1,"bPM":81.504999999999995,"ePM":82.739000000000004}},{"type":"Feature","geometry":{"type":"LineString","coordinates":[[-121.7707069238506,36.875661554819665],[-121.77087503547118,36.876429355678965],[-121.77090223735628,36.876553594893245],[-121.77093758426608,36.876715038094332],[-121.77155814046438,36.879549295260475],[-121.77219922137024,36.88339577624307],[-121.77227349317963,36.883841404289441]]},"properties":{"County":"MON","Route":1,"bPM":101.443,"ePM":102.03100000000001}},{"type":"Feature","geometry":{"type":"LineString","coordinates":[[-121.76618329464233,36.771725636048927],[-121.7663698432858,36.771866073153696],[-121.76638492420281,36.771877425861909],[-121.76640554952175,36.771890912822435],[-121.76640572469321,36.771891027954162],[-121.76711412893975,36.77235428702059],[-121.76926612944112,36.773821287377224],[-121.77140212915064,36.775303287279442],[-121.77186413000634,36.775613287268321],[-121.77254312969865,36.776092285948963],[-121.77298513046287,36.776419286696978],[-121.77363112964491,36.776924286889475],[-121.7736884089224,36.77697242027854],[-121.77777989817332,36.780410568150266],[-121.77779681794172,36.780425194725446],[-121.77816013077856,36.78073928732524],[-121.77871813009708,36.781246287285121],[-121.77908013229197,36.78159128619594],[-121.7796121316712,36.782120287169406],[-121.77976313128394,36.782297288408479],[-121.78004113201662,36.782665286269904],[-121.78016613169008,36.782855287078199],[-121.7803371313943,36.783147287106836],[-121.78052913191324,36.783549287065519],[-121.78184913076478,36.786704287007623],[-121.78304913355898,36.78966428668145],[-121.78334513293665,36.790337287589168],[-121.78359518708083,36.791011943665126],[-121.78365613328128,36.791403287767011],[-121.78369543457497,36.791921101471324],[-121.78369613076929,36.791930288018428],[-121.7837031313403,36.792173287976631],[-121.78369113344139,36.792558287697091],[-121.78316813338463,36.798839288206167],[-121.78316413408501,36.799294288487026],[-121.78318913419935,36.79963528804165],[-121.78321957001951,36.799839777566554],[-121.78322113398643,36.799850289572923],[-121.7832393230743,36.799952158277314],[-121.78334914660934,36.800567233197597],[-121.7837691341575,36.80291928846902],[-121.78380613396742,36.803269288759694],[-121.78381813456132,36.803503288407029],[-121.78381913438621,36.803737288777867],[-121.78379870220509,36.804076182664446],[-121.78379749217439,36.804096256794601],[-121.78372713432471,36.805263289158269],[-121.78370513458341,36.806211289276312],[-121.7837251346749,36.806571287885227],[-121.78376513485784,36.806930288648509],[-121.78383113498008,36.807286289213721],[-121.78395409188458,36.807793588921527],[-121.78397413599355,36.807876288792826],[-121.7841071351646,36.808485288029821],[-121.78429553703252,36.808930484059957],[-121.78500513514007,36.810607289247891],[-121.78527313672529,36.811269290049417],[-121.7853801350588,36.811583287126531],[-121.78543713585854,36.811794288014397],[-121.78550213525754,36.812117289422886],[-121.78564913557064,36.813860289279297],[-121.78588185582308,36.816938579746953],[-121.78588274156195,36.816950284633293],[-121.78599213660061,36.818397289936712],[-121.7859831363798,36.818760289717822],[-121.78595013676781,36.819030289882711],[-121.78586713602884,36.819387289141851],[-121.78578713476459,36.819640287707273],[-121.78572013661406,36.819806290279573],[-121.78560013516685,36.820049288803766],[-121.78545813757154,36.82028529097034],[-121.78535313619295,36.820438288347816],[-121.78510213702107,36.820740290381394],[-121.78470913755899,36.821122289465428],[-121.78442713752671,36.821355288921211],[-121.78412013648173,36.821565289921551],[-121.78378913604563,36.821751290223666],[-121.78343713569311,36.821911290175926],[-121.78004900395345,36.823344385812007],[-121.78004886920617,36.823344443339202],[-121.7785811379146,36.823975291136811],[-121.77829213461631,36.824108290639558],[-121.77786913591534,36.824319290079274],[-121.77745713528839,36.824544292276066],[-121.77691513496505,36.824894290063746],[-121.77652613659926,36.825173290794083],[-121.77615313543205,36.825464291067377],[-121.7755661349029,36.825951291181397],[-121.77254013561384,36.82850729165979],[-121.7722091351777,36.82880829186616],[-121.77205613501685,36.82896729198216],[-121.77191113615019,36.829130291762525],[-121.77165013513599,36.829473292521776],[-121.7714261357283,36.829832291577169],[-121.77132813492069,36.830017291750536],[-121.77116513561239,36.830393293165159],[-121.77107613502562,36.8306242921158],[-121.7709946892704,36.830972957793016],[-121.77099328250864,36.830978981727483],[-121.77097513564162,36.831463292142438],[-121.77096813507059,36.831943291188914],[-121.77098613551225,36.835762293281441],[-121.77097575008926,36.838145654514612],[-121.77097538537325,36.83822936334974],[-121.77097518235399,36.838275868618013],[-121.7709751365399,36.838286292667384],[-121.77113513637347,36.845919293235738],[-121.77109907350641,36.852874563179988],[-121.77105712218265,36.852954502976672],[-121.77107036963812,36.853725366288067],[-121.77109440496187,36.853815878076141],[-121.7710899762675,36.854833321101509],[-121.77107948933489,36.855847927198866],[-121.77106613947147,36.860603293329547],[-121.77102890609957,36.865333664894692],[-121.77090993322334,36.86555733471863],[-121.77077086683082,36.866279745032543],[-121.77071033205878,36.866594206995828],[-121.77040608524847,36.867638136230497]]},"properties":{"County":"MON","Route":1,"bPM":93.694999999999993,"ePM":100.88200000000001}},{"type":"Feature","geometry":{"type":"LineString","coordinates":[[-121.76533406150872,36.757113772090811],[-121.76537212672058,36.757470285544123],[-121.76545412673632,36.758043285773788],[-121.76555812559509,36.75861428600134],[-121.7656161262197,36.759088285377608],[-121.76570812717955,36.760167285856866],[-121.76575792259237,36.761063424331468],[-121.7655969229339,36.762756425378043],[-121.76529192333537,36.765679425345553],[-121.76515992488751,36.766713424396727],[-121.76510990938746,36.767611043624825],[-121.76506520742227,36.768422311944242],[-121.76518192373051,36.770020425114204],[-121.7652159240657,36.770240425980887],[-121.76529792497979,36.770530426126093],[-121.76543327324534,36.770827354040641],[-121.76554392323044,36.771012424119526],[-121.76572692352856,36.77126742534815],[-121.76583092508224,36.771390425764551],[-121.76593892324065,36.771508427084235],[-121.76611792423911,36.771676425039708],[-121.76618329464233,36.771725636048927]]},"properties":{"County":"MON","Route":1,"bPM":91.260999999999996,"ePM":92.287999999999997}},{"type":"Feature","geometry":{"type":"LineString","coordinates":[[-121.91126959880081,36.575655212157898],[-121.91086913074548,36.575941259634277],[-121.91021012934799,36.576374259071102],[-121.9095318204601,36.57680671647266],[-121.90921791226891,36.576999889104968],[-121.90681912659268,36.578444796410906],[-121.9067601252448,36.578481173666297],[-121.90368969168854,36.580374122055062],[-121.90357276068296,36.580446211795362],[-121.90355649039651,36.58045624310963],[-121.90337317568806,36.580565525631968],[-121.902649070687,36.580997204293546],[-121.90197432361921,36.581334578234383],[-121.90127630838893,36.581584699217863],[-121.90084004965603,36.58168940242836],[-121.90024673756372,36.581817372024545],[-121.89969776092391,36.581881249982928],[-121.8996031287986,36.581892261428706],[-121.89955870441287,36.58189966538982],[-121.89937051814063,36.581931030505991],[-121.89918603921556,36.581961777410953],[-121.89887112850452,36.582014260064163],[-121.89674561213434,36.582323432777407],[-121.89547240562767,36.582500294942896],[-121.89534073416657,36.582515784420316],[-121.89531797534885,36.582518462780286],[-121.89509996141589,36.582551771673316],[-121.89383140009755,36.58278877540053],[-121.89301705213967,36.582899294609703],[-121.891439847656,36.583103976145232],[-121.89127536702578,36.583125322068732],[-121.89126812750291,36.583126261975949],[-121.8910681831819,36.583157762205779],[-121.88835198678319,36.583585676143564],[-121.88727762685623,36.583777630071246],[-121.8868413681233,36.583893966142838],[-121.88624805423436,36.584085920025267],[-121.88556167398363,36.584394209469401],[-121.88493346054588,36.584731584433854],[-121.88447393454882,36.585022422493296],[-121.88395624084048,36.585400514660215],[-121.88346812685779,36.585842262539806],[-121.88301412639805,36.586363262662381],[-121.88259212662365,36.586934261612484],[-121.88229912672068,36.587527263198105],[-121.8820250677955,36.588168141888694],[-121.88193012664976,36.588403263112006],[-121.88192663579655,36.588413975734106],[-121.88169612629804,36.589121263003115],[-121.88140812731625,36.589892262208636],[-121.88117312803794,36.590356263075407],[-121.88090412662777,36.590770263489723],[-121.88053912765314,36.591187263590626],[-121.88042901665716,36.591298438665859],[-121.8803014145643,36.591427275158345],[-121.88002212654585,36.59170926336396],[-121.87964940834797,36.591998062821325],[-121.87949368539346,36.592118723420818],[-121.8793781270136,36.592208263803691],[-121.8787591249008,36.592580262970195],[-121.8781381267314,36.592875261916554],[-121.87738773343186,36.59312338948164],[-121.87722491198997,36.593177227702618],[-121.87714012629849,36.593205262567736],[-121.87708615910951,36.593217699023903],[-121.87663384838079,36.593321933512698],[-121.87572112681447,36.59353226359783],[-121.87356339865484,36.593881398834547],[-121.87277312554657,36.594009263833037],[-121.87169312599625,36.594144264548191],[-121.87042212575187,36.594331264010712],[-121.86973012474242,36.594504264579356],[-121.86909912562898,36.594723264263479],[-121.86875812424883,36.59486126477276],[-121.86842599912197,36.595040968703451],[-121.86839054980423,36.595060148358819],[-121.86835347004423,36.595080212236454],[-121.86799112559125,36.595276264440848],[-121.86738209028651,36.595687140805857],[-121.86735302439716,36.595706749428501],[-121.86723812448243,36.595784265031639],[-121.86685212379474,36.596122264548512],[-121.86657012466074,36.596385263986981],[-121.86646825121593,36.596491623947905],[-121.86641112644871,36.596551264882244],[-121.8658781236513,36.597197265670772],[-121.86580568350681,36.597280798983952],[-121.86450666660534,36.598778687161214],[-121.86442167699633,36.59887668735179],[-121.86433143763277,36.598980738946338],[-121.86265453811887,36.600914378121054],[-121.86223819413749,36.601394451781339],[-121.862096124677,36.601558265412152],[-121.86178512612901,36.601997265477173],[-121.86162712414863,36.602251265699664],[-121.86141512533482,36.602724264415997],[-121.86122012534118,36.603270264711618],[-121.86112912510455,36.603572265537096],[-121.86105912478438,36.60393026510831],[-121.86101249593291,36.604267683032937],[-121.86100412632942,36.604328265537653],[-121.86100021865794,36.604368705048806],[-121.860994657188,36.604426288966529],[-121.86098077013203,36.60457006504253],[-121.86096821348097,36.604700064928231],[-121.86095312537746,36.604856265699375],[-121.86094860595325,36.604932750979835],[-121.86094175899419,36.605048641950653],[-121.8609261256133,36.605313265961691],[-121.86085412564327,36.606179266038133],[-121.86072512487353,36.606941266152639],[-121.86063912735476,36.607235266251024],[-121.86049212524505,36.60764426605202],[-121.86035512497766,36.607888266083442],[-121.86025212504549,36.608028265031876],[-121.86021016833185,36.608093142384043],[-121.86002512436646,36.608379265069082],[-121.85981212662607,36.608645267217646],[-121.85953612554326,36.608936266093764],[-121.85931512471201,36.609137265152114],[-121.85894412499124,36.609426266180705],[-121.85873812512691,36.609568265535771],[-121.85812131849663,36.609928264262713],[-121.85788816795115,36.610064341830949],[-121.85784445592944,36.610089855401881],[-121.8568911260207,36.610646266484281],[-121.85621812527783,36.611063266603992],[-121.85557812504523,36.611516265615791],[-121.85510638735018,36.611857381182922],[-121.85494612431022,36.611973266796554],[-121.85315812475524,36.613402267545702],[-121.85207112463389,36.614308266433277],[-121.85105612448257,36.61511726667419],[-121.85013312439278,36.61601226839803],[-121.84910412579437,36.617272267025086],[-121.84870834604649,36.61774348211695],[-121.84870680992738,36.617745309895803],[-121.84827212504285,36.618273267952681],[-121.84706412454769,36.619819268050691],[-121.84693172904448,36.620030604501224],[-121.84690739548007,36.6200694423786],[-121.84685112501067,36.620159268999615],[-121.84677948436676,36.620277315211069],[-121.84675576794494,36.620316397380925],[-121.84630312483958,36.621062268495983],[-121.84578912500368,36.621832267172671],[-121.84568312469848,36.621945268302269],[-121.84560683167972,36.622038257827292],[-121.84553868548224,36.622121317233223],[-121.84525366172069,36.622388889843521],[-121.84502680656874,36.622592477453203],[-121.84462554619932,36.622884424401505],[-121.84404928233447,36.623202522578488],[-121.84364359147402,36.623386926780363],[-121.84331085369615,36.623505712083542],[-121.84235690125493,36.623860537738629],[-121.84203088467201,36.624002183197128],[-121.84181107500683,36.624097684220985],[-121.84180512636301,36.624100268854974],[-121.84148912419889,36.624243269271226],[-121.84143712252373,36.624271269054454],[-121.84124079841331,36.624384064741221],[-121.84111512410507,36.624456269091858],[-121.84100312395209,36.624536269048455],[-121.84094837972034,36.624570138728544],[-121.84072512411772,36.624708268962316],[-121.84033912432834,36.625019269077129],[-121.839989124524,36.625324268942229],[-121.83951830939874,36.625820795390162],[-121.83924491971844,36.626216336190126],[-121.83833750180554,36.627734519473506],[-121.83800594441396,36.628258029535289],[-121.83771510495924,36.628653569362029],[-121.83735412414885,36.62905126845159],[-121.8369511228444,36.62951126848067],[-121.83641912436347,36.630050269476797],[-121.83533912391481,36.631189269235172],[-121.83467612501434,36.631903270075377],[-121.83398412310656,36.632609269039641],[-121.8327656536451,36.633902531089696]]},"properties":{"County":"MON","Route":1,"bPM":75.224000000000004,"ePM":81.504999999999995}},{"type":"Feature","geometry":{"type":"LineString","coordinates":[[-121.64484837742572,36.131631305400759],[-121.64506472139053,36.13196725241724],[-121.64518994115124,36.132177989359654],[-121.645278511445,36.132306261188077],[-121.64539151411785,36.13251699649463],[-121.64623512559442,36.13396296134092],[-121.64634431491886,36.1341458992094],[-121.64689459321754,36.135067818348062],[-121.6470519538008,36.135292365630882],[-121.64721277918611,36.135567037148633],[-121.6473392727579,36.135789302759818],[-121.64777592764786,36.136319979475026],[-121.64848981341423,36.137011257585286]]},"properties":{"County":"MON","Route":1,"bPM":33.409999999999997,"ePM":33.835999999999999}},{"type":"Feature","geometry":{"type":"LineString","coordinates":[[-121.59796670411936,36.069163851417159],[-121.59803297373618,36.069212560609166],[-121.59847247718386,36.069504170341062],[-121.59869069772932,36.069621781400301],[-121.59869735334726,36.069624920374594],[-121.59888507519048,36.069713437509655],[-121.59911840360238,36.069795177773983],[-121.59922189221807,36.069831432367273],[-121.59999483682451,36.070008356430925],[-121.6012226685279,36.070330477724156],[-121.60177306450585,36.070506129260657],[-121.60354750848322,36.071411837569883],[-121.60531403201469,36.072141233754365],[-121.605492377243,36.072237673287191],[-121.6056670321921,36.072380235795059],[-121.60580267600336,36.072540032358418],[-121.60605616800015,36.072900419322053],[-121.60643488065594,36.073550948662174],[-121.60652955769699,36.073746718275906],[-121.60657842425182,36.073878045732556],[-121.60659703105628,36.073960236188874],[-121.6066120194468,36.074110159364054],[-121.60660896607317,36.074232324693071],[-121.60658758616941,36.074354488380223],[-121.60654177478486,36.074501087603764],[-121.60647763956513,36.074629361427959],[-121.60631271426888,36.075001964951781],[-121.60627301232657,36.075147646681728],[-121.60624552477719,36.075318678446862],[-121.60623303190654,36.07549623490511],[-121.60624857815084,36.075648523542178],[-121.60627703228747,36.07578923496613],[-121.60633103900234,36.075926449472092],[-121.60642445750368,36.076096835536688],[-121.60648903199959,36.076199234715723],[-121.60669603348545,36.076434235520985],[-121.60678305059209,36.076503679009932],[-121.60701211380301,36.076656386076323],[-121.60727171254706,36.076796874979564],[-121.60754047590366,36.076915986755147],[-121.60847809248145,36.077380212825382],[-121.60936073485881,36.077832223531658],[-121.60976693506397,36.078082663612768],[-121.61019756674995,36.078388077850832],[-121.61049687102957,36.078607972928253],[-121.61060987460071,36.078702651903654],[-121.61073509346312,36.078824816632839],[-121.61086947424312,36.079011118840661],[-121.6109824787126,36.07921879904162],[-121.61102523672346,36.079334855684515],[-121.61109548048712,36.079493671059645],[-121.61115045558589,36.079631107071286],[-121.61122375541811,36.079771596468184],[-121.61131537818721,36.079893762440648],[-121.61174906414513,36.08036409701262],[-121.61209418070762,36.080755026107887],[-121.6123415659571,36.081081816606286],[-121.61249121809689,36.081304768606493],[-121.61265763369823,36.081602781106248],[-121.61293406507409,36.082071355080771],[-121.613135638939,36.082422579180857],[-121.61334637382318,36.082754868648735],[-121.61339524037804,36.082852601218455],[-121.61349724138357,36.08304562667972],[-121.61352472803465,36.083152521548584],[-121.6136119939746,36.083588312596824],[-121.61366081112209,36.083755823877631],[-121.61372499485083,36.083878454819647],[-121.61379025296462,36.083994140870097],[-121.61399384893724,36.084242228766989],[-121.61453603431349,36.084811235906677],[-121.61492841124308,36.085338662193223],[-121.61528574489344,36.085677669003744],[-121.61545372266505,36.085781509079887],[-121.61571637747771,36.085912836038666],[-121.61666125423965,36.086145238649486],[-121.61686900581876,36.086236574229389],[-121.616975900846,36.086300711033182],[-121.61723244801304,36.086504419884371],[-121.61742485726542,36.086718210234331],[-121.61755923894373,36.086971702944155],[-121.6175989399877,36.08710913895122],[-121.61761115797391,36.087280170107221],[-121.61760703560506,36.087483236136514],[-121.61761203562793,36.08775023617612],[-121.61770583770991,36.088241302282917],[-121.61774248717686,36.088515257842026],[-121.61776691955595,36.088768751290218],[-121.61775775763837,36.08903445988777],[-121.6176368605708,36.089479878239189],[-121.61756839996299,36.089767451449873],[-121.61757161952498,36.090139137541911],[-121.61758367222114,36.090224654588546],[-121.61761421314418,36.090331549132735],[-121.61773403582667,36.090570236007942],[-121.61790056461571,36.090822868427558],[-121.6182922300796,36.091339411467693],[-121.61837774610137,36.091492117304583],[-121.61848158595834,36.091718122705338],[-121.61855141470029,36.092010309554489],[-121.61858163492479,36.092305649356128],[-121.61862147161439,36.092563902635973],[-121.6187265268919,36.093271757771369],[-121.61880593436976,36.093494707140053],[-121.61898307316063,36.09385112618471],[-121.61918058125057,36.094297476856603],[-121.61927016214904,36.09451998052846],[-121.61936484008839,36.094800958846839],[-121.61944119329428,36.095066669554178],[-121.61949616749473,36.095405677962098],[-121.61951754650018,36.095671386624808],[-121.61954437827941,36.095930138403538],[-121.61959084453579,36.096611141935291],[-121.61962444152741,36.096974582584082],[-121.61966414436803,36.097267778427039],[-121.61970003565689,36.097431236425578],[-121.61985350024676,36.097841955138406],[-121.61998177427944,36.098132097010456],[-121.62018944590849,36.098561358801241],[-121.62026003552354,36.098718237985132],[-121.62034826984738,36.09900863211687],[-121.62039408213023,36.099543103891762],[-121.62038186504238,36.09982530614694],[-121.62034521557541,36.100069635816986],[-121.62034866690274,36.100392324945361],[-121.62035477365005,36.1004900580864],[-121.62038836884503,36.10066414414888],[-121.62042502010863,36.100810742218947],[-121.62058957440067,36.101324570377798],[-121.6209449488254,36.102333423993151],[-121.62119731792806,36.102974111066906],[-121.62124923785653,36.103090168202478],[-121.62134086242226,36.103218442557804],[-121.6223823197553,36.104521638183869],[-121.62255500739397,36.104760054063497],[-121.62259610891145,36.104827051311723],[-121.62269078685085,36.105062219111829],[-121.62275186959521,36.105266234967317],[-121.62282822280112,36.105672434678624],[-121.6229174650347,36.106025912084441],[-121.62304564294762,36.106478696496978],[-121.62312635388096,36.106609208670186],[-121.62334100991137,36.106823864602056],[-121.62399903933171,36.107273237686201],[-121.62425303887662,36.107454236105276],[-121.62458703788911,36.10776123667646],[-121.62477675668725,36.10798746236415],[-121.62496203870617,36.108332236287531],[-121.62512003709328,36.108866237490702],[-121.62517379317822,36.108967837755451],[-121.62527457966152,36.109126651317951],[-121.6253710389601,36.109262238574644],[-121.62555555920767,36.109404578634106],[-121.62579403855939,36.109572237373861],[-121.62672203687546,36.110035236413495],[-121.62688104946052,36.110149785198352],[-121.62707040713589,36.110302491492867],[-121.62718603917757,36.110415237166094],[-121.6275010370252,36.110836964814133],[-121.62851503824993,36.112477237237492],[-121.62866160827002,36.112776335496754],[-121.62878003946211,36.113059237696405],[-121.62914416078276,36.114097855396906],[-121.62935136169463,36.115415796465996],[-121.62953703987058,36.116073238041182],[-121.62997488412996,36.117269874241963],[-121.63001764214084,36.117410363846545],[-121.63012453537144,36.117938728050305],[-121.63017138700512,36.118285749200325],[-121.63020386289925,36.118500308636378],[-121.63039329962636,36.119687826369002],[-121.63044475063425,36.11996036975669],[-121.63048157347605,36.120177478880855],[-121.63051747464638,36.12029779478884],[-121.63079603952104,36.120702236908279],[-121.63093387971323,36.12085389445609],[-121.63105504088546,36.120964238364493],[-121.63138704024817,36.121190238081866],[-121.63417703953569,36.122831238283261],[-121.63568549325571,36.123901300880362],[-121.63673000575908,36.124670942385052],[-121.63720950399986,36.125046599267996],[-121.63755767303766,36.125287876268025],[-121.6377220503616,36.125383278296226],[-121.63813204325392,36.125610238312639],[-121.63872864587513,36.125936260360682],[-121.63905114106213,36.126112490009675],[-121.64026668560906,36.126766073344484],[-121.64076104288296,36.127064237774],[-121.64170212785606,36.127728124308881],[-121.64200304461163,36.127987739132379],[-121.64216940811068,36.128131267834839],[-121.64230204166743,36.128254238017689],[-121.64296004324001,36.128927239160163],[-121.64357404353335,36.129644238047696],[-121.64373006742343,36.129881283998635],[-121.64411488862318,36.13047378400946],[-121.64444778719948,36.130996039013887],[-121.64468906390501,36.131383913462045],[-121.64484837742572,36.131631305400759]]},"properties":{"County":"MON","Route":1,"bPM":28.013000000000002,"ePM":33.409999999999997}},{"type":"Feature","geometry":{"type":"LineString","coordinates":[[-121.5965529597797,36.068158249864155],[-121.59708773944476,36.06851778991679],[-121.59796670411936,36.069163851417159]]},"properties":{"County":"MON","Route":1,"bPM":27.939,"ePM":28.044}},{"type":"Feature","geometry":{"type":"LineString","coordinates":[[-121.58680258639706,36.046824469472668],[-121.58698807233357,36.046978323630078],[-121.58784727227528,36.047788890178424],[-121.58827417235953,36.048210385145843],[-121.58903069935583,36.048691321450178],[-121.5895332528584,36.049047971174843],[-121.5896340393417,36.049133487149724],[-121.58974093347059,36.049246489066562],[-121.58982071105436,36.049380944184449],[-121.58983866298699,36.04952746938072],[-121.58982971127519,36.049681943594734],[-121.58978368878654,36.049838990760954],[-121.58971955446516,36.049958101230658],[-121.58960890627667,36.050112515770131],[-121.58947158081916,36.050221057592076],[-121.58932590641946,36.050319516204155],[-121.58846330635441,36.050750162604466],[-121.58804180963659,36.050966313972403],[-121.58776081481906,36.0511392336226],[-121.58762032280022,36.051270561779219],[-121.58751037529764,36.051432430441189],[-121.58744198924998,36.051593150527076],[-121.58742037578426,36.051793092034927],[-121.58742037398763,36.052138933133051],[-121.58767336921603,36.054473644343034],[-121.58773919865837,36.054619268952074],[-121.58782025544312,36.054743554690496],[-121.58790853647933,36.054837085872101],[-121.58798102782782,36.054893234884865],[-121.58811621709155,36.054986736838771],[-121.58923402763051,36.055600235214172],[-121.58942517744488,36.055737850235246],[-121.58959269617738,36.055883752832607],[-121.58984602737569,36.056198236057007],[-121.58992426255212,36.056309786258787],[-121.59004948231281,36.0565785486747],[-121.59014928514087,36.056834818322329],[-121.59039874370201,36.057809555056529],[-121.59098687161686,36.060239198657847],[-121.59117060044866,36.061038958020539],[-121.59119221481271,36.061152436652499],[-121.59120748437589,36.061271548155617],[-121.59125705970148,36.061498279467642],[-121.59126927768766,36.061614336116989],[-121.59125400542952,36.061779259614234],[-121.59117600381508,36.063081586843346],[-121.59116989437285,36.0632709428493],[-121.59117294954312,36.063537872609672],[-121.5912065447381,36.063653930607536],[-121.59153805721395,36.064297437485727],[-121.5917915492107,36.064810530556869],[-121.59190455188356,36.06513121357019],[-121.59197576313277,36.065448442439255],[-121.59205681991749,36.0656808045999],[-121.59215683025636,36.065886614599037],[-121.59228205001708,36.065984347801006],[-121.59237672705814,36.066045429538264],[-121.59478572927409,36.067069575965142],[-121.59527747245052,36.067312746888575],[-121.5961312699241,36.067874737986706],[-121.5965529597797,36.068158249864155]]},"properties":{"County":"MON","Route":1,"bPM":26.128,"ePM":27.939}},{"type":"Feature","geometry":{"type":"LineString","coordinates":[[-121.92638221194709,36.523081439022661],[-121.9262705702219,36.523171272404269],[-121.92573610586552,36.523601332030715],[-121.92449712606947,36.524598253451778],[-121.92411412665315,36.524898254850434],[-121.92147712572985,36.527026254861262],[-121.92051312473384,36.527796254081359],[-121.92014112608649,36.528109254509403],[-121.91951412627269,36.528665255296872],[-121.9191969095863,36.528960200267612],[-121.91919373314346,36.528963155508066],[-121.91863112636585,36.529486255110967],[-121.91824021189355,36.529870641421965],[-121.91770912520263,36.530454255537649],[-121.9173564475204,36.530824018551662],[-121.91700102458665,36.531257005945051],[-121.91657885862395,36.531771292486759],[-121.91600064990648,36.532489891045955],[-121.91569212621712,36.532840257221658],[-121.91434012578189,36.53446225599702],[-121.91413812611553,36.534669255807934],[-121.91338522651633,36.535386754143275],[-121.9130961244034,36.535662256046379],[-121.91212012550847,36.536599256155505],[-121.91195112455574,36.536775255120467],[-121.91178771202239,36.537023047605253],[-121.9117868837757,36.53702430276585],[-121.91166069563113,36.537215647753612],[-121.91150352908396,36.537468364889371],[-121.91140356635577,36.537703054395323],[-121.9112688388261,36.538042052298707],[-121.91110368535772,36.538328895850789],[-121.91080412595655,36.538746256363616],[-121.91059412589429,36.539000256826],[-121.91032303500279,36.539316656103118],[-121.91024641050568,36.539411328723382],[-121.91024286485525,36.539415709740808],[-121.91003862299394,36.539668064586635],[-121.90950112592516,36.540322258160018],[-121.9090031268811,36.540877256708534],[-121.90875678277905,36.541136487787576],[-121.90852209162288,36.541427679111365],[-121.90829012505695,36.541790256830247],[-121.90823524787456,36.541953558934082],[-121.90818309438411,36.542157391976495],[-121.90816136234075,36.54252681251041],[-121.90818744223007,36.542757157076608],[-121.90824393997323,36.542987500956556],[-121.90834348228988,36.54328923964011],[-121.908428500645,36.543465594336901],[-121.90847752979489,36.543567296388325],[-121.90896912474929,36.544390257642078],[-121.90906412608213,36.544541257186538],[-121.90929770781895,36.544982062420814],[-121.90942857798281,36.545341361413954],[-121.90956658705825,36.545893396762622],[-121.90964829512154,36.546412300723425],[-121.90964835441034,36.546412676720664],[-121.90974980654528,36.547056952218064],[-121.90996044890296,36.548313291420797],[-121.90996960453235,36.548367895543734],[-121.91001630704564,36.548646433415129],[-121.91031373923622,36.55050955061833],[-121.9105348936794,36.552037721763725],[-121.91054260481779,36.552091001949449],[-121.91057785920111,36.552334598147283],[-121.91064324397739,36.552713419725038],[-121.91065072335044,36.552756756180358],[-121.91087767102887,36.554071604893529],[-121.91114893170194,36.555858579912091],[-121.91116782147576,36.555997695485971],[-121.91116913750763,36.556007387940397],[-121.91139595942194,36.557677648396755],[-121.9114102210754,36.557765950089063],[-121.91156169499861,36.558703755270706],[-121.91165734222017,36.559454739769095],[-121.91167335109685,36.559609846590092],[-121.91168606405473,36.559733024822464],[-121.91169095268651,36.559806354709295],[-121.91171210980809,36.56012372734817],[-121.91174387154159,36.560724880561288],[-121.91175256453859,36.56141591329429],[-121.91171720595071,36.561881563742809],[-121.91166998870273,36.562089561619246],[-121.9115613356725,36.56245028981008],[-121.91147441199065,36.562780593690292],[-121.91144160461818,36.562927959037353],[-121.91142225939851,36.563054399781855],[-121.91141356729983,36.563245629830995],[-121.91141612929502,36.563440258510226],[-121.91143012864042,36.563587258951138],[-121.91149179708636,36.563834093171046],[-121.91162720284406,36.564096274749424],[-121.91187704678246,36.564500783765766],[-121.91236959484937,36.565162273743951],[-121.91241809758651,36.565232102770885],[-121.9124559543892,36.565286607636871],[-121.91270509854,36.565645302851905],[-121.91283834923935,36.565857076317094],[-121.91291687097834,36.566052192644676],[-121.91293933964023,36.566179292054784],[-121.91296483562462,36.566323520339104],[-121.91298331486834,36.566464840722972],[-121.91298543309577,36.566481038319253],[-121.91299747411382,36.566573125738245],[-121.9130042474111,36.566680800938819],[-121.91299990136174,36.566915491937756],[-121.91299242288697,36.567004482918719],[-121.91297680208251,36.567190353342767],[-121.91271155473194,36.567937101048066],[-121.91266547475115,36.56814268946782],[-121.91266398085283,36.56814935090064],[-121.91263028953807,36.568299671286354],[-121.91251012908907,36.568572259442483],[-121.91246912908117,36.56885925952804],[-121.91244812916477,36.56907425926304],[-121.91243212837293,36.569363259561129],[-121.91244714191627,36.569828015104108],[-121.91246912908117,36.57004125970834],[-121.91257034226423,36.570764006579317],[-121.91260134671796,36.570971158080773],[-121.91260783704587,36.571002803231941],[-121.9128161294108,36.572018259186677],[-121.91286012979175,36.572263259251862],[-121.91287912915999,36.572468259725035],[-121.91288412828457,36.572715259632112],[-121.91285512976886,36.573045260623516],[-121.9127871299968,36.57341125893258],[-121.91271923173436,36.573598311512207],[-121.91268512988955,36.573692259668135],[-121.91241812992585,36.574343260075324],[-121.91227412998582,36.574620258586414],[-121.91226031749002,36.574640006745547],[-121.91225650054835,36.574645465010605],[-121.91203912980917,36.574956260121603],[-121.91191913105689,36.575107259096512],[-121.91180613018068,36.575230259677248],[-121.91167112956316,36.575353260062037],[-121.91150612970671,36.575486259747343],[-121.91126959880081,36.575655212157898]]},"properties":{"County":"MON","Route":1,"bPM":71.170000000000002,"ePM":75.224000000000004}},{"type":"Feature","geometry":{"type":"LineString","coordinates":[[-121.34525237081142,35.795179602756512],[-121.34543790256198,35.795578042089886],[-121.34584990318893,35.796184043390895],[-121.34604108354606,35.796383462982106],[-121.34650460165624,35.796717762344265],[-121.34665114113358,35.79690023728093],[-121.34675580923722,35.797098062316422],[-121.34679418885943,35.797328335029817],[-121.34669425847059,35.79756727247473],[-121.34614698234162,35.79830490553362],[-121.34608069116523,35.798480051431127],[-121.3460562686676,35.798661480417607],[-121.34606313718626,35.798813925211348],[-121.34610860271943,35.799002703554223],[-121.34617813681399,35.799225926660931],[-121.34629142694773,35.799304165674798],[-121.34638563057663,35.799311143451845],[-121.3464798324089,35.799279741628759],[-121.34656007891324,35.799192517515515],[-121.34661939377312,35.799070402138938],[-121.34669963937912,35.798927353145999],[-121.34677040147069,35.798852181173658],[-121.34692744584699,35.798747483976037],[-121.34731870886563,35.798599390277232],[-121.3474513316426,35.798582261527031],[-121.34758732939008,35.798585532959052],[-121.34774090716768,35.798634181833009],[-121.34782810124241,35.798738951311577],[-121.34779832927728,35.799052055271531],[-121.34771266952505,35.799789688388188],[-121.34770315007799,35.800189439378265],[-121.34776501794992,35.800408349556818],[-121.34787447137907,35.800627259132092],[-121.34818410628446,35.800960688196355],[-121.34843169634982,35.80115472616037],[-121.34863589868525,35.801345856621573],[-121.34879770323424,35.801740846557401],[-121.34894998743783,35.802016865281765],[-121.34913082728767,35.802292882318469],[-121.34915873974019,35.802435930351187],[-121.34915176072874,35.802565022417056],[-121.34900709513708,35.802792568292666],[-121.34897854128744,35.802940096823214],[-121.34901435711782,35.803043664322466],[-121.34909809357704,35.803130890764322],[-121.34924980196054,35.803211353145038],[-121.3494020861641,35.803339845802689],[-121.34948298843861,35.803482612183309],[-121.34951629976598,35.803606344733204],[-121.34949250429243,35.80378242533736],[-121.34949726536342,35.80392519237963],[-121.34959530210365,35.804082181261109],[-121.34987967279,35.804180934452425],[-121.35006357589495,35.804134584646036],[-121.3502920066919,35.803996574711697],[-121.35048236059896,35.803863326377112],[-121.35072506652408,35.803744352431345],[-121.35092594419466,35.80363265077073],[-121.35112481502887,35.803534960593318],[-121.35130196639618,35.803527226214811],[-121.3514720022081,35.803560036119407],[-121.35164353820656,35.803672970601134],[-121.35218605595946,35.804391566766519],[-121.35232882430924,35.804639030298894],[-121.35233834106138,35.804962636302108],[-121.35237165328704,35.805114922566673],[-121.35243794356514,35.805209125450055],[-121.35258448214417,35.805383574210552],[-121.35285230496464,35.805657440557631],[-121.35313396723039,35.805854227476814],[-121.35336450098347,35.805953907348879],[-121.35365596656391,35.805981227459782],[-121.35442750800189,35.805957251330952],[-121.35509851628144,35.805909662591468],[-121.35553157791024,35.805971528457171],[-121.35601223048619,35.806080984397198],[-121.35638170846084,35.806218994352427],[-121.35657011482031,35.806424845005672],[-121.35669130024711,35.806643231672169],[-121.35678793471716,35.806780545633927],[-121.35693070396528,35.80686620746507],[-121.35716873415937,35.806934906173183],[-121.35743039004544,35.807032768472396],[-121.35787296842635,35.807280231061021],[-121.35832506625434,35.807556249478075],[-121.35843390972744,35.807615706298819],[-121.35860785500746,35.807671282245572],[-121.3591430461009,35.807825317591039],[-121.35927619708727,35.807873753178612],[-121.35939106466265,35.807970276033565],[-121.35959995440726,35.80816585007102],[-121.35968611901265,35.80822725740007],[-121.35988596541728,35.808333563048386],[-121.36014507098626,35.808423267184452],[-121.36027332795095,35.808448457000893],[-121.3603710188398,35.808483348420395],[-121.36048615501146,35.808539172182833],[-121.36059780392316,35.808622907388582],[-121.36072356446967,35.808769774530091],[-121.36080446494753,35.808912542078367],[-121.36085205499631,35.809126693648111],[-121.36082065438558,35.809255786495868],[-121.36067597352255,35.809326568119765],[-121.36055700064631,35.809369399130809],[-121.36040471734105,35.809412230118753],[-121.36020008201763,35.809483613347531],[-121.35998593173873,35.809607345290942],[-121.35974798329133,35.80982625574056],[-121.35949100313631,35.810159380288532],[-121.35935775333527,35.810321183864716],[-121.35918167365813,35.810516299717641],[-121.35904520429511,35.810683852562242],[-121.35897703923304,35.810844665778262],[-121.3589342093569,35.811044539568471],[-121.35891993153379,35.811277726599599],[-121.35864391428126,35.8116869949665],[-121.35861060115728,35.811943976690209],[-121.35887234417993,35.813376411846619],[-121.35891993153379,35.814152116097766],[-121.35890089623291,35.814570900786542],[-121.35886282563119,35.814832641643363],[-121.35876288625919,35.815032517050781],[-121.35857768059705,35.815304671045254],[-121.35856996856035,35.815462226748451],[-121.3586579271014,35.815615189275753],[-121.35872096907141,35.815656227099673],[-121.35887069487305,35.815714577172614],[-121.35900083380825,35.815698766231655],[-121.35911028813574,35.815665454342479],[-121.35921022750773,35.815608346965398],[-121.35957666378685,35.815089624841981],[-121.35999544938916,35.814575659069931],[-121.3603142965178,35.814318678578594],[-121.36046658251801,35.814204464031477],[-121.36072832284573,35.814066454841004],[-121.36092819979307,35.813942724017728],[-121.36103765322223,35.813823750601664],[-121.36116138447453,35.813657187811039],[-121.36129463607219,35.81333358153983],[-121.36148974925359,35.812971902553336],[-121.36166194551377,35.812551858637896],[-121.36170866150181,35.812224752620374],[-121.36175149137792,35.812067707714128],[-121.36191664304965,35.811787768255535],[-121.36202976699508,35.811694267420201],[-121.36217979463066,35.811596574774164],[-121.36237021052143,35.811550518504035],[-121.36265896857964,35.811532227698585],[-121.36299696868844,35.811564227135008],[-121.36344482018008,35.811623787313778],[-121.36387396515423,35.811668096636865],[-121.36411667646927,35.811686994238009],[-121.36459256887251,35.811601333235799],[-121.36497804135082,35.811506154478927],[-121.36518582526926,35.811479692239303],[-121.36541958666915,35.811483180957389],[-121.36561204263391,35.811524022040352],[-121.36595512720724,35.811712896204682],[-121.36618133467388,35.81188821432827],[-121.3662556379243,35.812008960124452],[-121.36638570679089,35.813126936549395],[-121.36656915175507,35.813491274463821],[-121.36680070868924,35.813671464281519],[-121.36707587793211,35.813830488166936],[-121.36744296908307,35.813940225389139],[-121.36782001177076,35.814002231420098],[-121.36803643029577,35.814018776260603],[-121.36844454211587,35.814040610462094],[-121.36876552813317,35.814068521487641],[-121.36900277948793,35.814096432503376],[-121.36926646287159,35.81415728307293],[-121.36962876600208,35.814310089310034],[-121.36971085764601,35.814381473235223],[-121.36982150134291,35.814592055914147],[-121.36985362509748,35.814709837881786],[-121.36990294799648,35.815156254917234],[-121.37003208441182,35.816155361338232],[-121.37008205319951,35.816412343169432],[-121.37018555978149,35.816651478161425],[-121.37028549735686,35.816797816177669],[-121.37041259729143,35.81695950715968],[-121.37058405244152,35.817112165230689],[-121.37073630879732,35.817220390060861],[-121.37089680180598,35.81732157153359],[-121.37107889480566,35.817412071161428],[-121.37127200384568,35.817468245578119],[-121.37143251392231,35.817496104408612],[-121.37158254065962,35.817513549589449],[-121.37335475950998,35.817607396132153],[-121.37352506032492,35.817680164021333],[-121.37382822556364,35.817805719559146],[-121.3739067464043,35.817905656132922],[-121.37395671609031,35.818091253958336],[-121.37397099032017,35.81825543642848],[-121.37390065133512,35.818563499266787],[-121.37381499158288,35.818877588567645],[-121.37381499158288,35.819070325512442],[-121.37395173133878,35.819243699277614],[-121.37440606327688,35.81964068709803],[-121.37447744610432,35.819747763421041],[-121.37453455470188,35.819883392494432],[-121.37454883072836,35.820011883671789],[-121.3745131388655,35.820126096420324],[-121.37430902187,35.820571405694125],[-121.37418992592458,35.820800776337094],[-121.37411491480174,35.821068299800721],[-121.37408661876863,35.821214355798453],[-121.37417228031747,35.821438025626335],[-121.37421730387949,35.821508016281065],[-121.37432397163296,35.821617227917955],[-121.3744832923402,35.821729804574218],[-121.37462100676818,35.821779100651199],[-121.37482866043095,35.821836883906428],[-121.37511828177011,35.82186466690802],[-121.37553376426713,35.821840307342633],[-121.37572565878486,35.821812395407292],[-121.37584777306964,35.821756572235664],[-121.37598035632074,35.821672836311947],[-121.37606770760064,35.821597493571694],[-121.37639733900426,35.821181403137906],[-121.37653252736969,35.821101112655874],[-121.37671015394577,35.82104190411858],[-121.37687120390991,35.821030062551515],[-121.37701300297751,35.821037973682898],[-121.37713623386817,35.821076293237269],[-121.3772738207354,35.821144533144427],[-121.37738082715373,35.821230036714816],[-121.37746188393845,35.821327303050893],[-121.37752898719187,35.821453618362845],[-121.3775501308387,35.821590572382114],[-121.37761859324314,35.822283774379542],[-121.37761859324314,35.822408060344415],[-121.37766990860541,35.822530425365144],[-121.37773209987085,35.822623159562646],[-121.37791699202097,35.822785331794691],[-121.37810213839425,35.822874508280819],[-121.37823231146547,35.822926067454119],[-121.37833511017502,35.822961103286666],[-121.37857186026982,35.822981084214852],[-121.37920736982431,35.822949505284974],[-121.37936597277759,35.822948226248833],[-121.37962339580206,35.823018686105399],[-121.37984583932764,35.823087414542009],[-121.37998003146144,35.823150617438884],[-121.38014187194301,35.823253247380286],[-121.38026818136017,35.823355876460653],[-121.38040633596266,35.823478241477034],[-121.38080141951617,35.824061617232879],[-121.38093310984189,35.824233943628222],[-121.38105152755928,35.824399727455621],[-121.38118968216176,35.824541829580497],[-121.38139493911935,35.824707614221516],[-121.38234149483256,35.825444984291501],[-121.38254684251997,35.8255800792139],[-121.38276779574051,35.825669560654504],[-121.38284674058602,35.8256814022578],[-121.38301555648577,35.825684208611158],[-121.38361138565753,35.8256557320952],[-121.38390998296303,35.825688003342705],[-121.38420297388282,35.825741227164372],[-121.38480562036928,35.825877286651092],[-121.38511485372774,35.825964685395945],[-121.38533136747415,35.82605106508003],[-121.38560588274352,35.82619958611641],[-121.38573398879122,35.826303689936978],[-121.38583266962351,35.82639447721963],[-121.38589888264646,35.826488587122157],[-121.3859787177224,35.826587891484749],[-121.38647538905646,35.827541650456027],[-121.386702348413,35.827855070580206],[-121.38722111111656,35.828363025407718],[-121.38757776025065,35.828627810360317],[-121.38848559588014,35.82914657366333],[-121.38873114048158,35.829325065188506],[-121.38884166470257,35.829439536200006],[-121.3891434034166,35.829822073465117],[-121.38922795285113,35.829985721122291],[-121.3893393924554,35.83033000113614],[-121.3894528739303,35.830573171283689],[-121.3896906391214,35.830919012424758],[-121.38982526064987,35.831029246763968],[-121.39002063883426,35.831138013414851],[-121.39022525080148,35.831176592467727],[-121.39052388403958,35.83129056046355],[-121.39073188535036,35.831416560586881],[-121.39168967629281,35.832165484644165],[-121.39180414771116,35.832240481608473],[-121.39188309345495,35.832323372485938],[-121.39193974930163,35.832498243804807],[-121.39199501006463,35.832735079190343],[-121.39190078577447,35.833253445673698],[-121.3918968367805,35.83336791538796],[-121.39192051996463,35.833490280261678],[-121.39198762321803,35.833612645674947],[-121.39208080276754,35.833692698461036],[-121.39219288287057,35.833754746597535],[-121.39246277720611,35.83387488088065],[-121.39269967103135,35.833949697800804],[-121.39282595349908,35.834016891755283],[-121.39290884733852,35.834076099352636],[-121.39301226498731,35.834174780282723],[-121.39308726263545,35.834293198839013],[-121.39312673460903,35.83441161649025],[-121.39313462990204,35.834553717438496],[-121.3930969761186,35.834697723293516],[-121.39293831118154,35.834912407589911],[-121.39255464252034,35.835177190351843],[-121.39239793141901,35.835306882443732],[-121.39211410960331,35.83559730244189],[-121.39203669818203,35.835689768663762],[-121.39196754048155,35.835783570411643],[-121.39191200393573,35.835958726865407],[-121.39196500274086,35.836104728515096],[-121.39202303390822,35.836183339746938],[-121.39209013805997,35.836230707884987],[-121.39215000268879,35.836265727648431],[-121.39231877996102,35.836345418726694],[-121.39247311681501,35.836371173550553],[-121.39284723009658,35.836352258521252],[-121.39303670006136,35.836316733385111],[-121.39323011542683,35.836241735904125],[-121.39384074164798,35.835928316861086],[-121.39405862532519,35.835833730945865],[-121.39422441120752,35.835782414658752],[-121.39442975440336,35.835749991667925],[-121.39463108482482,35.835742672624328],[-121.39495538203231,35.835794315198818],[-121.3951211670163,35.835853523654563],[-121.39530668708876,35.835932468679083],[-121.39591579515705,35.836457886372486],[-121.39617368350882,35.836641096564612],[-121.39635131188153,35.836743724353603],[-121.39645877464403,35.836792708879727],[-121.39690651294794,35.836957758610737],[-121.3972277783413,35.837046479308164],[-121.3973373099239,35.837085272506961],[-121.39743154948542,35.837133781274744],[-121.39756089790318,35.837227690552773],[-121.39760989201879,35.837252578473688],[-121.39770444509233,35.83731168461459],[-121.3980827094888,35.83763591045723],[-121.3981745739047,35.837733178534229],[-121.39840153236291,35.838008771378327],[-121.39934719425237,35.839105738436686],[-121.39957415271061,35.839397542729259],[-121.39976868827527,35.839559656651382],[-121.39994631664798,35.839685968432271],[-121.40003710308554,35.839725442688653],[-121.40012394232573,35.839757019312316],[-121.40026999222125,35.839792544364393],[-121.4004009315554,35.83982984554266],[-121.40055092954658,35.839849580452828],[-121.40070487024356,35.839885106919873],[-121.40083907585208,35.839940367530339],[-121.40092591688889,35.839999576532932],[-121.40101670332646,35.840106152771909],[-121.40106801779042,35.840216676559315],[-121.40107640356359,35.840494509517384],[-121.40093701737086,35.840965965402582],[-121.40088727136536,35.841267250731697],[-121.40090348236299,35.841434767798333],[-121.40094235156702,35.841586496932315],[-121.40099427149549,35.84171660163544],[-121.40106532014964,35.84185080957171],[-121.40115746034832,35.841980549738366],[-121.4012730447793,35.842098953730662],[-121.4013790154401,35.842207507863151],[-121.40160941175093,35.842373805390011],[-121.40186531662253,35.842501968874231],[-121.40200110416424,35.842558813682373],[-121.4034771978728,35.843290479959613],[-121.40363114216305,35.843401002951062],[-121.40381666313385,35.843554945666583],[-121.40398639441689,35.843704942021887],[-121.40414034858857,35.843828642470484],[-121.40424692471389,35.843891798992189],[-121.40459771862896,35.844036980666793],[-121.4048978637317,35.844139160519703],[-121.40501620599061,35.844190700779535],[-121.40517409478326,35.844285434018481],[-121.40540303582331,35.844494639736922],[-121.40551355914596,35.84465252852879],[-121.40558460959673,35.844778840938034],[-121.40561618897222,35.84494462698958],[-121.40560829457755,35.845177513455866],[-121.40550750360264,35.845730772720437],[-121.40553513398416,35.845868924915642],[-121.40558464642768,35.846014065106331],[-121.40567723578401,35.846137339616263],[-121.40576802222158,35.846204443149439],[-121.40589038803463,35.846232074899078],[-121.40649981410651,35.846266277613516],[-121.40663647930228,35.846310839932393],[-121.40678820026217,35.846406244919919],[-121.40689477728583,35.846485189636873],[-121.40697372033466,35.84658781779703],[-121.40703687728903,35.846678604443781],[-121.40708508627705,35.846763543846755],[-121.4071050010286,35.846860797818671],[-121.40715565702746,35.847924706001713],[-121.40721552435124,35.848262466972294],[-121.4072614767713,35.848489056882961],[-121.40739986852903,35.848965477047933],[-121.40742163201342,35.849052532891527],[-121.40742271178839,35.849056847854293],[-121.40755596158941,35.849298601167845],[-121.40783007531185,35.849641242075876],[-121.40814987555301,35.849934393245938],[-121.40830270952554,35.850095820848246],[-121.40850007298673,35.850230029168337],[-121.40911182569521,35.850545538950392],[-121.40930129476169,35.850675799338475],[-121.4094433956632,35.850825795332327],[-121.40954602369285,35.851070524914014],[-121.40988456728242,35.852366614340355],[-121.41001425705997,35.85271785914076],[-121.41009702064373,35.852853127513839],[-121.4101601775981,35.85296759588531],[-121.41029438500321,35.853117591912451],[-121.41046817487471,35.853247429416363],[-121.41066811650076,35.853387926836199],[-121.41089507316235,35.853517618277429],[-121.41129698840363,35.853737311918898],[-121.41138382764382,35.853800467102438],[-121.41147066688401,35.853891254956991],[-121.41153382473669,35.853989935991777],[-121.41159756379938,35.854187687223067],[-121.41170498523935,35.854808527401772],[-121.41177209478097,35.855003165478827],[-121.41187471742073,35.855219042026718],[-121.4121180180306,35.855556996903942],[-121.41221275166549,35.855667519545932],[-121.41236146147259,35.855818847217755],[-121.41260266900784,35.856035780168291],[-121.41284036592695,35.856231978409348],[-121.41444198033187,35.857401228312099],[-121.41489646498356,35.857702987057237],[-121.41509381137674,35.857808219532465],[-121.41592058932319,35.858170272260551],[-121.41632046988035,35.858343192926306],[-121.41660592303663,35.858452617418031],[-121.41664469612091,35.858467479922425],[-121.41752551132497,35.858662016553687],[-121.41801185382992,35.858759284326261],[-121.41861471770865,35.858912975172217],[-121.41989236818104,35.859099722046508],[-121.42068131986754,35.859202394308106],[-121.42134192565612,35.859351814303537],[-121.42185393841861,35.859499601012487],[-121.42297792577348,35.859710350086388],[-121.42359395715764,35.859813020829087],[-121.42425685904013,35.859948706640679],[-121.42475731946804,35.860141581891966],[-121.42504640810624,35.860267291566622],[-121.42627735157377,35.861029703014303],[-121.42784936020186,35.861874200515842],[-121.42815474787258,35.862050186808681],[-121.42837225335907,35.862203505807862],[-121.42850313969259,35.862317258140251],[-121.42867934333727,35.862506941096434],[-121.42887345130384,35.86276348306528],[-121.4291058131285,35.863130941943268],[-121.42928413679724,35.863363303973983],[-121.42953835642938,35.86357781895007],[-121.42974673862582,35.863727708997537],[-121.4308289848627,35.864324226950281],[-121.43136999793749,35.86463319199926],[-121.43246156060216,35.865308664783598],[-121.43428263612591,35.866162461821425],[-121.43467170815357,35.866324574899572],[-121.43483940924406,35.866390174081403],[-121.43499053012937,35.86642184273289],[-121.43520298977889,35.866477240639185],[-121.43541202415224,35.866551533962252],[-121.43554711909289,35.866637993935932],[-121.4356660039342,35.86674606968036],[-121.43575246318706,35.866908183020662],[-121.43581730897417,35.867043277945541],[-121.43597401917715,35.867475580011956],[-121.43608749885541,35.86765390448241],[-121.43616061543133,35.867748955473942],[-121.4378663481709,35.869529516757268],[-121.43890460750158,35.87053487290639],[-121.43911298879972,35.870695728619161],[-121.43928115701416,35.870801748947351],[-121.43970803014898,35.870988034685865],[-121.43993498950552,35.871052881686104],[-121.44040511831791,35.871166360715108],[-121.44139400983379,35.871360896751277],[-121.4422099810474,35.871539222669306],[-121.44304216325861,35.871744565404065],[-121.44336660778976,35.871862328774618],[-121.44348359628752,35.871920820951239],[-121.44361154962166,35.871993938659095],[-121.44392297936099,35.872214694823242],[-121.44406298898456,35.872348165431546],[-121.44429043612628,35.872674015422966],[-121.44493888950569,35.874127631952604],[-121.44522598747722,35.874807228182455],[-121.44535498106046,35.875062485620475],[-121.44554951662511,35.875386712880101],[-121.44571163109288,35.875624480004007],[-121.44590076418943,35.875873052737326],[-121.44645735225461,35.876548525065161],[-121.44674915649992,35.876861945151575],[-121.44698765920786,35.877097096202654],[-121.44951048875011,35.879320663997447],[-121.4508957466138,35.880603040969582],[-121.45149367514836,35.881093105218341],[-121.45208809127017,35.881660500344232],[-121.45221237857962,35.881768575977318],[-121.45235287688668,35.881855036086456],[-121.45249337429544,35.8819252864023],[-121.45298511837019,35.882125224956781],[-121.45335610910777,35.882248213315826],[-121.4535903430215,35.882319761013221],[-121.4538551277397,35.88237920329945],[-121.45413072098739,35.882427837202371],[-121.45438469807441,35.882487278679633],[-121.45456302174314,35.88253050908159],[-121.4549358836715,35.882638584255325],[-121.45516824639445,35.882741255861291],[-121.45536818622388,35.882843928062016],[-121.45569241336274,35.88306007813447],[-121.45623326384248,35.883436312167184],[-121.45709199216866,35.884205680628192],[-121.45872689184978,35.885595144257557],[-121.45872702300382,35.885595254883967],[-121.45930782425917,35.88607217036261],[-121.45995490591115,35.886635168139357],[-121.46020456928817,35.886880549880132],[-121.46039910664948,35.887107509737284],[-121.46050718116467,35.887329065108858],[-121.46054500742468,35.887550619132746],[-121.46054500742468,35.887842423426314],[-121.46053420069181,35.8880801902787],[-121.4605396031599,35.888263917993292],[-121.46059904468227,35.888431436186572],[-121.46072333468665,35.888631376510325],[-121.46088714517367,35.888825378409116],[-121.46106628002109,35.889095911024775],[-121.46116644487022,35.889301444047568],[-121.46120426933358,35.889544613842062],[-121.46120426933358,35.889760765275618],[-121.46115599207359,35.890003228455541],[-121.4610772475524,35.890208747479008],[-121.46084693029336,35.89062185658333],[-121.46074090932687,35.890954537081214],[-121.46070712189241,35.891144133286353],[-121.46069741290081,35.891224699273401],[-121.46068550573172,35.891403515372467],[-121.46070712279072,35.892068179226712],[-121.46067266521305,35.892694989211485],[-121.46066177853014,35.893007493223791],[-121.46065687462699,35.893148254912987],[-121.46066947260056,35.89359786844544],[-121.46058549090127,35.894078623972462],[-121.46045571937701,35.894420987597208],[-121.46036668375592,35.894770069516078],[-121.46029103033764,35.895040259440748],[-121.46022078118411,35.895261813719515],[-121.46012891676821,35.895445541507172],[-121.45998842025776,35.895602251064552],[-121.45988034394595,35.89573194255204],[-121.45982090242359,35.895877843584152],[-121.45973984474055,35.896110207085378],[-121.45971823037651,35.896266916782395],[-121.45971282611175,35.896450645148214],[-121.45972363374295,35.896845120172593],[-121.45978848042836,35.897223385208342],[-121.4598678977877,35.897544544019226],[-121.4599776126266,35.897915068892303],[-121.46012351430009,35.898206874283225],[-121.46022618544886,35.898379794168164],[-121.4603657593895,35.89858415189132],[-121.46058001477128,35.898819404357162],[-121.46065617483939,35.898917164227719],[-121.46107437563845,35.899250178073878],[-121.46132835631872,35.899385272418812],[-121.46208416106954,35.899656819715673],[-121.46226315308485,35.899765184415031],[-121.46238745117407,35.899874860234441],[-121.46253368522424,35.900043029140974],[-121.46269819729548,35.900313559081752],[-121.46275669109521,35.900489040850495],[-121.46278164180222,35.900620627181077],[-121.46281337478962,35.900740070003891],[-121.46280511298396,35.900876566198832],[-121.46276950466442,35.901014256254165],[-121.46267558041158,35.901189777218498],[-121.4621175083295,35.902081383535389],[-121.46167980330901,35.902729835251016],[-121.46153390073721,35.902967603235652],[-121.46142582532367,35.90319456209135],[-121.46111781008072,35.904053762411323],[-121.46108538898382,35.904264510843504],[-121.46110671409035,35.904383167417492],[-121.46115119327335,35.904567944378599],[-121.46126452383126,35.904739768381816],[-121.46142071301139,35.90492116831858],[-121.46210527058039,35.905488308296931],[-121.46218935468762,35.905597983461817],[-121.46256602367615,35.906604346469543],[-121.46267409998798,35.906836709041251],[-121.46287299328009,35.907145864074863],[-121.4653273541297,35.910138419047676],[-121.46567599298639,35.910583198828519],[-121.46596703186711,35.910934713770871],[-121.46668910847224,35.911781166792956],[-121.46732675422049,35.912553907778239],[-121.46837508725874,35.913796776241718],[-121.46867769913524,35.914175041742247],[-121.46884586645137,35.914412671299154],[-121.46893360849843,35.914573891874042],[-121.46906156273086,35.914826145899603],[-121.46918220557522,35.915169794089095],[-121.46923704233342,35.915487852091672],[-121.46924670551091,35.915791492857714],[-121.46924800986473,35.916028915306953],[-121.46913324918886,35.916604240298305],[-121.46905647557143,35.916827611208312],[-121.46895411164648,35.917021370126008],[-121.46876009440973,35.917326745945374],[-121.46874534497108,35.917349962351466],[-121.46705199460936,35.919708230498578],[-121.4667161288977,35.920356966978339],[-121.46653780343233,35.920778461548288],[-121.46638040511981,35.921189022789292],[-121.46616699595104,35.921992230737125],[-121.46609524930589,35.922449555229655],[-121.46605599472463,35.922772230996607],[-121.46603099550858,35.923576231068964],[-121.46609159495932,35.924174011394243],[-121.46616399467966,35.924698230840164],[-121.46625610703057,35.925087969801758],[-121.46633999530505,35.925395231278891],[-121.46687603081489,35.926789390490597],[-121.46720782356509,35.927636860277836],[-121.46791220066419,35.929409533403785],[-121.46839111589834,35.930626925639977],[-121.46852099162719,35.931002411315596],[-121.46887199664637,35.93268423080626],[-121.46888450927995,35.932749660816867],[-121.4691910620656,35.934352754077764],[-121.46942199646728,35.935296232091666],[-121.46980867358637,35.936198924910983],[-121.47041231360953,35.937173528113803],[-121.47143903408035,35.938627145150924],[-121.47264948068803,35.940394180365637],[-121.47621057135757,35.945495348098973],[-121.47946905104888,35.950175021828258],[-121.48054907036217,35.951763377709447],[-121.48080999951118,35.952369232692305],[-121.48104301620768,35.952889916477346],[-121.48121632907375,35.953340532867522],[-121.48133764834949,35.953886470931337],[-121.4814306239814,35.954552083105021],[-121.48147925877086,35.956308310822322],[-121.48154410455798,35.956967572759538],[-121.48172242822672,35.957767331203506],[-121.48198721384324,35.958572494334526],[-121.48225740282618,35.959193930351589],[-121.48247355544986,35.959593809130219],[-121.48276535969518,35.960096361096703],[-121.48305716304218,35.960442202555001],[-121.48337058165154,35.960863696443418],[-121.48360834684263,35.961241962170661],[-121.48382990283274,35.961760724626821],[-121.4841433223404,35.965127279348344],[-121.48410009271399,35.965721695381461],[-121.4836253896802,35.967071306183733],[-121.48345829135926,35.967406214215927],[-121.48341546148313,35.967845224795909],[-121.48341449040431,35.967917145132077],[-121.48341189337484,35.968109345821816],[-121.48342616760468,35.968219991256696],[-121.48355606489309,35.968527141036979],[-121.48375537590181,35.96896909134302],[-121.48431864383947,35.969956978843825],[-121.48449100359304,35.970365234434105],[-121.48468549514023,35.970656972441169],[-121.4852632043944,35.971326156149296],[-121.48695869364481,35.972978970845247],[-121.48736896591318,35.973466579993406],[-121.48753689697237,35.973740904479911],[-121.48769360717537,35.974129976303146],[-121.48781958152091,35.97455845616858],[-121.48788814453668,35.974983773513905],[-121.48800156043455,35.975269041049962],[-121.48867709442654,35.977118266483188],[-121.48898511146611,35.977977467541436],[-121.48921475678534,35.978665988551903],[-121.48940540174651,35.979021282566841],[-121.48976069352619,35.97949789575032],[-121.49005532836297,35.979948510790045],[-121.4901577309155,35.980203824489138],[-121.49010909792264,35.980646933574242],[-121.49002933111865,35.981026520576172],[-121.49005600569269,35.98121323449984],[-121.49026580722733,35.981733093504431],[-121.49064200549861,35.982476234782105],[-121.49076035494404,35.982704540627232],[-121.49086403310426,35.982904542855259],[-121.49103568947694,35.983256412957502],[-121.49137898695098,35.983883799190785],[-121.49158433194347,35.984202621609207],[-121.49182209803287,35.984445791111334],[-121.49210309285036,35.984710577670931],[-121.49238409126114,35.98494293891892],[-121.49263266228677,35.985213126773189],[-121.49279477675451,35.985623814842981],[-121.49374584201045,35.987758309335398],[-121.4941322172956,35.98863567500694],[-121.49421486858996,35.988805570389978],[-121.49423720340286,35.98885148438368],[-121.4943789863008,35.989142922922554],[-121.49462665901113,35.989600997041379],[-121.49493099295803,35.990108034507337],[-121.49570741494294,35.991308591272194],[-121.49598841065875,35.991724682110558],[-121.4963379505257,35.992291907275181],[-121.49645926890314,35.992543213319685],[-121.49712320564478,35.994032096537687],[-121.49754470056598,35.995004776783595],[-121.49777706239064,35.995588384261247],[-121.49797500796015,35.996020235475825],[-121.49827421073013,35.99653404673785],[-121.5007869683614,35.99953314350013],[-121.50117063792092,35.999970849636874],[-121.50153269042146,36.00031669154518],[-121.5018028785061,36.00052743841875],[-121.50202983786264,36.00065172667324],[-121.50242971752147,36.000824647050706],[-121.50300251838094,36.00114887337169],[-121.50383470149046,36.001797326374835],[-121.5044237124492,36.002164785651459],[-121.5047371328552,36.002434972660048],[-121.50505562874254,36.002789516487631],[-121.50549906591289,36.003061811762471],[-121.50615800981819,36.003393235778148],[-121.50690501107921,36.003873235756863],[-121.5072174666946,36.004115548872498],[-121.50782269044763,36.004661330574116],[-121.50867016647655,36.005192432702366],[-121.50895200032052,36.005371229415658],[-121.50907134779423,36.005585340486171],[-121.50926009641182,36.005763701015638],[-121.50983991940187,36.006053079377558],[-121.51066420182846,36.006586437955512],[-121.51124328370838,36.007022781642974],[-121.51148556562872,36.007165685357954],[-121.51245605335939,36.007529849543701],[-121.51293923918442,36.00768395994934],[-121.51344262273028,36.007827945946019],[-121.5142207667856,36.007914405580337],[-121.5143936888845,36.007914405580337],[-121.51497729557852,36.007898193361534],[-121.51512888268947,36.007898826299403],[-121.51526378539062,36.007912165227729],[-121.51645097192065,36.008237380479493],[-121.51670714898179,36.008292483605835],[-121.51699018836489,36.008337036092833],[-121.51726536569262,36.008368483695186],[-121.51751957903653,36.00838945117868],[-121.51776597793582,36.008425950602586],[-121.51806206265348,36.008507415151406],[-121.51816311683473,36.008549950271274],[-121.51831104420921,36.008612213088078],[-121.51842512935197,36.008668912451732],[-121.51861404056463,36.008762797020857],[-121.51912336466948,36.009054434488498],[-121.5197092997967,36.009332105078542],[-121.52044588239708,36.009618072463567],[-121.52093982734425,36.009704729240298],[-121.52140777235218,36.009730727054048],[-121.52271455788417,36.009748059409581],[-121.52322584480791,36.009860672394609],[-121.52358111592636,36.009964740418567],[-121.52396241752682,36.010155345414354],[-121.52417906961379,36.010314437009903],[-121.52428501332514,36.010463993106448],[-121.5245083542677,36.010779273932158],[-121.52466086933832,36.011005365869572],[-121.52486805857208,36.011251859274644],[-121.52502043081056,36.011450606142603],[-121.52543117289783,36.011877911083879],[-121.52592804096292,36.012364839495604],[-121.52621290931596,36.01265964848163],[-121.52663865326844,36.013064206926273],[-121.52723804515863,36.01365974856283],[-121.52853789839158,36.014777620516064],[-121.52882204899069,36.014916507979137],[-121.52907353325278,36.015002643035224],[-121.52928140161292,36.015063632088292],[-121.52945472705538,36.015089585264484],[-121.53001807045152,36.01514994137068],[-121.53036960637505,36.015199812416839],[-121.53125707090884,36.015488566861407],[-121.53176839825676,36.015644448437655],[-121.53198299320172,36.015668826863262],[-121.53235559102539,36.015737771024305],[-121.53257651280491,36.015801909348525],[-121.53304213387116,36.015949823804768],[-121.53375543393598,36.016279454156241],[-121.53455519325365,36.016727969933235],[-121.53488482106403,36.016933312113331],[-121.53520904999949,36.017284557402782],[-121.5356035253936,36.017760090022023],[-121.53587371437654,36.018057298359281],[-121.53621415251303,36.018311276046383],[-121.53665185753353,36.018522022048195],[-121.537948766089,36.019002958020955],[-121.53989774823449,36.019658867016247],[-121.5401061205495,36.019727620231613],[-121.54045204200243,36.019841757833071],[-121.54249840511801,36.020508819859693],[-121.54274095293964,36.020543764639577],[-121.54313957405876,36.020543766092729],[-121.54366471480081,36.020490903533634],[-121.5443753010552,36.020395581984431],[-121.54534585705782,36.020430243454577],[-121.54598718859367,36.020481957357418],[-121.54678802948291,36.020677807399643],[-121.54744284473118,36.020837940714578],[-121.5481795360277,36.020941519802065],[-121.54861281864208,36.020941519802065],[-121.54896707286761,36.020905088657543],[-121.54938316442238,36.020818629467321],[-121.55044127921579,36.020620888533557],[-121.55088322787769,36.020542897123441],[-121.55133384528207,36.02053423140638],[-121.55158250344429,36.020575458036156],[-121.55180946190251,36.020656515505408],[-121.55197697883837,36.020786205248534],[-121.55246872291309,36.021331988509758],[-121.55272035449892,36.021556783067481],[-121.55291956848959,36.021643711527467],[-121.55319823397556,36.02175348195707],[-121.55366486295159,36.021868941126328],[-121.55409616208581,36.021961937386799],[-121.55437625768971,36.022007459356693],[-121.55474841264393,36.022027897190505],[-121.55503409217563,36.021998731317474],[-121.55620273568157,36.021926403277028],[-121.55736454839808,36.021861557917354],[-121.5579211373616,36.021834538941178],[-121.55926127464519,36.021780500961043],[-121.55982867123986,36.021829134854215],[-121.56022855089871,36.021883172800997],[-121.56085538901577,36.021910191033939],[-121.56119582805056,36.02188317352757],[-121.56166055169987,36.021807520682309],[-121.56227687054495,36.021686765582629],[-121.56281414213657,36.021574112822535],[-121.56339202027402,36.021395233704368],[-121.56396702020928,36.021227233640296],[-121.5646570197723,36.021180233402546],[-121.56514043556604,36.021259453515341],[-121.56555011494629,36.021402964250385],[-121.56717234658525,36.022140520239901],[-121.56760471201972,36.02233709052679],[-121.56870167805081,36.022807218426095],[-121.56944740100921,36.023169271681716],[-121.57014989164624,36.0235745550251],[-121.57055517556982,36.023844743489093],[-121.57091722896864,36.024131143542625],[-121.57130630099631,36.024509407512156],[-121.57176562217748,36.024995748592225],[-121.5721330789428,36.025401033438499],[-121.57241947982168,36.025757682582125],[-121.57273289932935,36.026233214199586],[-121.57299074007041,36.026786224785795],[-121.57396979323732,36.029051069908213],[-121.57434796600563,36.029946082847779],[-121.57452155106124,36.030269838507195],[-121.57464802307345,36.030482233579697],[-121.57538615436938,36.031361400627084],[-121.57584547644885,36.031923393465341],[-121.57646150783306,36.032863651918149],[-121.57685598322713,36.033555334726323],[-121.57708294348198,36.033895773499054],[-121.5780880450972,36.035133238778464],[-121.57838525270896,36.035543926194116],[-121.57914718756327,36.036576046793456],[-121.57960650694781,36.037240713089687],[-121.57994694777925,36.037867549970706],[-121.58013607818083,36.03829985384651],[-121.58032521037909,36.038786194050601],[-121.58047651631735,36.03929955296335],[-121.58062241888913,36.039839930056324],[-121.58087639687447,36.040412731944137],[-121.58111956453369,36.040785591941884],[-121.58138975621156,36.041077396365921],[-121.58339464321215,36.043067347940713]]},"properties":{"County":"MON","Route":1,"bPM":0,"ePM":25.806000000000001}},{"type":"Feature","geometry":{"type":"LineString","coordinates":[[-121.92677947840677,36.522761770232101],[-121.92638221194709,36.523081439022661]]},"properties":{"County":"MON","Route":1,"bPM":71.168999999999997,"ePM":71.200999999999993}},{"type":"Feature","geometry":{"type":"LineString","coordinates":[[-121.64848981341423,36.137011257585286],[-121.65177846661764,36.140195540187293],[-121.65304667579642,36.141474725792364],[-121.65305483519414,36.141480148503568],[-121.65372176871558,36.141923533493255],[-121.65393707961785,36.142144362862808],[-121.65412175347733,36.142528253242112],[-121.65456804639193,36.142962238682294],[-121.65486104449828,36.143222238367457],[-121.65675304560696,36.145053238317566],[-121.6569729522902,36.145261539729482],[-121.65717282833924,36.145489968520202],[-121.6573203550651,36.145670807749568],[-121.65750595329098,36.146037244334245],[-121.65760113159196,36.146313261577468],[-121.65768679224253,36.146584520682374],[-121.65781052439311,36.146803430587703],[-121.65793901491979,36.146979511096603],[-121.65813413169441,36.147198422801139],[-121.65851960327441,36.147479197423742],[-121.65909067487696,36.147821840828485],[-121.65959036095713,36.148074064960319],[-121.66046600276347,36.148354840800643],[-121.66082768066654,36.148530920002955],[-121.66119887711835,36.148768865674057],[-121.66245999140301,36.149730169600424],[-121.66285498243006,36.150068052018746],[-121.6633118386341,36.150534425985775],[-121.66384008125883,36.15117688059653],[-121.66501077561857,36.152680700896468],[-121.665343899672,36.153061413498897],[-121.66571985270323,36.153427851821895],[-121.66574340114011,36.153447889946008],[-121.66594352422582,36.153618207991158],[-121.66629871000434,36.15392896658706],[-121.66671226561506,36.154170593607603],[-121.66859424332182,36.155245757982385],[-121.67004571510674,36.156188025810621],[-121.67026938483269,36.156445006441977],[-121.670426429209,36.156701989132323],[-121.67049305455868,36.156944694112283],[-121.67050257220913,36.157177881665739],[-121.67046925998341,36.157453898867544],[-121.67039311608499,36.157682326962139],[-121.67035504548325,36.157967861869757],[-121.67038359933288,36.158229603282869],[-121.67047401835949,36.158577004752772],[-121.6706120274349,36.158857780704921],[-121.67062364175322,36.158869055268227],[-121.67077383018726,36.159014825180584],[-121.67120689271434,36.159290843168478],[-121.67159236519267,36.159471681762881],[-121.67208729559171,36.159676314138885],[-121.67236806942365,36.159857154745254],[-121.67252035542388,36.160009440141138],[-121.67262029210092,36.16022359177191],[-121.67270595275146,36.160532920791859],[-121.67272498895068,36.1608850821357],[-121.67276781972508,36.161227724263455],[-121.67283444507476,36.161484705783018],[-121.6729676939775,36.161698856284993],[-121.67320563972994,36.161922527379232],[-121.67338647957978,36.162103366430557],[-121.67351021352702,36.162312758304296],[-121.67371960453156,36.162988526392027],[-121.67381478103589,36.163269301049795],[-121.67383256767853,36.163305553850911],[-121.67393851498313,36.163521524088743],[-121.6741003186338,36.16374519433397],[-121.67430495126226,36.163949827159009],[-121.67474277216543,36.164268676147955],[-121.67524721841828,36.164601801492005],[-121.67567076239663,36.164896854496725],[-121.67583732442336,36.165020585112252],[-121.67596105747229,36.165120522268062],[-121.6782215457139,36.16754281400766],[-121.67848804531597,36.167790279018277],[-121.67865361021272,36.167898114443361],[-121.67883088195427,36.16799794422662],[-121.67896150238644,36.168064189134654],[-121.67915930063225,36.168142561501661],[-121.67943605989318,36.168220077330325],[-121.68002704894221,36.168306229467561],[-121.68023644174335,36.168330023940456],[-121.68058384451824,36.168432341324497],[-121.68121678039942,36.168634593425878],[-121.68194489547994,36.16885112478419],[-121.6821828412324,36.168929649379827],[-121.68236605892281,36.169010550349839],[-121.68248741233451,36.169079553753811],[-121.68258021099831,36.169155697320896],[-121.6829680631138,36.169503098234408],[-121.68310369345035,36.169612552818919],[-121.68324408126466,36.169686317260201],[-121.68336781341524,36.169733905360822],[-121.68350582069402,36.169764838118354],[-121.68369617909262,36.169779114827335],[-121.68423869594722,36.169738664024251],[-121.68443619146076,36.169731526028968],[-121.68461703041228,36.169769596779901],[-121.68476344592213,36.169820567088834],[-121.68494063681527,36.169912365194378],[-121.68505961058983,36.170024199980723],[-121.68537607897959,36.170409674010983],[-121.68550932878061,36.170533403900919],[-121.68569016773216,36.170666653710725],[-121.68595190985647,36.170828457057326],[-121.68627313572399,36.171004537280808],[-121.68643493937465,36.171116372684111],[-121.68691083177788,36.171528019198583],[-121.68712974043284,36.171661268767544],[-121.68733199611906,36.171765964698487],[-121.68760801337157,36.171877799740301],[-121.68782216544712,36.171937285736178],[-121.68806011119955,36.171982494656795],[-121.6883789592265,36.17199201316064],[-121.68870970364276,36.171992013885806],[-121.68896668649269,36.172006290914183],[-121.6891213512318,36.172039602036648],[-121.68928553362133,36.172094330114774],[-121.68942116305956,36.172165715137631],[-121.68956630924994,36.172272789649412],[-121.68967338483853,36.172387004669531],[-121.69003506453821,36.172798651761127],[-121.69015403741444,36.172898589876709],[-121.69027538992783,36.1729771096918],[-121.69043243520247,36.173041356216743],[-121.69062825805293,36.173085874878964],[-121.69197505544604,36.173334237528486],[-121.69225034236821,36.173429209128876],[-121.69245973516935,36.173567217521786],[-121.69257395146617,36.173686189804151],[-121.69264295285976,36.173800404939684],[-121.69277382392194,36.174104974919949],[-121.69286186420966,36.174238225183089],[-121.69300225202394,36.174371475219601],[-121.69314026109934,36.174454755561584],[-121.69328778872352,36.174516621688468],[-121.69383982322857,36.174706978862929],[-121.69403018072886,36.174823571687902],[-121.69412297849432,36.174942545688438],[-121.69416104999438,36.175040104074561],[-121.69418722600345,36.175175731914067],[-121.69416580837043,36.175356571568742],[-121.69411822101658,36.175461267638511],[-121.69408252825539,36.175556446948924],[-121.69396831465355,36.175703973999028],[-121.69347405529601,36.176101238920616],[-121.69338536462801,36.176210236162163],[-121.69333453884755,36.176318183997708],[-121.69330421621515,36.176424312350804],[-121.69329477761644,36.176480552147567],[-121.69329663533243,36.176538020260551],[-121.69331937528555,36.176628986759589],[-121.69334211883191,36.176704793786747],[-121.69341605467137,36.176826238312835],[-121.69346782637783,36.176900352722285],[-121.69354794172811,36.176983673158382],[-121.69362105650741,36.177026239014928],[-121.69376205607443,36.177093239114228],[-121.69396762025582,36.177153993730002],[-121.69406985392506,36.177159627883221],[-121.6943730811475,36.177129304967139],[-121.69507049181159,36.176947372300106],[-121.69523726404411,36.176924631865326],[-121.69536494698532,36.176922785713899],[-121.69551876820637,36.176942012226256],[-121.69567863239433,36.176994388224159],[-121.69573347364411,36.177025332618108],[-121.6960161195651,36.177150311589436],[-121.69612648478427,36.177167340944138],[-121.69643819479798,36.177172099881247],[-121.69692360485163,36.177131649993932],[-121.69718534607767,36.177091200085663],[-121.69765110368785,36.176874716149172],[-121.69787222040179,36.176791397047417],[-121.69797156149579,36.176778579106703],[-121.69808051995324,36.176772169047823],[-121.6981894748174,36.176791395597206],[-121.69827282140778,36.176816949533929],[-121.69842020530152,36.176893943398518],[-121.69847788792254,36.176951625843266],[-121.69853877573249,36.177022127598832],[-121.69859325316459,36.177105447905433],[-121.69862905641854,36.177235237890628],[-121.69863353092698,36.177457980735717],[-121.69861889018448,36.177791229121908],[-121.69862529966402,36.177973890739082],[-121.69866318161957,36.178090530185415],[-121.69875588955351,36.17828257107432],[-121.69913334905948,36.178991134036231],[-121.69941779250937,36.179516431893155],[-121.6995960757539,36.17976739971833],[-121.69973387372524,36.17998531206544],[-121.69994124262203,36.180348661108205],[-121.69994600099811,36.1804985682911],[-121.6999191997616,36.180742910786734],[-121.69988826627481,36.180938026769425],[-121.69987161240775,36.181097450947398],[-121.69987464781509,36.181304450074151],[-121.6999180301551,36.181625977216065],[-121.69994786500233,36.18201080396571],[-121.6999702968333,36.182171034413344],[-121.70000234333273,36.182305626836964],[-121.70004079841341,36.182398560273747],[-121.70009848103443,36.182517129060528],[-121.7002298695262,36.182709404170531],[-121.70029716591739,36.182783111329009],[-121.70054100641474,36.183080091251668],[-121.70072264935847,36.183229268147699],[-121.70088157929852,36.183408064125523],[-121.70100605615251,36.183643239361665],[-121.70133915505312,36.184144493045181],[-121.70163697801087,36.18459265919185],[-121.70175234235457,36.184733661212931],[-121.70185488953581,36.184839413468431],[-121.70194782294692,36.184922731261523],[-121.70329533809391,36.185805624415849],[-121.70382525787329,36.186109435019418],[-121.70460179663917,36.186429671460566],[-121.70479933706847,36.186532930950072],[-121.70554909166584,36.187080656169428],[-121.70559406941379,36.18712215945488],[-121.70588073170241,36.187406990419731],[-121.70592559446602,36.187503125294818],[-121.70594482380301,36.18759285522853],[-121.70595764096548,36.188153658097633],[-121.70598648137765,36.188285047283244],[-121.70602493645836,36.18839208019056],[-121.70606339064072,36.188451686325379],[-121.7062973281104,36.18875099523482],[-121.70650883015583,36.188991338952079],[-121.7066145816277,36.189180410323033],[-121.70677801661893,36.189542529161656],[-121.70684210871948,36.189670713690411],[-121.70693696362699,36.189786077121965],[-121.70715808213754,36.190002067180451],[-121.70731190246026,36.190173514366151],[-121.70775122714323,36.190698539312997],[-121.70785668306937,36.190783987419152],[-121.70796563973018,36.19085769422913],[-121.70809382303302,36.190916338602101],[-121.70824730918245,36.191000032724403],[-121.70844545777121,36.191113365683925],[-121.70860568847181,36.191193480338242],[-121.70872159988954,36.191265073429662],[-121.70884218614005,36.191329034538235],[-121.70905648014936,36.191548804027668],[-121.70929786734767,36.19187549447463],[-121.70942159859995,36.191992088572391],[-121.70957864207793,36.192101544364348],[-121.70977269794224,36.192172223154238],[-121.71011058216838,36.192238848536014],[-121.71038184104482,36.192334025586753],[-121.71053421148669,36.192422120241858],[-121.7106239379122,36.192486211625685],[-121.71070085076853,36.192559918283457],[-121.71078306099007,36.192680238446165],[-121.71084826071338,36.192806671382954],[-121.71088030811114,36.192970106586635],[-121.71089580404978,36.193162079098478],[-121.71089342531093,36.193521377536804],[-121.71087200947454,36.193980613822283],[-121.71087069434098,36.194114465342977],[-121.71084505732109,36.194274695678509],[-121.71080019455748,36.194460561587029],[-121.71067170672576,36.194724859826415],[-121.71063786539237,36.194938775225395],[-121.71061402320642,36.195151069777445],[-121.71061402320642,36.195324118699531],[-121.71062996201452,36.195769460286584],[-121.71063223115891,36.195786815442943],[-121.71068415018907,36.196183845853596],[-121.71074790272647,36.196454791028742],[-121.71083396672059,36.196553605761977],[-121.71100928372805,36.196639669474031],[-121.71124516425368,36.19672254700162],[-121.7112534997212,36.196724160707234],[-121.71139707655475,36.196751957614325],[-121.71161744048048,36.196758031843245],[-121.71174805911603,36.196723239314665],[-121.71185550031898,36.196681617878468],[-121.71198481729567,36.1966052023892],[-121.7121082565955,36.196514091627641],[-121.71218173159922,36.196446495567258],[-121.71259988568589,36.195708896270396],[-121.71287082925366,36.195409263804933],[-121.71301935310947,36.195314971304171],[-121.71316630491356,36.195238557380868],[-121.71335706036751,36.195179238417147],[-121.71355719333472,36.195168020548991],[-121.71370806089509,36.195188239388607],[-121.71385404970518,36.195232629473743],[-121.71403390410315,36.195320849183652],[-121.71416615946919,36.195426655288493],[-121.71440128091841,36.195744069120494],[-121.7146720609928,36.196028239477535],[-121.7153830613705,36.196550239155883],[-121.71553868191708,36.196640470528187],[-121.71572384176511,36.196708068595889],[-121.71677106268905,36.196908239639818],[-121.71694062868207,36.196960713202188],[-121.71708166867327,36.197034299658917],[-121.71718406224261,36.197099239062304],[-121.71729033922894,36.197181250535976],[-121.71738732853352,36.197284115985823],[-121.71743729103297,36.197392858299509],[-121.71748691217265,36.197526010231165],[-121.71752736420822,36.197771095575796],[-121.71757019318602,36.197959071411454],[-121.71762492124805,36.198073287403552],[-121.71768678732336,36.198170843079765],[-121.71784581517979,36.198368615248562],[-121.7181397169913,36.198521444160036],[-121.71914188381047,36.198809606696869],[-121.71930062959591,36.198885882300686],[-121.7194622760414,36.198991687212398],[-121.71964743499115,36.199126882128951],[-121.71998542162522,36.199426662021992],[-121.72025706228565,36.199656239261373],[-121.72043509130698,36.199770527442844],[-121.72200746824431,36.200349514247641],[-121.7224982457318,36.200490726391159],[-121.72302437192573,36.200587575177735],[-121.72318307728698,36.200622842972528],[-121.7239560623176,36.200644239088909],[-121.72431695149983,36.200646356518362],[-121.72457852474091,36.200666929143516],[-121.72472206294687,36.200694240418649],[-121.72489307522751,36.200748988347662],[-121.72502231674576,36.20081094244248],[-121.72514575694389,36.200896172917794],[-121.72526299158005,36.201011919953338],[-121.72535816988103,36.201190380301583],[-121.72544383232821,36.201461637975825],[-121.72552711334158,36.201621063870405],[-121.72557946086813,36.201690066822202],[-121.72572222831961,36.201813799500094],[-121.72578646325231,36.201857233326429],[-121.72587757218506,36.201901317352451],[-121.7260749104934,36.201966676052486],[-121.72632122405274,36.202028255867312],[-121.72654766957294,36.202060025439572],[-121.72670049725727,36.202068842223945],[-121.72683275352159,36.202065902812663],[-121.72702378924993,36.202048267792527],[-121.72716486337708,36.201998305021796],[-121.72758279198661,36.201770530924264],[-121.72773268217998,36.201705873028153],[-121.72809418311492,36.201629458093507],[-121.72822055990574,36.201629458093507],[-121.72834693849315,36.20164415305598],[-121.72852606884902,36.201688846108866],[-121.72864084030466,36.201744079742582],[-121.72875252245406,36.201826371956351],[-121.72885006242591,36.201908239299748],[-121.72894401991641,36.201994637822061],[-121.72901302400497,36.202094574209617],[-121.72906299279265,36.202199272235433],[-121.72930569781951,36.203201024919238],[-121.72937232316916,36.203386621729997],[-121.72943418924446,36.203507974870007],[-121.72966737572256,36.203810166298766],[-121.72980776353684,36.203938658010415],[-121.72996480881143,36.204055250816445],[-121.73015048788571,36.204141957211782],[-121.73038675648354,36.204221272055975],[-121.7305570824513,36.204309844794473],[-121.7306805208528,36.204418588946986],[-121.73107706327036,36.204934239454623],[-121.7312120638879,36.20502623779128],[-121.73139176467396,36.205103380066269],[-121.73152306423252,36.205132238813476],[-121.7316974227376,36.205147465888395],[-121.7318530648437,36.205115238734443],[-121.73199896651721,36.205059296393912],[-121.73214506312512,36.204987238233834],[-121.73236046475721,36.204853564046104],[-121.73260734335685,36.204686040060373],[-121.73268963532509,36.204653709786108],[-121.73284494415624,36.204626544139906],[-121.73293357553541,36.204624320988323],[-121.73400906464474,36.204756239229994],[-121.7341691399368,36.2047918451062],[-121.73434548102367,36.204871197709352],[-121.73502145608848,36.205197429548463],[-121.73517820851228,36.205287811872168],[-121.73529242301244,36.205375852085069],[-121.73537094385311,36.205475788504891],[-121.73540901625148,36.205566208199507],[-121.73543043208787,36.205649490167808],[-121.7354375701011,36.205749426963109],[-121.73541853480023,36.20584222675128],[-121.73538295612508,36.205914843708449],[-121.73528890790473,36.206094125004604],[-121.73518898021086,36.206232259232287],[-121.73503321323891,36.206470319667886],[-121.73460206591996,36.206821238024858],[-121.73444834710688,36.206993465276604],[-121.73433406523304,36.207154238976521],[-121.7339428354521,36.208076201336233],[-121.73389805982507,36.208193134447093],[-121.73388853858138,36.208314485933549],[-121.73391709512593,36.208419182887916],[-121.73396944265251,36.208502462545184],[-121.73403130872781,36.208561948995921],[-121.73410983046676,36.208614299499565],[-121.73421452641819,36.208671406266511],[-121.73428829247607,36.208695200076036],[-121.73440012554242,36.208718995327956],[-121.73450482149384,36.20872375307281],[-121.73460475996751,36.208716616455447],[-121.73495973643855,36.208625797397758],[-121.73513775827335,36.208547672831727],[-121.7352067623619,36.208523880427016],[-121.73542805155236,36.208481049006515],[-121.73554702532689,36.208483427886193],[-121.735751659752,36.20851198240986],[-121.73617520373035,36.208590504215756],[-121.73628703859335,36.208600021895251],[-121.73635842142076,36.208597643019132],[-121.73646549700935,36.208580985810322],[-121.73654877981936,36.208559570118631],[-121.73698897766478,36.208354937112063],[-121.73719633218855,36.208243726038837],[-121.73729906532108,36.208214239287571],[-121.73738442952757,36.208202578967217],[-121.73747553935864,36.208202578967217],[-121.7376195518751,36.208229030140885],[-121.73771345995829,36.208253103143804],[-121.7380002516043,36.208445355654966],[-121.73903531472918,36.209556564886114],[-121.73932084963212,36.2098492379044],[-121.73948741525211,36.20997059117169],[-121.73963256144246,36.210044356024284],[-121.73977770942943,36.210106220133319],[-121.74008206403757,36.210203238950072],[-121.74159106662826,36.210552238675362],[-121.7416551030333,36.210572594878926],[-121.7417479016971,36.210613047064662],[-121.74178716166826,36.210636839559044],[-121.74181502561171,36.210653726818627],[-121.74191208408659,36.210734397697905],[-121.74197157142305,36.210801023228839],[-121.7420653375724,36.210953216858108],[-121.74209906751469,36.211044239783512],[-121.74243406545382,36.212245239182685],[-121.7425130219774,36.212399792818388],[-121.74257474162732,36.212452696668151],[-121.74267466842288,36.212505599032603],[-121.74279822540203,36.212546387245744],[-121.74297150952198,36.212561441103254],[-121.7431537291841,36.212520294852254],[-121.74327716758563,36.212470330793636],[-121.74359036431112,36.212308967888106],[-121.74366217922818,36.212279294947713],[-121.74388848371289,36.212232269039944],[-121.74398429622445,36.212232269039944],[-121.7442958328633,36.212293990085065],[-121.74497474631737,36.212593769560492],[-121.74670876970021,36.213413756509865],[-121.74683220810171,36.213487231828672],[-121.74697622061817,36.213619488098445],[-121.74705557329879,36.213713536043947],[-121.74725836707586,36.214098548647804],[-121.74734406725229,36.214202239126237],[-121.74746409744562,36.214301340933666],[-121.74761398853727,36.214386572663869],[-121.74773806743758,36.214447238917522],[-121.74794903678206,36.214492376191558],[-121.74814007251037,36.214492375466769],[-121.74836049841986,36.214474741797034],[-121.74852222930699,36.214474910668599],[-121.74869830898412,36.214493946769359],[-121.74892435834727,36.214532017507366],[-121.74931221046279,36.214674785509153],[-121.74958584807808,36.214767582686193],[-121.74997225929589,36.214824486376422],[-121.75014860038279,36.214859755003836],[-121.75028388756287,36.214903557744364],[-121.75039253879648,36.214956744009676],[-121.75050128345488,36.215068424612575],[-121.75055006736473,36.215156237842798],[-121.75060708792739,36.215300607881439],[-121.75060414863977,36.215456375980771],[-121.75055666728711,36.215576600797469],[-121.75026399526922,36.216119119127299],[-121.75019023100801,36.216330889496689],[-121.75008801620339,36.216679258175134],[-121.75007363776896,36.216728259977316],[-121.75008791559208,36.216823439143013],[-121.75013106796338,36.216950238945529],[-121.75016506829857,36.21701523864914],[-121.75022501467411,36.217102520629481],[-121.75029306834507,36.217176238173089],[-121.75029994225365,36.217180469963154],[-121.75040723433624,36.217246532676498],[-121.75052185577323,36.217293557744853],[-121.75060708702905,36.217308252665248],[-121.75070606879694,36.21730423903027],[-121.75151406836072,36.217231239829715],[-121.75168206859023,36.217243238710203],[-121.75186506978665,36.21728023911195],[-121.75212069707882,36.2173681578466],[-121.75218903371913,36.217406513459814],[-121.75303005086114,36.217878545493143],[-121.75320295409549,36.217968321784582],[-121.75342301169569,36.218051635488123],[-121.75365507887292,36.218114926796325],[-121.75415891247476,36.218276517615628],[-121.754401513297,36.218399413093294],[-121.75461306834305,36.2185652386638],[-121.75472337786667,36.218721943863635],[-121.75476992946302,36.218808394848118],[-121.75479807008762,36.218890237904965],[-121.75480650526811,36.219074398783263],[-121.75479652947688,36.219210725820915],[-121.75476206920428,36.219317238854025],[-121.75463692759701,36.219503330116936],[-121.75437424852981,36.219835835745663],[-121.75405504297341,36.220221542214738],[-121.75401514250343,36.22031131726682],[-121.75401898010631,36.220400918284092],[-121.75403509318757,36.220447645047777],[-121.75406834253117,36.220507494920973],[-121.75412486902042,36.220570671911602],[-121.75427117134254,36.220710324223681],[-121.75437092206833,36.220776825306089],[-121.75445405036808,36.220813402254265],[-121.75465349971736,36.22087011022343],[-121.75486677234223,36.220937232971913],[-121.75563115241074,36.221185691723228],[-121.75579885080627,36.221255389088128],[-121.75599354896602,36.221345410078868],[-121.7561079530107,36.221389623720427],[-121.75629280383831,36.221501685756778],[-121.75668516100495,36.22177101416824],[-121.7570841648064,36.222070269608949],[-121.75743662060476,36.222276422674874],[-121.75770933385364,36.222362690730904],[-121.75789477307775,36.222395528224013],[-121.7587459950814,36.222414513842836],[-121.75882843706829,36.222442503816687],[-121.75892107044207,36.222495238543821],[-121.7590023086865,36.222556911634577],[-121.75904103416005,36.222595635747879],[-121.75906151754518,36.222624926484862],[-121.75912571924022,36.222737281702017],[-121.75915736329441,36.222832211509271],[-121.75917002055677,36.222958787788343],[-121.75913837740086,36.223053719500882],[-121.75908458179009,36.223129667106932],[-121.75879345936607,36.223385981036756],[-121.758388416191,36.223727735260084],[-121.75823336158305,36.22386506729606],[-121.75809412900223,36.224089740670919],[-121.75803084269046,36.224304919372813],[-121.75809412900223,36.224491618369996],[-121.7581700707797,36.224600238819761],[-121.75826817040199,36.224681480857811],[-121.75835787975954,36.224741288359077],[-121.75839861206946,36.224763790258329],[-121.75850233514541,36.224814384904768],[-121.75863535767272,36.224858329905246],[-121.75875548668068,36.224871344334055],[-121.75907192542604,36.224918809768731],[-121.75921750011277,36.224963062696823],[-121.75934217639275,36.225013755769893],[-121.75943582935437,36.225070701285183],[-121.75966050160019,36.225266893091145],[-121.75988517384603,36.225510550205229],[-121.75999909010552,36.225602317820517],[-121.76021743372016,36.225690919983528],[-121.76048324161947,36.225687756088142],[-121.76106507054752,36.225469239017912],[-121.76135607080067,36.225414240254715],[-121.76158761156515,36.225415617851183],[-121.76178507114608,36.2254442379379],[-121.7620480709118,36.225546238670709],[-121.76223314631822,36.225665605193583],[-121.76236207073117,36.225800238794875],[-121.76248629875181,36.226042166649492],[-121.76259198464665,36.226279416791449],[-121.76266574800958,36.226429322995855],[-121.7627395113725,36.226538777735627],[-121.76287752044792,36.226674407687462],[-121.7630190715805,36.226785238931988],[-121.76366661766149,36.227099072615403],[-121.7638944510788,36.2272604557416],[-121.76423304138072,36.227684484144618],[-121.76458726686019,36.228069964228716],[-121.76465259863586,36.228166329605038],[-121.76471922488386,36.228280544266568],[-121.76476882356563,36.228399594295574],[-121.76478364486951,36.228469251174303],[-121.76477620502233,36.228732019353572],[-121.7647741523719,36.228804499125722],[-121.76477239167396,36.228866646951502],[-121.76475889179186,36.229017521382879],[-121.76472668629062,36.229377431309587],[-121.76471507197232,36.229770239193336],[-121.76476149510954,36.230076760289705],[-121.7648510715164,36.230264238972332],[-121.7654228509914,36.231174803262206],[-121.76561588008133,36.231427955423108],[-121.76593548359145,36.231744392116738],[-121.76639115401932,36.232111460931968],[-121.76656203155265,36.232276008936935],[-121.76670107369064,36.232442239126762],[-121.76681614967517,36.232660062108657],[-121.76687214256513,36.232810790097744],[-121.76696707113447,36.233111407568927],[-121.76725186762226,36.233747450632791],[-121.76740692312849,36.234063889533054],[-121.76778107324098,36.234725238163378],[-121.76808093717102,36.23518218356589],[-121.76868216970922,36.235951128235065],[-121.76890307352241,36.236183239374661],[-121.76905873359483,36.236337184175675],[-121.7692560719032,36.236480238434815],[-121.77003020048919,36.236989048622178],[-121.77053207396705,36.237299238121508],[-121.77154607249682,36.238108239109621],[-121.77180542150924,36.238295940534826],[-121.77193832456058,36.238375048313529],[-121.77221046378604,36.238495296591999],[-121.77245271696026,36.238587431530533],[-121.77265969239498,36.23864130015491],[-121.77346600222771,36.238763408657107],[-121.77365975446146,36.238792749128663],[-121.77416303559939,36.238901813422707],[-121.77457807522696,36.239068240367423],[-121.77510925354603,36.239312131977634],[-121.77701118463186,36.240185378193772],[-121.77707180474387,36.240213210379991],[-121.77711107549484,36.240231238189011],[-121.77742220968844,36.240406586345394],[-121.77769751188197,36.240586956542039],[-121.77781775587434,36.240691379905996],[-121.7780674048783,36.240928668197661],[-121.77813736207938,36.240995161506646],[-121.7783240598432,36.241210340060178],[-121.77850442987415,36.24146665631276],[-121.77861518496215,36.241656518159026],[-121.77934707656011,36.243088239077885],[-121.77950754172099,36.243301051436703],[-121.7796214579805,36.243433954991161],[-121.78039989847983,36.244177586494587],[-121.7805074879048,36.24429466850043],[-121.78064671958731,36.244503518223134],[-121.78071950109162,36.24462376431898],[-121.7808115227127,36.244798762111394],[-121.78133738300527,36.246347791294902],[-121.78154439706758,36.246990245444422],[-121.78165932393176,36.247268244874476],[-121.78176058562384,36.24744861372627],[-121.78202006399368,36.247765052225759],[-121.78219727015819,36.247935927323539],[-121.78252320229947,36.248198573570384],[-121.78262446309324,36.248261860765432],[-121.78295356089758,36.248448559793182],[-121.783526313248,36.248708039179824],[-121.7840041370291,36.248894737866003],[-121.78491231581502,36.249230164831296],[-121.78539646732897,36.249445341722165],[-121.78558316599111,36.249537108775137],[-121.78575404442276,36.249647862695767],[-121.78597871487196,36.249828232575169],[-121.78604833161152,36.249904176633564],[-121.78610845405686,36.24995164353421],[-121.786183334924,36.250025345326932],[-121.78651033246722,36.250347191466616],[-121.78660842849624,36.250480096803216],[-121.78680778442072,36.250711096259117],[-121.78691220997923,36.250897794506258],[-121.7870166337411,36.251128795625057],[-121.78721007785272,36.251603240740423],[-121.78733407770127,36.252206239566348],[-121.78735561930179,36.252645687358104],[-121.78735988360444,36.252817809368608],[-121.78735997792757,36.25282162486436],[-121.78736445782587,36.253002469877273],[-121.78736471654067,36.253127739012022],[-121.78738597517187,36.253429067958692],[-121.78740977064544,36.253624183851592],[-121.78747401456128,36.253869268774388],[-121.78754777882253,36.254092937388627],[-121.78766437206157,36.254323745787772],[-121.78780140197333,36.254545384058353],[-121.78808278037145,36.254954563594026],[-121.78817833596487,36.255116105814032],[-121.78828585082964,36.255458715935717],[-121.7883108689103,36.255883919924301],[-121.78832507846145,36.256722239763576],[-121.78833607833212,36.257783240171761],[-121.78834727852708,36.25808091411826],[-121.7883924880404,36.258406900858681],[-121.788437698452,36.25857822134666],[-121.78853287765132,36.258789994078811],[-121.78863281432835,36.258954177347114],[-121.78876130485502,36.259142155393135],[-121.78892807888413,36.259347240077084],[-121.78943007902446,36.259754238793924],[-121.78973907882096,36.259943239144611],[-121.79012418388831,36.260071309794228],[-121.79203851801327,36.260489368373328],[-121.79241760885981,36.260581136217517],[-121.79268027714721,36.260717356843848],[-121.79293725909884,36.26088391914174],[-121.79319424105049,36.261083794154779],[-121.79340363385165,36.2613074631195],[-121.79365231447174,36.261685105994296],[-121.79382732515373,36.261992663770712],[-121.79415554350737,36.26276131424887],[-121.79448152954758,36.263437080956443],[-121.79458622729564,36.263582228137871],[-121.79468616307435,36.2636750273941],[-121.79491935134907,36.263943907039256],[-121.79512874415023,36.264065258938587],[-121.7953928641151,36.264179473298682],[-121.79563794877913,36.264248478285282],[-121.79569157371002,36.264262016351005],[-121.79593408110749,36.264323239292366],[-121.79641204322915,36.264382949830321],[-121.79806408007093,36.264239241166997],[-121.79864999992678,36.264205058822157],[-121.79919073272724,36.264173510053901],[-121.7997780809044,36.264139240038773],[-121.80007164315272,36.264128074068744],[-121.8004574965167,36.264177632826843],[-121.80078591249975,36.264254966648544],[-121.80114072996896,36.264354563464508],[-121.80143123884363,36.264453782064926],[-121.80170303491263,36.264585810895767],[-121.80226995090867,36.264935181415176],[-121.80291776199267,36.265480333428705],[-121.80328591674892,36.26589450763921],[-121.80360097208874,36.266365324927527],[-121.80377807943859,36.266698238937558],[-121.80425308161135,36.267405240932739],[-121.80455408191024,36.267756240050645],[-121.80490155026216,36.267995467607783],[-121.80519608089435,36.268167240014847],[-121.80541130286336,36.268264504030846],[-121.80607398915014,36.268516964614221],[-121.80612799676335,36.268542211931347],[-121.80638743470897,36.268663493674296],[-121.80664320303667,36.2687884161206],[-121.80695508013703,36.268991238944707],[-121.80724499612361,36.269213210043056],[-121.80751808217333,36.26953623879578],[-121.80797108280818,36.270430239654843],[-121.80826808290912,36.270864237805476],[-121.80879658963853,36.271380588011084],[-121.80884703992321,36.271425688073514],[-121.80915523572752,36.271634335635291],[-121.80940436550526,36.27178321262398],[-121.80956308254461,36.271855239658727],[-121.80981847717312,36.271957305123777],[-121.81158851491402,36.272664660728161],[-121.81200274066796,36.272784850446961],[-121.81229296567498,36.272841657596373],[-121.81261864089808,36.272877057935752],[-121.81290183568973,36.272880596520359],[-121.81329831073364,36.272877057935752],[-121.8134788469529,36.272862897801957],[-121.8136523053461,36.27283811683732],[-121.81450897473361,36.272639880424855],[-121.81487712769326,36.272593860564911],[-121.81513908631158,36.272579702552385],[-121.81545413985475,36.272590321243072],[-121.8158187552488,36.272611560792797],[-121.81611611018425,36.272654040599143],[-121.81647713501209,36.272756871255858],[-121.81698647618494,36.27294540632802],[-121.81742429798642,36.273164318639786],[-121.81765986410169,36.273328500660263],[-121.81785022160199,36.273471267763306],[-121.81800726597827,36.27360213852505],[-121.81815955108019,36.273766321797495],[-121.81846650181949,36.274139896606613],[-121.81874014033313,36.274477779620653],[-121.81894715349709,36.274744278520707],[-121.81903281414765,36.274832319480907],[-121.81916368341319,36.274934636700387],[-121.81927076079842,36.275008399655107],[-121.81942780337806,36.275101197644844],[-121.81956343371463,36.275170202395117],[-121.819673041654,36.275210544396565],[-121.81980654118669,36.275259679702259],[-121.82004170575502,36.275341523770678],[-121.82043193660941,36.275455737570745],[-121.82090782991094,36.27553426023087],[-121.82125522999087,36.275553296673749],[-121.8217192260048,36.275524742731911],[-121.82196430977051,36.275491429303763],[-121.82222129082385,36.275474773308552],[-121.82296555761316,36.275496617509006],[-121.82338108502591,36.275548239553245],[-121.82386824589609,36.275648837299208],[-121.82427778603747,36.275759669347757],[-121.82456571045905,36.275853861981219],[-121.82485235208644,36.275967431941531],[-121.82511308540272,36.276094239380868],[-121.82569708555882,36.276465239396622],[-121.82730199588248,36.2776630664561],[-121.82767208560988,36.277963238375825],[-121.83268308858901,36.281676239961669],[-121.83317510485325,36.282044749909176],[-121.83359547328709,36.282288119951893],[-121.83424262051609,36.282553617496703],[-121.83505038292463,36.282840644904802],[-121.83575199141603,36.283042266090597],[-121.83706140362196,36.283471492347886],[-121.83843854700363,36.283875641891484],[-121.83902623564228,36.28407281282486],[-121.83947508965379,36.284267238831397],[-121.839688611112,36.284373372121166],[-121.83986908894077,36.284502239064963],[-121.8400813249098,36.284644400643948],[-121.84021608927043,36.284770238874493],[-121.84050722427084,36.285075830989051],[-121.84094106384069,36.285793428286418],[-121.84126499633213,36.286359062228044],[-121.84179045597611,36.286956427876113],[-121.8420320893128,36.287189239757147],[-121.84230485646063,36.28742657942994],[-121.8425600884941,36.287611239208893],[-121.84286903528998,36.287813760424534],[-121.84313008840648,36.287958238849995],[-121.8435936190931,36.2881898797894],[-121.84434203699733,36.288490037292419],[-121.84435046229638,36.288492129896618],[-121.84484608888977,36.2886152393693],[-121.84632308899845,36.288857239235575],[-121.84663237715414,36.288879118791307],[-121.84687886857992,36.288904539095462],[-121.84710587824209,36.288921642603007],[-121.84841440470913,36.288919917119117],[-121.85136380824719,36.288787245904082],[-121.8520190915177,36.288800238826013],[-121.85267809111855,36.288880238220386],[-121.85298222743609,36.288947649398324],[-121.85376217261353,36.289179803668283],[-121.85477985872754,36.289650106191047],[-121.86001147177078,36.292203253447958],[-121.87573509471881,36.29984823778905],[-121.87717709646404,36.30065623772105],[-121.8774723888676,36.300831498017658],[-121.87818930554977,36.301328097125946],[-121.87844796735099,36.301507266040936],[-121.87857209565864,36.301624236768738],[-121.87967709711997,36.302560238076673],[-121.88034509694164,36.303228236917782],[-121.88181909757557,36.304893236660277],[-121.88338928801355,36.306640201765603],[-121.88373831045087,36.307022464701603],[-121.88378033184323,36.307068488149504],[-121.88385390745825,36.307149070380952],[-121.88566909811856,36.309244236357515],[-121.88608099723592,36.30970973219376],[-121.88659909788107,36.31029523703657],[-121.88756463140298,36.311349302177867],[-121.89065517464519,36.314847767452434],[-121.8908687562905,36.31510826395143],[-121.89101152374199,36.315308139097674],[-121.89117808576871,36.315565121295926],[-121.89138747856988,36.3159410764545],[-121.89154928311885,36.31627419954355],[-121.89165345265751,36.316551698247267],[-121.89180174205302,36.317029548036913],[-121.89200916035719,36.317589540636241],[-121.89229643350021,36.318501376411071],[-121.89241540637643,36.318834500863282],[-121.89251058557574,36.319258045245789],[-121.89254627833692,36.319609015266735],[-121.89252724123942,36.319818408340964],[-121.89249630865092,36.320013524782851],[-121.89248917063769,36.320227676412877],[-121.8924986873898,36.32042279183014],[-121.8925367606865,36.320613148587945],[-121.89259862586346,36.320843955741182],[-121.89267952634133,36.321039071787055],[-121.89283657161594,36.321322227960849],[-121.89304358657651,36.321672008931124],[-121.89311734814281,36.321848089075345],[-121.89315779838175,36.322009890946248],[-121.89318159475363,36.322133624967996],[-121.89317445584206,36.32227877083308],[-121.89314828073131,36.32245247202453],[-121.8930269291162,36.32282604679181],[-121.89299361689054,36.322959297745747],[-121.89298647708065,36.323063993109692],[-121.89299361689054,36.323173447795561],[-121.89303644676666,36.3232900415111],[-121.89309831194362,36.323416153948038],[-121.89318159295699,36.323506572544431],[-121.89331722419186,36.323623167209078],[-121.89348140478477,36.323730242119169],[-121.89363369168331,36.323842077027741],[-121.89377799705053,36.323997199567771],[-121.8938454632233,36.324137130212648],[-121.89388115508619,36.324277518741454],[-121.89388591436058,36.324517843936547],[-121.89382880755964,36.324786723131886],[-121.89370269487355,36.32510319124146],[-121.89367414371885,36.325262616095515],[-121.8936789020949,36.325422039175898],[-121.89370745594452,36.325569567259471],[-121.89376218310829,36.325707574277679],[-121.89393350351106,36.325966935850978],[-121.89404771711291,36.326119220738171],[-121.89417144926351,36.326269126414843],[-121.89422969422991,36.326353292990454],[-121.89429883306576,36.326567624778676],[-121.89433340562778,36.326788873379016],[-121.89426426319865,36.327113829176902],[-121.89404909962015,36.327508240001634],[-121.89126710162687,36.331374239567971],[-121.89099249023775,36.331726421468744],[-121.89081640966228,36.331864430608604],[-121.89057846480814,36.331983403808842],[-121.89034527743176,36.332054787641752],[-121.89001691085603,36.332064304033821],[-121.88979248205366,36.332048925109405],[-121.88914210717786,36.331913758193153],[-121.88844610058055,36.331775239668104],[-121.88768978828162,36.331745183674585],[-121.88659810164944,36.331728239360658],[-121.88631191097632,36.33179233087931],[-121.8861471006644,36.331829240124833],[-121.88584210106589,36.331985239786761],[-121.88561510038684,36.332181240496482],[-121.88557804308475,36.332238906826355],[-121.88540110102493,36.332514239172298],[-121.88531810028593,36.332890239938813],[-121.88535010097129,36.333152239261537],[-121.8854641007741,36.333417240199246],[-121.88565610219138,36.333656240397424],[-121.88605810097596,36.333922240446192],[-121.88734810148686,36.334499239911182],[-121.88804410089764,36.334771238351109],[-121.88885097577069,36.335010078086299],[-121.88942680574928,36.335209952848473],[-121.88979324382503,36.335386033518823],[-121.89022630545384,36.335671570459596],[-121.891049597937,36.336247398417974],[-121.89118614365681,36.336334348189936],[-121.8914741022144,36.33665724016263],[-121.89156110225304,36.336842239988627],[-121.89160210315923,36.337189239118892],[-121.89155910350154,36.337490241374887],[-121.89148265866748,36.337755976509591],[-121.89121616086204,36.338284215980678],[-121.89126374911422,36.338688725518679],[-121.8912589925348,36.338879082519384],[-121.89123519616292,36.339045644422903],[-121.89108291106099,36.339640509487936],[-121.8910210440874,36.339821347271986],[-121.89079737436143,36.34024965250515],[-121.89073550918442,36.340449526847479],[-121.89071647298525,36.340687472892434],[-121.890725991534,36.340915901453691],[-121.89077833816225,36.341111017890363],[-121.89091634813596,36.341253783957832],[-121.89108291106099,36.341415587500073],[-121.8911590531628,36.341510766706044],[-121.89123519616292,36.341686846881245],[-121.8913611022365,36.342164240807968],[-121.89157872450397,36.342452387468356],[-121.89177533607527,36.342661235804734],[-121.89186099403086,36.342789726409904],[-121.89192761938051,36.342915837674816],[-121.89195379449127,36.343044330030644],[-121.89195855376566,36.343160922953729],[-121.89186099492917,36.343515462513409],[-121.89183006144238,36.343682024631569],[-121.89186337456638,36.34392235002786],[-121.89193951666813,36.344126984704182],[-121.89208228501793,36.344288786618357],[-121.89225598595624,36.344393483710753],[-121.89268428920899,36.344571942957934],[-121.89311735083778,36.344843200751271],[-121.89329343141326,36.34505259402809],[-121.89345761380278,36.345314334651441],[-121.89353137716569,36.345404753882434],[-121.89378597948014,36.345564178435623],[-121.89413576009558,36.345697428849682],[-121.89427614790991,36.34575215550818],[-121.89449267962257,36.345866369680294],[-121.89470445116262,36.346051966990899],[-121.89481152764954,36.346228047751495],[-121.89487339282653,36.346420784881602],[-121.89491622360096,36.346613520087537],[-121.89499474533994,36.346820533936253],[-121.89504471322931,36.346899055662838],[-121.89509944129136,36.346944266180266],[-121.89520651687998,36.347020408779279],[-121.89558009386728,36.347220283109237],[-121.89574810397824,36.347304241823814],[-121.89597508399602,36.347484402670318],[-121.89607026139871,36.347596238934052],[-121.8961844776955,36.347772317649628],[-121.89648428862495,36.348276763936859],[-121.89660564113836,36.348578954783555],[-121.89688676890653,36.349547504781285],[-121.89698310423756,36.349764240666644],[-121.89723510413266,36.350199240854124],[-121.89739317528334,36.350410940022705],[-121.89762405129447,36.350658604890498],[-121.89772398976817,36.35079899265439],[-121.89777871513527,36.350889412751428],[-121.89781916717085,36.350994108203849],[-121.89783344319733,36.351122600252666],[-121.89782392464856,36.351215398125071],[-121.89779799208296,36.351304822200824],[-121.89774875811716,36.351447053724151],[-121.89772636850704,36.351558042143388],[-121.89772874634761,36.351674633894667],[-121.89776681605102,36.351800745963573],[-121.89780727078154,36.351879267732173],[-121.89787389523288,36.351953030993954],[-121.89795003733468,36.352022035762502],[-121.89814991158708,36.352126733309206],[-121.89828792156081,36.352160044392484],[-121.89852715729403,36.352193199187077],[-121.8993300679017,36.352246163916746],[-121.89958710554889,36.352281397267546],[-121.89968466438538,36.352305192196255],[-121.89991785176178,36.352417025152882],[-121.90002016807601,36.352505065982427],[-121.90032711971365,36.352883399711033],[-121.90042467585516,36.352978578646287],[-121.90053651161649,36.35305472185545],[-121.90095291668328,36.353242698931041],[-121.9011242388827,36.35334025696028],[-121.90125272940936,36.353430676276218],[-121.90139073758648,36.353601997939727],[-121.90148115840971,36.353789975140785],[-121.90160964893636,36.354506194185007],[-121.90164296026373,36.354629925067044],[-121.90173338108697,36.354839318792742],[-121.90187139016237,36.355072505314659],[-121.90200226122452,36.355279518375909],[-121.90205460785278,36.355448460119028],[-121.90208792097678,36.355786342505205],[-121.90216168344141,36.355986218205253],[-121.90263519530912,36.356804752017283],[-121.90270420209262,36.356942760849741],[-121.90273513468109,36.357049836985844],[-121.90274465322986,36.357180707136564],[-121.90272561703067,36.357259229989523],[-121.90267564644635,36.357390100511637],[-121.90262092107925,36.357471001113382],[-121.90255429572957,36.357520970090242],[-121.90245881739131,36.357576211487078],[-121.9023751060849,36.357609240989611],[-121.90131552793592,36.357836059448374],[-121.9010474742484,36.35794000041566],[-121.90080677156634,36.358060349552467],[-121.90056210461893,36.358270241179085],[-121.90037460286294,36.358481579832166],[-121.90028510550781,36.35868024047867],[-121.90019610671767,36.358983241696279],[-121.90018910524833,36.359299241716691],[-121.90020501620866,36.359479402295406],[-121.9002980169934,36.359654457256966],[-121.90047307169282,36.359955334335545],[-121.90054965756237,36.360130390396883],[-121.90057810541077,36.360245241786423],[-121.90061530554502,36.360431269976004],[-121.90061710487052,36.36060424153235],[-121.90055810711591,36.361165241873785],[-121.90041289714519,36.362102509516454],[-121.90031989815708,36.362534679551807],[-121.90004831229386,36.363209247780915],[-121.90004710585644,36.363212241894374],[-121.8994881058147,36.364183242211688],[-121.8993970229331,36.364438962214145],[-121.89936419849262,36.364696076046599],[-121.89939155309135,36.364936779280896],[-121.89944625779718,36.365204833917453],[-121.89956113884729,36.365565888299216],[-121.90009724801897,36.367191722632434],[-121.90022307054925,36.367487130249067],[-121.90051847793715,36.367935712050027],[-121.9006935344332,36.368121709558707],[-121.90093423621695,36.368362411599485],[-121.90162710589728,36.368947242056429],[-121.90178216589509,36.369106399226084],[-121.90183331956065,36.369192227302847],[-121.90188804762268,36.36937068756874],[-121.90190946256075,36.369577700212055],[-121.90189756617144,36.369680017533661],[-121.90186425304746,36.369820404263315],[-121.90176987873863,36.370117184175996],[-121.90170508056225,36.370306542098916],[-121.90166298101644,36.370448153730955],[-121.90168239181313,36.370649430462258],[-121.90169282035525,36.370686170839825],[-121.90170891008032,36.37074285965906],[-121.9017892832471,36.37084619749885],[-121.90193855000966,36.371033736673013],[-121.90209929813986,36.37119831227664],[-121.90224856310579,36.371450917780386],[-121.90231745759986,36.371703521740585],[-121.90236721348681,36.371998227253037],[-121.90245906891957,36.372227867344805],[-121.90257006026449,36.372361823631437],[-121.90267951549029,36.372442726751714],[-121.90276552648379,36.37248941822655],[-121.90289650175052,36.372555203445764],[-121.90358422677924,36.372856037876723],[-121.90429343501795,36.373122943394442],[-121.90448404045324,36.373220655881603],[-121.90465298301545,36.373337248454007],[-121.90474578167925,36.373427668406556],[-121.90483382376364,36.373563297776748],[-121.9048837907547,36.373658475290732],[-121.90492186225472,36.373767930481286],[-121.90495041520605,36.373877386241119],[-121.9049480328739,36.37399635962408],[-121.90492662063077,36.374131988725971],[-121.90489568804232,36.374281893843467],[-121.90479575046695,36.374503184818799],[-121.90475767896687,36.374626917902688],[-121.90473717312391,36.374791248667933],[-121.90473925631704,36.374845035580044],[-121.90478147623709,36.375090911417075],[-121.90480764775457,36.375212263978391],[-121.90481478666614,36.37530506495284],[-121.90481240613062,36.375426415733415],[-121.90479099029426,36.375540630484963],[-121.9047576798652,36.375666741492481],[-121.90466928384463,36.375829648105835],[-121.90445436820112,36.376149522983752],[-121.90425944456422,36.376399424023028],[-121.90414448985226,36.37655436304528],[-121.90408429105013,36.376694668659319],[-121.90404146117402,36.376851713960662],[-121.90402242497483,36.376946891067327],[-121.90402004713428,36.377094417015968],[-121.90403632191226,36.377171359701279],[-121.90407151610847,36.377295565168893],[-121.90402956298807,36.377658350607142],[-121.90396769691277,36.377779702779087],[-121.90357829700004,36.378263900298492],[-121.90307495208174,36.378758136351372],[-121.90293854380415,36.378892071990087],[-121.90275602769798,36.379000560794893],[-121.90237546810597,36.379238412150009],[-121.90202848574263,36.379540622370421],[-121.90196412684243,36.379786867402686],[-121.9018969696901,36.379890402243085],[-121.90143292606545,36.380321533274277],[-121.90133256718025,36.380430909658514],[-121.90112817619858,36.380716729075154],[-121.90070333864622,36.381406458215579],[-121.90058338840296,36.381681349827687],[-121.90046343636307,36.381986230793459],[-121.9003784692119,36.382346087760105],[-121.90024352339164,36.382851390434645],[-121.90020472695113,36.383080966663577],[-121.90018911423151,36.383404749557656],[-121.90018435405882,36.383725977485106],[-121.90018985893485,36.383899334065632],[-121.90019387350588,36.384025788779098],[-121.90020576989519,36.384209007629273],[-121.90023670338199,36.384401744721181],[-121.90047940930712,36.385360666629722],[-121.90058172472303,36.385893667025471],[-121.90090295238718,36.387238060785457],[-121.90094578136498,36.387456971842148],[-121.90096481846248,36.387618774798902],[-121.90101002797577,36.387742507265415],[-121.90112490094106,36.388105340872677],[-121.90128910848341,36.388831243817179],[-121.90143013230492,36.389412433363184],[-121.9014841920204,36.389635225924302],[-121.90175436752865,36.390748651264623],[-121.90269511922678,36.394739208323145],[-121.90329611011816,36.39713624339327],[-121.90350210998248,36.397696244920176],[-121.90388111009915,36.398423244130484],[-121.90453504679509,36.399254249566496],[-121.90463007597573,36.399358287037366],[-121.90598443538687,36.400634903517869],[-121.90715811125504,36.401669245072775],[-121.90749911083857,36.401930245039637],[-121.90893811310904,36.402831244200193],[-121.90915559523933,36.402983743139913],[-121.90935955952122,36.403140000757183],[-121.90954277810995,36.403325598114215],[-121.90969506321186,36.40351357591873],[-121.90983146160796,36.403756229010924],[-121.90986808143053,36.403838982194358],[-121.9099813203603,36.404094868975044],[-121.91065111232096,36.405672245258515],[-121.91120111214187,36.40663524415482],[-121.91203711219306,36.407593246183957],[-121.91380332490745,36.409215059931014],[-121.91426311321258,36.409637245116222],[-121.91439449990774,36.409778696922821],[-121.91447540397884,36.409890531123935],[-121.91456106193445,36.410019022776019],[-121.9146157899965,36.410154651216899],[-121.91466575788587,36.410304559180375],[-121.91468955425775,36.410456843194865],[-121.91468717551886,36.4105829539591],[-121.91467765607182,36.410697168396034],[-121.91465624203205,36.410797105890609],[-121.91462292890807,36.410913699953724],[-121.91454916734175,36.411085021539684],[-121.91442543339453,36.411315827975059],[-121.91418913694893,36.411652608121322],[-121.91410720700178,36.4117817265385],[-121.91402806452693,36.411932109223777],[-121.91399237176573,36.412058220484866],[-121.91395192152682,36.412260474634955],[-121.91394478171692,36.412379447120784],[-121.91395662959721,36.412556799061129],[-121.91437511336558,36.41492524649442],[-121.91441446047335,36.415287146442388],[-121.91438780296728,36.41565366983604],[-121.91432116324458,36.415926895503425],[-121.91423453061687,36.416180129918502],[-121.91410875929057,36.416469446827151],[-121.91399009094323,36.416763045795712],[-121.91394928856472,36.41684636849849],[-121.91366654832059,36.41742375652457],[-121.91364513338254,36.417690256037773],[-121.91347790211093,36.418152762206724],[-121.91347683940396,36.418155699988858],[-121.91280011334761,36.420027247016641],[-121.91257311356689,36.420822245877908],[-121.91240211386267,36.421671245557555],[-121.91236859771942,36.421875892591373],[-121.91232111367182,36.422730246369511],[-121.9123248452735,36.422923636071296],[-121.91233311426569,36.423352246443876],[-121.91244111422073,36.42437424623369],[-121.91265511448097,36.425372246773087],[-121.91283508116835,36.426005602656367],[-121.91296169960596,36.426292156544918],[-121.91322711494152,36.42693324536534],[-121.91363611609373,36.427707246570179],[-121.91411411504629,36.428448247883985],[-121.91503511548628,36.429607245912123],[-121.91709411520293,36.431785247219977],[-121.91743411585988,36.432220246193722],[-121.91771861141203,36.432635801624102],[-121.91801604360259,36.433118832047072],[-121.91825636899225,36.433566170047051],[-121.91845148397027,36.434023026737208],[-121.91871798447066,36.434801110752261],[-121.91886947995347,36.43530281506866],[-121.9189183015925,36.435583232015489],[-121.91902394167329,36.435833108915638],[-121.91917925858928,36.436094971920618],[-121.91997109027459,36.437547225836191],[-121.92054529250588,36.438542169884677],[-121.9206248706636,36.438676188226943],[-121.92239307045145,36.441764765429795],[-121.9251472907395,36.446583012507269],[-121.92598741854943,36.448035569462554],[-121.92624660047517,36.448518703473127],[-121.92636319551085,36.448766168611122],[-121.92643933851097,36.448956525038703],[-121.9265107222367,36.449168296421931],[-121.92655355211282,36.449337238660242],[-121.92659638288725,36.449584701909721],[-121.92661303855093,36.44997731267101],[-121.92659162361286,36.45017004992247],[-121.92655355301113,36.450393718874182],[-121.92650596206403,36.450591214708687],[-121.92643933940928,36.450779191551597],[-121.92634416020998,36.451019517679136],[-121.92622756607261,36.451257463635116],[-121.92611573210797,36.45145258001719],[-121.92598991945916,36.451642862653792],[-121.92500611869596,36.45264524822899],[-121.92459812006361,36.453154248408261],[-121.92424911918584,36.453791247552275],[-121.92406908692141,36.454295925184887],[-121.92402418732689,36.454460218262597],[-121.9239718371054,36.454729097119667],[-121.92393614524251,36.455009874495126],[-121.92391235066727,36.455302547369598],[-121.92392900543265,36.455823649807314],[-121.92397641492006,36.456452298507578],[-121.92414511942876,36.458228249379211],[-121.92435511859273,36.459169248123914],[-121.92469611997291,36.460170248953936],[-121.9250561189247,36.460974249140214],[-121.92548811964315,36.461734248862136],[-121.92672490126171,36.463528260844221],[-121.9284653484971,36.465968904326708],[-121.92911385397883,36.466835795896571],[-121.92932562731545,36.46710229624896],[-121.92953264047945,36.467309309341374],[-121.92980865683364,36.467544876237994],[-121.93000853198436,36.467697161388891],[-121.93050821896281,36.468006491509392],[-121.93146952141973,36.468560904875588],[-121.93171698661925,36.468710813473571],[-121.93189782287584,36.468827405076816],[-121.93207390434961,36.468948757885279],[-121.93228329715076,36.469103422047489],[-121.93245223881466,36.469241430886669],[-121.93293288959396,36.469686391250328],[-121.93422969484318,36.47095702233166],[-121.93445336636577,36.47120686620449],[-121.9345913754412,36.471387705049189],[-121.93473176325547,36.471582821350225],[-121.93495543208313,36.471949257337364],[-121.93517910360572,36.472410873108842],[-121.9352433493182,36.472572677518095],[-121.93530521359688,36.472753515343342],[-121.9353504240085,36.472912940274831],[-121.93541942809703,36.473215131381501],[-121.93632600339022,36.478214378498635],[-121.93638786946552,36.478452325517864],[-121.93648780524423,36.478730721468885],[-121.93659250119565,36.478959150428409],[-121.93674716862968,36.479232788866163],[-121.93686852024479,36.479468354919227],[-121.93698035690439,36.47970154170207],[-121.93705173973181,36.479872863866525],[-121.93711621541303,36.480079691891],[-121.93714902098888,36.480266000964512],[-121.93715522026267,36.480301221792978],[-121.93717785062131,36.480474869156502],[-121.93715853953762,36.480695761585125],[-121.93715853953762,36.481002711876627],[-121.93717264308761,36.481409686658111],[-121.93714929677168,36.482100039925356],[-121.93713501984685,36.482349883268377],[-121.93713740038237,36.482754390896105],[-121.93718397982649,36.483032543151772],[-121.93719092739687,36.483074027011639],[-121.93722068139574,36.483251699167184],[-121.93727302892229,36.483418260935672],[-121.93742769366139,36.483768041795223],[-121.93764422717072,36.484208242099577],[-121.9377169718441,36.484393015827685],[-121.93779175209995,36.484624647930971],[-121.93782744306451,36.484786451396339],[-121.9378655163612,36.485293276044395],[-121.93782982270167,36.485919075581016],[-121.93779413263545,36.486402105004743],[-121.93776081951145,36.486956519672439],[-121.93773464440071,36.487496657595422],[-121.93772512585195,36.487829781299787],[-121.93774891593563,36.488053670229505],[-121.93775309400002,36.488092992661464],[-121.93776557968414,36.488210495445905],[-121.93788931093644,36.488705422194137],[-121.93818912276419,36.48974762735066],[-121.93821529787493,36.489866599492032],[-121.9382367119147,36.490006989315994],[-121.93825098883948,36.490135478328284],[-121.93827002414037,36.490492399639095],[-121.93828339017348,36.490822121886524],[-121.93828510326074,36.490864364942922],[-121.93829857709169,36.491196719466714],[-121.93830095583054,36.491337107602043],[-121.93829618757302,36.491379482539706],[-121.93827954179078,36.491527464956349],[-121.93825713870592,36.491651429785236],[-121.93824384992794,36.491724960009314],[-121.93817484583938,36.491962904534809],[-121.93804159514004,36.492188956031768],[-121.9378940702108,36.492410244763498],[-121.9378322041355,36.492512562079803],[-121.93777271679907,36.492641052713246],[-121.93771798963532,36.492836168942347],[-121.93767753939639,36.49300749094958],[-121.93768182975019,36.493202232888365],[-121.93770371271052,36.493373926007891],[-121.93775368149821,36.49365708308995],[-121.93776557878583,36.493849818639688],[-121.93768705704684,36.494290018706614],[-121.93685186547943,36.496364909248044],[-121.93670671839077,36.496705172238244],[-121.93663680161387,36.496848186222884],[-121.93663150874021,36.496859013361579],[-121.93660202333766,36.496919325544084],[-121.93650922377554,36.497076368229273],[-121.93645065900893,36.497156229389574],[-121.93639273653771,36.497235217397026],[-121.93622989892617,36.497445535392046],[-121.93616794930755,36.497514917197648],[-121.93600622021702,36.497677347273189],[-121.93589732733662,36.497794726475057],[-121.93579007208494,36.497918683438996],[-121.93571012651624,36.498038250344685],[-121.93567312490968,36.498180251602143],[-121.93566112521412,36.498401251693558],[-121.93568512370695,36.49854825015025],[-121.93573712628042,36.498675251849221],[-121.93580412532924,36.498773251226758],[-121.93590112541362,36.498896250527906],[-121.9360261250871,36.499014250354833],[-121.93619881721732,36.499148909423795],[-121.93685812583864,36.499604251847046],[-121.93694612570219,36.499676250847486],[-121.93703161567284,36.499771875352955],[-121.93718037039568,36.500005704363495],[-121.93722575687707,36.500076206765918],[-121.93731382052103,36.50021300072617],[-121.93741034719325,36.500376964687909],[-121.93744129145982,36.500429529469933],[-121.93751412596477,36.500553250418221],[-121.93778586094831,36.500966716779033],[-121.93795593718443,36.501199975328355],[-121.93806063223754,36.50136415744182],[-121.93812963722439,36.501511683907729],[-121.9381605707112,36.501649692795155],[-121.93816295034837,36.501778184876976],[-121.93813439739709,36.501899536629125],[-121.93807491006065,36.502039922693527],[-121.93781078919746,36.502506299035815],[-121.93773226925508,36.502672862004864],[-121.93769419595841,36.502765658711255],[-121.93767040138314,36.502903669696003],[-121.93767040138314,36.503036918982765],[-121.93770133397166,36.503141614535302],[-121.93780058792906,36.503363934880284],[-121.93784600225827,36.503516399479601],[-121.9378607570868,36.50369840778616],[-121.93784410232144,36.503831658593434],[-121.93781078919746,36.503953012181618],[-121.93776147258666,36.504068006952465],[-121.93745312586539,36.504416251134195],[-121.93711360850207,36.504776304687873],[-121.93674955006351,36.505107050669089],[-121.9364901902713,36.505361651876107],[-121.93635693957195,36.505504418811626],[-121.93627127802311,36.505635292362903],[-121.93624293527758,36.505684710431012],[-121.93622028246102,36.50572420803752],[-121.93617847935931,36.505797093816639],[-121.93611423454512,36.505973174415658],[-121.93606799735915,36.506200831310856],[-121.93595696469171,36.507014240300222],[-121.93594112469827,36.507288252577062],[-121.93596012676149,36.507567252502248],[-121.93599712657141,36.50774225250629],[-121.93610709563355,36.507931470585369],[-121.93620941374441,36.508069480303661],[-121.93635218029758,36.508200350240521],[-121.93648067172256,36.508300286346554],[-121.93700891165233,36.508638170486023],[-121.93730612645061,36.508891252472743],[-121.93757512606413,36.509185252596879],[-121.93781079099406,36.509537606646994],[-121.9379012100207,36.50971368668008],[-121.93798687156954,36.509908802490472],[-121.93803208198116,36.510049190637787],[-121.93810346480858,36.510396592030645],[-121.93811060282182,36.51055363626115],[-121.93811773993677,36.51079634238895],[-121.93810346480858,36.510998595470099],[-121.93808386626404,36.511489459679979],[-121.93805111548541,36.511962278587717],[-121.93798449103404,36.512735602357672],[-121.93789883128181,36.513235289863673],[-121.93783934394538,36.513539860758542],[-121.93774654438327,36.513877744407345],[-121.93773434256677,36.513912926848228],[-121.93756332669287,36.514405984007389],[-121.93744435471497,36.514701037490113],[-121.93724209902874,36.515096028009296],[-121.9369993949002,36.515583818068308],[-121.9368352125107,36.515850318243245],[-121.93675650032885,36.51600610168164],[-121.93673590914592,36.516046853854299],[-121.93672099711222,36.516076367868763],[-121.93658060929793,36.516276241272365],[-121.93628793638173,36.516654576041937],[-121.9356787923808,36.517335101229669],[-121.93548843757549,36.517534976435776],[-121.93505968426678,36.51792068337798],[-121.93489595103489,36.518067975423946],[-121.93456282698146,36.518339233330359],[-121.93384660829025,36.518841300269926],[-121.93353252133433,36.519041173751297],[-121.93299476105916,36.519345746342097],[-121.93127678607888,36.520180931337791],[-121.92880312762037,36.521418253732278],[-121.928290012625,36.521706731992644],[-121.92797258663117,36.521906564142185],[-121.92738193265376,36.522308944157636],[-121.92713302565821,36.522493311503737],[-121.92688236335459,36.522678982893432],[-121.92677947840677,36.522761770232101]]},"properties":{"County":"MON","Route":1,"bPM":33.835000000000001,"ePM":71.168999999999997}},{"type":"Feature","geometry":{"type":"LineString","coordinates":[[-121.77040608524847,36.867638136230497],[-121.77037817818584,36.867733891506582],[-121.77019229429568,36.868480475120656],[-121.77011915885514,36.868855290629973],[-121.77006735570762,36.869303241422976],[-121.77001649758782,36.869849602669419],[-121.76996070053058,36.87044901845637],[-121.7699546063597,36.87076593683193],[-121.76995468091987,36.871091685272432],[-121.76996984358354,36.871603938760984],[-121.77012220594059,36.872862465867101],[-121.77024714542691,36.87352677368694],[-121.77039240570332,36.874211220572427],[-121.77039244972077,36.874211422502292],[-121.77048816162103,36.874662400999597],[-121.7707069238506,36.875661554819665]]},"properties":{"County":"MON","Route":1,"bPM":100.88200000000001,"ePM":101.443}},{"type":"Feature","geometry":{"type":"LineString","coordinates":[[-121.58339464321215,36.043067347940713],[-121.58372802598038,36.043398233287512],[-121.58426293590114,36.043985109135349],[-121.58431002199508,36.044049004381755],[-121.58450238902662,36.044310032427504],[-121.58465535954311,36.044496775189103],[-121.58499652800991,36.044882174967363],[-121.58553498537773,36.045533980441206],[-121.58567302679252,36.045709233377998],[-121.58586381907737,36.045916170578913],[-121.58627030045524,36.046382954664402],[-121.58680258639706,36.046824469472668]]},"properties":{"County":"MON","Route":1,"bPM":25.806000000000001,"ePM":26.128}},{"type":"Feature","geometry":{"type":"LineString","coordinates":[[-121.81689430364688,36.645725049433572],[-121.81670512293964,36.645872272261677],[-121.81625012355329,36.646266272960041],[-121.81609212247122,36.646419271557427],[-121.81589512192942,36.646631272390259],[-121.81573512299414,36.646824272355438],[-121.81554712267318,36.647081272387297],[-121.81529816447367,36.647491671643209],[-121.81526066699706,36.647553486520415],[-121.81525692102232,36.647559661086348],[-121.81510112260933,36.647849271959963],[-121.81491912303446,36.648287272588739],[-121.81478212276713,36.648736272630465],[-121.81468512268275,36.649227273068071],[-121.81464012247687,36.649719272894195],[-121.81464512249977,36.650173272828063],[-121.8146761224619,36.650509273246385],[-121.81473818886153,36.650896326389265],[-121.81474812333026,36.650958273305783],[-121.81488112339963,36.651380272511126],[-121.81497712276079,36.651625273535082],[-121.81540276700029,36.652558109954263],[-121.81540512328128,36.652563272268004],[-121.8158361232765,36.653547272993613],[-121.81602812379543,36.654079273091],[-121.8161371244737,36.654437273059862],[-121.81627112346969,36.654979273496679],[-121.81634698709375,36.655367861528774],[-121.81636112388138,36.655440273223022],[-121.81643212312817,36.655897273406921],[-121.81643550259027,36.65592889021088],[-121.81648612445315,36.656402274484307],[-121.81651612459038,36.656955272627854],[-121.81651612369207,36.657554273499741],[-121.81620642590458,36.66141503929358],[-121.81620593452615,36.661420719851677],[-121.81615712456519,36.661984274096433],[-121.81611812420712,36.662259273142112],[-121.81606512450367,36.662532272986532],[-121.8160101251504,36.662762273906715],[-121.81551112448479,36.664474275131035],[-121.81535212447615,36.664916274061518],[-121.81514912498487,36.66539627556137],[-121.81485012433582,36.66599427473723],[-121.81464312464657,36.666342274815634],[-121.81458982041424,36.666434372743659],[-121.81350812484466,36.668303274532029],[-121.8128789591927,36.669429450937685],[-121.81285712474141,36.669468534114323],[-121.8128511239953,36.669479275103321],[-121.81173912465793,36.671394275019608],[-121.8113401558908,36.672029245204847],[-121.81122012479916,36.67222027504291],[-121.81089812458387,36.672701274996143],[-121.81060212340957,36.673082275329421],[-121.80958212503198,36.674172275205571],[-121.80883812324569,36.674996274890248],[-121.80860012449263,36.675317275399827],[-121.80836312466616,36.67567927465948],[-121.8082820831528,36.675833908641074],[-121.80781912469304,36.676717275634928],[-121.80766412488236,36.677119276273451],[-121.80754812453139,36.677482275695823],[-121.8074621261143,36.677802275207014],[-121.80739112596918,36.678129274741885],[-121.80735023735238,36.678440021714074],[-121.8073361248193,36.678547274923567],[-121.80731082466762,36.678950142780479],[-121.80731012488003,36.678961275808561],[-121.8072941249865,36.679370276049063],[-121.80732612477354,36.679976275847629],[-121.80733398233733,36.680047643535794],[-121.80736212565688,36.680303276227441],[-121.80744412567265,36.680812276200854],[-121.8075121254447,36.681135276114411],[-121.80760512622942,36.681501277310261],[-121.80808852495518,36.683131383125712],[-121.80813712560867,36.683295275166344],[-121.80814433369054,36.683320255164297],[-121.80819981903235,36.683512552249546],[-121.80834112582319,36.684002277653583],[-121.80843612535941,36.684406277494894],[-121.80851512500212,36.684812276456405],[-121.80860812578686,36.685448275546314],[-121.80866412586336,36.686085276464837],[-121.80868012575689,36.686862276941532],[-121.80866112728694,36.687364276939455],[-121.80860912561178,36.687957276810629],[-121.80851612482704,36.688591276842232],[-121.80836012519144,36.68933327698759],[-121.80824212429236,36.689780277089085],[-121.80808912592811,36.69026727716053],[-121.80782612616235,36.690966276057026],[-121.80754412613005,36.69160127702483],[-121.80735380905398,36.692113082073526],[-121.80653506743602,36.693597051176766],[-121.80586921189294,36.694574908946414],[-121.80476200237264,36.69652115871132],[-121.80464858288151,36.696720526169877],[-121.80454447891984,36.696903519791661],[-121.80320731326326,36.699253993292324],[-121.80311612617707,36.699414278518383],[-121.79814944337913,36.708339026498138],[-121.79656047994837,36.711093231010231],[-121.79633447999255,36.71149723037292],[-121.79602981636394,36.712011227553958],[-121.79567595829543,36.712740686032426],[-121.79558743740903,36.712923485246293],[-121.79514912692402,36.713804278801668],[-121.79470212793359,36.714971280126122],[-121.79404312653611,36.716610279489032],[-121.79334212620414,36.718522279764926],[-121.79290812673416,36.719647280872977],[-121.79273412665691,36.720068280498936],[-121.79251712602361,36.720535280695877],[-121.79220012672954,36.721149280538249],[-121.79195007258535,36.721575122875919],[-121.79193412659075,36.721602280812462],[-121.79172512815001,36.721948281026307],[-121.79137912674697,36.722490281795046],[-121.79095312587631,36.723124279982081],[-121.79042712724315,36.7238602809188],[-121.78960964775818,36.724914900289079],[-121.78948643483382,36.725073852530514],[-121.78948117609616,36.725080636486204],[-121.78874012617386,36.726016281656968],[-121.78809112661877,36.726805281887877],[-121.78640212679798,36.728400281985991],[-121.78469112633756,36.72997728219687],[-121.78324815441185,36.731318816143933],[-121.78298412697342,36.731564282544049],[-121.78255812520443,36.731952282119991],[-121.7815233405573,36.732936570463181],[-121.78126712576692,36.733180282966003],[-121.77867812542254,36.735597282735924],[-121.77755012619163,36.736958283233811],[-121.77609712547407,36.738945283265522],[-121.77483212507751,36.740701283435143],[-121.77441712677245,36.741259283916371],[-121.77320312642949,36.742971285373834],[-121.77315116158525,36.74303742321618],[-121.77296112837679,36.743279283892143],[-121.77204912636101,36.744547284451428],[-121.77154512567253,36.745197284313548],[-121.77121766639527,36.745651602511607],[-121.77120655693015,36.745667014561846],[-121.7710211248926,36.745924283268202],[-121.77033255724415,36.746767287738876],[-121.77015612632572,36.746983284801651],[-121.76946812641253,36.747838284603816],[-121.76877812595124,36.748600285049022],[-121.76817712607671,36.749305284647221],[-121.76792712583145,36.749625285303658],[-121.76709512687654,36.750608286088038],[-121.76678112526055,36.751007285366299],[-121.76648912428421,36.751415285394181],[-121.76644905493094,36.751477010279572],[-121.76621712609425,36.751834285525049],[-121.7659661260241,36.752259284704706],[-121.76594893855776,36.752296835156322],[-121.7657551261369,36.752720284304687],[-121.76564339547849,36.753039749619397],[-121.76554912627256,36.753309285455572],[-121.76546770387354,36.75361697545587],[-121.76545412673632,36.753668285312528],[-121.76538512624103,36.753866285228597],[-121.76533112671268,36.754096285725431],[-121.76525912674268,36.754563284800533],[-121.76522312675765,36.755212285762312],[-121.76522312675765,36.755537284754112],[-121.7652431259508,36.756024284771733],[-121.76533112671268,36.75708628557225],[-121.76533406150872,36.757113772090811]]},"properties":{"County":"MON","Route":1,"bPM":82.739000000000004,"ePM":91.260999999999996}},{"type":"Feature","geometry":{"type":"LineString","coordinates":[[-121.8327656536451,36.633902531089696],[-121.83242012385757,36.634269270156487],[-121.83187012403667,36.634879269715221],[-121.83135312382772,36.635425269400642],[-121.83037312383649,36.636426269587552],[-121.82987212441938,36.636898270798746],[-121.82934512416469,36.637337270064421],[-121.82893812356058,36.637638271745836],[-121.82802012439198,36.638285271266831],[-121.82689812231391,36.639055269432326],[-121.82400812346728,36.641082271512673],[-121.82307612405495,36.641709271818307],[-121.82217012188693,36.642294271781289],[-121.82141812329797,36.642796272072708],[-121.82069212285167,36.643263270975751],[-121.81994312194082,36.643730271372178],[-121.81751812252628,36.645263272225485],[-121.81735412249473,36.645388272786626],[-121.81707572919831,36.645589966752667],[-121.8169621228576,36.645672272811552],[-121.81689430364688,36.645725049433572]]},"properties":{"County":"MON","Route":1,"bPM":81.504999999999995,"ePM":82.715999999999994}}]}