{"type":"FeatureCollection","features":[{"type":"Feature","geometry":{"type":"LineString","coordinates":[[-121.32975481698946,35.782422891647307],[-121.32979896110085,35.782457226799615],[-121.33008295988466,35.782631227052022],[-121.33051396077822,35.782909225852372],[-121.33065496214184,35.783011225692661],[-121.33089596036962,35.783227226680076],[-121.33099296135234,35.783298226798848],[-121.331183961148,35.783400226140046],[-121.33173796116689,35.783681226848856],[-121.33191796109195,35.783793225464514],[-121.33221285464352,35.784028137981778],[-121.3323029071575,35.784072945121778],[-121.33263080481262,35.784160330850561],[-121.33276588987177,35.784194892618018],[-121.33303244606772,35.784387988463244],[-121.33319544537605,35.784559987762059],[-121.33320932255053,35.784713710112428],[-121.33320232287785,35.784932708837935],[-121.3332263231673,35.785061709102571],[-121.33336826416873,35.785317785168004],[-121.333495263492,35.785473786231023],[-121.33359126464977,35.78554078510809],[-121.33387618959665,35.785651505110344],[-121.33399896324484,35.785743227184462],[-121.33406696122029,35.785817225200681],[-121.33409596243092,35.78588722684524],[-121.33408787040683,35.786188689901707],[-121.33408222539362,35.786478915758821],[-121.33411374548029,35.78682559971157],[-121.3341597428161,35.786947601281568],[-121.33421688375299,35.787070788274775],[-121.33432488640297,35.787194786858279],[-121.3344668857949,35.787309787169974],[-121.33486735295192,35.787566629148742],[-121.33492835215296,35.787643629186718],[-121.33524135304573,35.78822962918899],[-121.33532335126488,35.788333629036401],[-121.33544135126562,35.788434628701928],[-121.33560596215156,35.788497226671161],[-121.33593433232052,35.788506285096922],[-121.3363055287723,35.788487248629281],[-121.33661486004715,35.788463453767037],[-121.33694322482621,35.788387312929046],[-121.33717641310093,35.78827309825612],[-121.33733821495498,35.788206471861386],[-121.33750465391249,35.788163510661434],[-121.33768561683152,35.788206471861386],[-121.33787996285164,35.788356226687071],[-121.33798396260873,35.788453225777886],[-121.33821896278539,35.788758225656096],[-121.33844296219306,35.788971227031936],[-121.33882775734165,35.789386684680004],[-121.33898480351453,35.789591319051205],[-121.33913232934209,35.789834023741875],[-121.33932744521844,35.790181424655501],[-121.33943774216566,35.790440855822332],[-121.33945875286182,35.790545904258153],[-121.33947135712357,35.790882059339616],[-121.33950497297982,35.790974501865293],[-121.33979070551213,35.791394694868238],[-121.34023190857235,35.792071207376331],[-121.34039998695529,35.792272899785004],[-121.34065630505192,35.792529219305862],[-121.3408832087129,35.792730912737994],[-121.34110796360373,35.792855226013934],[-121.34126895607568,35.792905774359788],[-121.34142946166078,35.79294520994582],[-121.34151770227281,35.792991432208055],[-121.34158073076809,35.79302924940896],[-121.34165636622005,35.793130097376078],[-121.34170678865696,35.793214133729087],[-121.34174040451322,35.793352797779832],[-121.34178662552954,35.793588106845704],[-121.3418258801108,35.793798206187361],[-121.34180588001932,35.793939205988607],[-121.34169987971413,35.79413920611465],[-121.34168588036873,35.794195206088908],[-121.3416918802165,35.794243205514945],[-121.3417348789759,35.794307205918976],[-121.34180588001932,35.794347206236374],[-121.34189287915964,35.794359206254853],[-121.34198587994439,35.794346205809717],[-121.34224287896402,35.794246206070113],[-121.3423528803655,35.794233207063847],[-121.34248987973453,35.7942432062436],[-121.34297888035438,35.794431206327381],[-121.34364487962793,35.794730206234277],[-121.34392764232993,35.794831113976855],[-121.3440118764558,35.794856219209919],[-121.34411588160276,35.794867206344527],[-121.34425788009635,35.794864207270059],[-121.34453188063105,35.794821205950932],[-121.34471088162951,35.79480020585742],[-121.3448528801231,35.794812205807425],[-121.34495287968221,35.794848205646637],[-121.34512896385094,35.794974225721518],[-121.345203964194,35.79506022598504],[-121.34525237081142,35.795179602756512]]},"properties":{"County":"SLO","Route":1,"bPM":72.994,"ePM":74.323999999999998}},{"type":"Feature","geometry":{"type":"LineString","coordinates":[[-121.3295825380843,35.782278769838761],[-121.32960996095497,35.78231022574932],[-121.32975481698946,35.782422891647307]]},"properties":{"County":"SLO","Route":1,"bPM":72.992999999999995,"ePM":73.006}},{"type":"Feature","geometry":{"type":"LineString","coordinates":[[-121.30418471439815,35.705425954067778],[-121.30420397876941,35.707400660510331],[-121.30418595047998,35.707501221682222],[-121.3040584525917,35.708086655857613],[-121.30389694987664,35.708828221037237],[-121.30387446324846,35.708914393950799],[-121.30377795005097,35.709284222750945],[-121.30369095001234,35.709660221446669],[-121.30362095059044,35.710193220461662],[-121.30364194960852,35.710735221923628],[-121.30373195002021,35.711353222086466],[-121.3039409502576,35.711922221623915],[-121.30413495042635,35.712316221729424],[-121.30534685679638,35.714394913070386],[-121.30581682301367,35.715179118969424]]},"properties":{"County":"SLO","Route":1,"bPM":66.716999999999999,"ePM":67.358000000000004}},{"type":"Feature","geometry":{"type":"LineString","coordinates":[[-121.30006993362849,35.700710974045897],[-121.3012898080551,35.701219629076],[-121.30212821469294,35.701680026460544],[-121.302559536285,35.701990188938382],[-121.30305870313896,35.702484509466508],[-121.30332918946426,35.702829950907955],[-121.30345553840728,35.703067368219592],[-121.30366146011818,35.703406707258608],[-121.30384708170028,35.703740244085573],[-121.30400950069689,35.704221700530688],[-121.30417771921701,35.704708955495285],[-121.30418471439815,35.705425954067778]]},"properties":{"County":"SLO","Route":1,"bPM":66.448999999999998,"ePM":66.858000000000004}},{"type":"Feature","geometry":{"type":"LineString","coordinates":[[-121.24397782562926,35.654456466162948],[-121.24419311137865,35.654579210733552],[-121.24464282956947,35.654876643328052],[-121.2449640572336,35.655124108335336],[-121.24565410261067,35.655704695658571],[-121.24597593484097,35.655890220118074],[-121.24642593600112,35.656138220657013],[-121.2482229402685,35.657016608432116],[-121.25034593686429,35.658096220455683],[-121.25101035330633,35.658422738372352],[-121.2515093539719,35.658747738254505],[-121.25180235387487,35.659016738110957],[-121.25201835288661,35.659231738378452],[-121.25234635384801,35.659641738574095],[-121.25287135445286,35.660341737781373],[-121.25319993752255,35.660638219793988],[-121.2536479372362,35.660976220484571],[-121.25398693806824,35.661211221719547],[-121.25438593737809,35.661518220691384],[-121.25473693700738,35.661764220732188],[-121.25577693817135,35.662521220138125],[-121.25620093669724,35.662849220526333],[-121.25661293732419,35.663095219385838],[-121.25692893859004,35.663271219742469],[-121.26004693883893,35.664496220318078],[-121.26055393900214,35.664646220303432],[-121.26102293863218,35.664737220609673],[-121.26161743919562,35.664787337987626],[-121.26194593962029,35.664815030617056],[-121.26227093931033,35.664871028902859],[-121.26265993947274,35.664968031053796],[-121.26334593973611,35.665194030551945],[-121.26388193931331,35.665412220300794],[-121.26471494078805,35.665734219906348],[-121.2661959401964,35.666328030239512],[-121.26672193972783,35.666506030456489],[-121.2672679402491,35.666637028927674],[-121.26874328835599,35.666930960964308],[-121.27005152376887,35.66720946526133],[-121.27114355265917,35.667487968586819],[-121.27247011011058,35.667957027811063],[-121.27480394040523,35.668812219765776],[-121.2772129408246,35.669728030109489],[-121.27799573815305,35.670046548037305],[-121.27832584656208,35.670215346931847],[-121.27833733601456,35.670225092406],[-121.2787457379905,35.670571547836744],[-121.2807908398714,35.672448966961646],[-121.28182328530555,35.673486976748954]]},"properties":{"County":"SLO","Route":1,"bPM":61.484000000000002,"ePM":64.138999999999996}},{"type":"Feature","geometry":{"type":"LineString","coordinates":[[-121.23914334250175,35.653786522780933],[-121.24020232866096,35.653668305482334],[-121.24050732915782,35.653646305368071],[-121.24103632906234,35.653636305314102],[-121.2414805262074,35.653653601757014],[-121.24183532930358,35.653694305609577],[-121.24224909242514,35.653767814682624],[-121.24252273004046,35.653829680587883],[-121.24291493539181,35.653972220309498],[-121.24346499719648,35.654193738527759],[-121.24397211234405,35.654453210704069],[-121.24397782562926,35.654456466162948]]},"properties":{"County":"SLO","Route":1,"bPM":61.149999999999999,"ePM":61.438000000000002}},{"type":"Feature","geometry":{"type":"LineString","coordinates":[[-121.23434187246099,35.653308615262411],[-121.23486614093889,35.653494637992011],[-121.23524279735099,35.653622121293822],[-121.23578293367007,35.653772219808793],[-121.23644836431006,35.653878617947719],[-121.23666036402216,35.65390861874473],[-121.23712036522802,35.653936618067242],[-121.23772236582579,35.653936618067242],[-121.2378613648446,35.653929618785],[-121.23914334250175,35.653786522780933]]},"properties":{"County":"SLO","Route":1,"bPM":60.869,"ePM":61.149999999999999}},{"type":"Feature","geometry":{"type":"LineString","coordinates":[[-120.92198169768643,35.449598011490046],[-120.92325597049337,35.449449832453688],[-120.9246520521579,35.449344553076017],[-120.92578943608858,35.449361174296037],[-120.92654608345912,35.449416158289097],[-120.9326537964495,35.449998189682226],[-120.93371777814001,35.450087177173863],[-120.93579406503598,35.450291952749559],[-120.93932639165008,35.450613905910735],[-120.94065580035422,35.450744363470285],[-120.94151376421409,35.450838656271863],[-120.94202426511195,35.450917067164312],[-120.94282298058727,35.451057383474591],[-120.94324396257045,35.451148206555068],[-120.94396583166478,35.451335995661573],[-120.94448492674496,35.451501836244141],[-120.94795769056417,35.452759072192812],[-120.94900702522396,35.453125520342681],[-120.95194090407729,35.454179620242165],[-120.9526789105074,35.454449611885174],[-120.9537635633309,35.454831598958329],[-120.95505741042784,35.455320457693972],[-120.95557639321864,35.455539472726343],[-120.95628340687311,35.455890459119438],[-120.95695442503416,35.456275923851827],[-120.95972888346725,35.457912989080398],[-120.96097333759666,35.458641107000041],[-120.96275734144525,35.459693104905249],[-120.9695560529252,35.463682592257165],[-120.9703392077832,35.464153836672708],[-120.97037459960873,35.464175133057715],[-120.97241935653655,35.465364707964831],[-120.97312843631619,35.465845358774011],[-120.97351390969281,35.46612613369642],[-120.9756508759896,35.467791220198805],[-120.97649239528984,35.468423440222637],[-120.9766238754098,35.468522219808371],[-120.97756847279567,35.469179363067859],[-120.97761434526566,35.469211276748545],[-120.97766050339989,35.46924338868353],[-120.98060787494877,35.471156960162141],[-120.98204189785764,35.472098580965351],[-120.98245116491118,35.472331768657483],[-120.98288898761098,35.472545920636101],[-120.98381697784221,35.472879045940552],[-120.98412154894434,35.472959946860307],[-120.98468786037418,35.473069401906081],[-120.98567771578239,35.473245481449766],[-120.98628685708832,35.473364454627657],[-120.98672467799152,35.473478668742139],[-120.9870530445672,35.473578606782141],[-120.98744327631989,35.47372613344136],[-120.98798103569672,35.473978355505558],[-120.98826181042698,35.474140159440928],[-120.9885854177283,35.474349551425057],[-120.98889474810484,35.474563702418926],[-120.98935636358325,35.474963452828604],[-120.98954671928688,35.475153810443402],[-120.98980370123856,35.475482174952788],[-120.99002106928278,35.475809219863329],[-120.99030006894203,35.476258219988054],[-120.99053806949173,35.476666219650532],[-120.99094106899955,35.477287219777857],[-120.99118306974719,35.477606219957387],[-120.99144106859174,35.477914219534981],[-120.99169406831173,35.478170219986474],[-120.99178542158626,35.478252965622488],[-120.99183206930229,35.47829521953642],[-120.99236607012801,35.478722219763355],[-120.99334007027146,35.479425219843833],[-120.99403506895898,35.479900219778969],[-120.99459406989905,35.480320219693475],[-120.99496107032016,35.480635221115335],[-120.99522707045894,35.480885218938433],[-120.99581006989182,35.481565219295341],[-120.99607607092892,35.481861220312901],[-120.99646300945776,35.482449397762871],[-120.99681516881206,35.483072816130324],[-120.99766048708769,35.484470357940857],[-120.99786148692915,35.484854358812328],[-120.99808608641143,35.485262088091154],[-120.99868807173782,35.486298219902999],[-120.99918534224818,35.487001942228581],[-120.99918907295157,35.487007220376938],[-120.99968955943064,35.487636623183498],[-121.00038307050808,35.488342219437747],[-121.00129407180064,35.489383220158729],[-121.00184707289293,35.489948220059979],[-121.00213007275013,35.490271219139203],[-121.00272848996822,35.490967359206238],[-121.00288148833246,35.491172359109292],[-121.00309748824256,35.491518359760981],[-121.00409391572536,35.493450486713627],[-121.00421291734769,35.493630485749698],[-121.00441091591777,35.493901485915025],[-121.00474391600372,35.494276485918],[-121.00507666096809,35.494591787359965],[-121.0053656615714,35.494814788972263],[-121.00589148952466,35.49523735852646],[-121.00935335947439,35.497815797793201],[-121.01019093067902,35.498501081481891],[-121.01106725789992,35.499286767831165],[-121.01239906959744,35.500480794049757],[-121.01382674770545,35.501765702997432],[-121.01415987175891,35.502070271540809],[-121.01470714788786,35.502522370507492],[-121.01533056432199,35.502983984867669],[-121.01610341370703,35.503512758503],[-121.0161232718647,35.503526344601283],[-121.01655548907712,35.503789361444682],[-121.01805424189041,35.504719711795893],[-121.01895924603011,35.505273707706941],[-121.0201174538074,35.505953732768432],[-121.02172790673639,35.506974491929924],[-121.02211329117979,35.507207484835028],[-121.02213156381097,35.507217909042382],[-121.02240150126565,35.507371883678012],[-121.02549959664449,35.509299225758106],[-121.02577655892469,35.509459246734934],[-121.02697579725256,35.510214250582727],[-121.02767057944612,35.510682235856997],[-121.02858416788669,35.511388242477508],[-121.02925316753333,35.511979242747955],[-121.02943016798363,35.512154241849771],[-121.0301924945034,35.51296835953044],[-121.03183449626515,35.514749358502357],[-121.03255849526505,35.515518358788114],[-121.03331849604652,35.516351358806567],[-121.03488949586654,35.518027360154605],[-121.03562049723406,35.518772358645947],[-121.0357452130399,35.518875271748875],[-121.03576349734918,35.518890359244843],[-121.03637828456672,35.519312340040003],[-121.03741850581793,35.51996935461861],[-121.03898848964336,35.520921363295408],[-121.03930950620341,35.521122353947639],[-121.04101671577332,35.522152375983076],[-121.04145705465423,35.522424182854202],[-121.04190439230953,35.522771584244005],[-121.04226149778778,35.523103358592017],[-121.04247649787293,35.523332358838168],[-121.04272849776802,35.523625358998459],[-121.04286449910877,35.523806359299016],[-121.0430494981584,35.524081359919705],[-121.04379349814805,35.525532359185178],[-121.04404649786804,35.526047358909459],[-121.04429949938466,35.526493359364672],[-121.04456749827496,35.526877360403276],[-121.04478549064831,35.527153536320526],[-121.04480314164533,35.527175899479822],[-121.0448156821267,35.52719178741539],[-121.04483349841374,35.527214358923146],[-121.04675620214221,35.529091797189764],[-121.04723120251835,35.529600798363234],[-121.04833749935032,35.530719360533453],[-121.04858649977066,35.531001359200118],[-121.04891849913338,35.531355360634045],[-121.04925349976743,35.531663359574281],[-121.04944249991331,35.531865360672519],[-121.04986508269434,35.532360221335601],[-121.04998908344122,35.532528221657714],[-121.05050008380236,35.533270221369975],[-121.05074808439781,35.533658221584595],[-121.0512140827565,35.534344220612795],[-121.05189150141396,35.535367359343496],[-121.05235250064807,35.536037360352296],[-121.05255050011648,35.536286359720954],[-121.05287149960853,35.536630360433769],[-121.05329150152971,35.537032360498266],[-121.05346550070868,35.537180360552931],[-121.05370198310554,35.53736272866572],[-121.05374700217601,35.537399988785644],[-121.05436108511434,35.537908221613826],[-121.05487108475229,35.538309222598805],[-121.05631708579713,35.5394652214828],[-121.05741950190705,35.540365360614103],[-121.05844950212702,35.541176359679831],[-121.05892032264214,35.54151631478755],[-121.05963952733332,35.541944343631918],[-121.06053950000917,35.542422362526523],[-121.06234249514117,35.543390365250687],[-121.06264048788047,35.543556366753634],[-121.06326369500715,35.543923397935636],[-121.06376008696517,35.544261221704517],[-121.06411008587122,35.544531221385434],[-121.06438408730425,35.544768222573353],[-121.06523739339937,35.545538267670786],[-121.06849008704197,35.54848722173476],[-121.06911115707658,35.549045593969666],[-121.06968618036804,35.549588271040804],[-121.07010608796611,35.54996722080363],[-121.0706730875055,35.550469221508969],[-121.07158352375771,35.551313183463861],[-121.07161331818075,35.551340802844969],[-121.07296350491741,35.552514359756074],[-121.07395250512947,35.553428359808102],[-121.07418753495051,35.553653105493837],[-121.07485050600322,35.554224360052544],[-121.07508478303605,35.554409852469405],[-121.07549893063657,35.554688149487511],[-121.0758231038765,35.554852209896787],[-121.07633911593865,35.555093197953809],[-121.07670511114496,35.555238196781303],[-121.07703810584101,35.555349197959444],[-121.07813410348822,35.555618189036785],[-121.07892405679623,35.555708083469348],[-121.07931904692499,35.555722361593531],[-121.07963313657589,35.555717602462714],[-121.07999481358063,35.555689048402584],[-121.08045642905905,35.555631941713429],[-121.08170408568243,35.55546620565179],[-121.08231204570379,35.555356082360184],[-121.08234941472131,35.555350587263725],[-121.08287451144588,35.555273374504004],[-121.08458580296048,35.555027455340699],[-121.08533959997659,35.554915354545578],[-121.08643325212263,35.554779505167986],[-121.08690850223043,35.554771316180059],[-121.08734650189834,35.554768810883111],[-121.08774760865585,35.554786507281847],[-121.08784369156034,35.554792681361086],[-121.08830268755139,35.554854821161868],[-121.08890467467441,35.554950036906021],[-121.08943052418722,35.555080906845951],[-121.08990464241778,35.555248782840877],[-121.09021264328766,35.555363783826117],[-121.09064964223235,35.55556478393185],[-121.09094664233326,35.555719784705445],[-121.09112741211455,35.555825168836009],[-121.09155233231191,35.556098283802655],[-121.0917918321498,35.55628178478478],[-121.0922621145741,35.556715549914209],[-121.09250720013641,35.55697491086498],[-121.09301759323644,35.557663220779787],[-121.09326209309722,35.558052221116874],[-121.09368009267368,35.558752221112535],[-121.09391346150973,35.559173534041875],[-121.09454639739096,35.560144353408596],[-121.09481583807725,35.560615270236738],[-121.09492509387705,35.560806221394913],[-121.09595741803864,35.562554747457284],[-121.0964237918931,35.563278103280759],[-121.09657607789336,35.56348749524895],[-121.09679856633468,35.563740429248448],[-121.09710809523887,35.564043221460537],[-121.09724490416509,35.564190221691298],[-121.09750009397771,35.564431221133184],[-121.09777390406961,35.56467022053711],[-121.09901309496972,35.565670221685927],[-121.0994470944397,35.566006220527825],[-121.10105309441981,35.567294221426387],[-121.10170409542137,35.567758220212966],[-121.10185789777778,35.567863187352678],[-121.10278411742958,35.568411863297335],[-121.10311613026703,35.568575188290481],[-121.10396060502461,35.568906020561499],[-121.10396235045118,35.568906638006816],[-121.10454500942257,35.569112887129364],[-121.10536399987383,35.569362901030757],[-121.10711588445945,35.569877298547397],[-121.10775208841167,35.570095230425345],[-121.10812205866311,35.570240255452568],[-121.10860105564397,35.570477246399179],[-121.10905127689131,35.570746264886928],[-121.1095680974372,35.571116221465317],[-121.1099782717892,35.5714960602565],[-121.10998364820615,35.571501039116022],[-121.11033174448046,35.571860818255118],[-121.11052924089232,35.572101144325217],[-121.11069634280652,35.572326842326412],[-121.11088234347767,35.572626842349024],[-121.11100834297605,35.57285284209663],[-121.11112334350207,35.573092842966901],[-121.11129734357935,35.573535843281526],[-121.11149934234741,35.574123843068847],[-121.11158334560625,35.574406842074168],[-121.11174918538748,35.575022311518715],[-121.11188018490874,35.575390312140087],[-121.11203518471945,35.575733311419327],[-121.11216609530747,35.57595757736145],[-121.11227918332028,35.576151312223551],[-121.11244518479826,35.576380312249661],[-121.11265618378715,35.57664531288566],[-121.11289918346138,35.576924311543635],[-121.11365513733253,35.577701268502025],[-121.11487413590173,35.578968268423985],[-121.11569850905819,35.57985485477726],[-121.11747251106442,35.581680855369306],[-121.11846309859959,35.582689220459507],[-121.11951351572928,35.583825359602045],[-121.12082151578356,35.585172360126258],[-121.12114523627261,35.585514169814836],[-121.12115128552774,35.585520557770238],[-121.12152610039352,35.585969221966714],[-121.12191110035798,35.586506221806133],[-121.12224909956846,35.587051221829853],[-121.1224700995014,35.587478222200204],[-121.12262110001247,35.587819220651852],[-121.12330809920239,35.589449221840582],[-121.12397366548799,35.591048757844945],[-121.1239801010187,35.591064223312493],[-121.12416410114169,35.591542221009448],[-121.12430509981039,35.591876221542144],[-121.1245161005959,35.592422220116283],[-121.12462710092396,35.5927612222739],[-121.12488061088703,35.593575390346203],[-121.12488651820834,35.593594361626323],[-121.12512551768464,35.594277361240827],[-121.12538340334144,35.594884981771862],[-121.12584010593361,35.596004647707346],[-121.12620210184026,35.596844222894681],[-121.12635810237418,35.597156222894576],[-121.12659410147742,35.597564222407804],[-121.12685810106804,35.597963222288826],[-121.12705910180782,35.598224222480425],[-121.12763346483756,35.598858889410693],[-121.12764632601748,35.598871418497041],[-121.12795410230856,35.599171222667081],[-121.12872010203955,35.599827222842265],[-121.12944610248586,35.600420222850467],[-121.13229951923917,35.602853361947332],[-121.13271570871029,35.60321336104721],[-121.13373186679001,35.604048044462054],[-121.13529586693731,35.605385047023134],[-121.13614071000417,35.60612436088941],[-121.13675370957425,35.606650360687212],[-121.1375097101578,35.60728436190152],[-121.13959471071203,35.609053362104291],[-121.14034971147066,35.609678361917616],[-121.14137844416774,35.610560376691687],[-121.14141333832666,35.610590293696696],[-121.14155571051938,35.610712362176756],[-121.14461071191739,35.613296361172523],[-121.14638504540198,35.614994769940516],[-121.14639223821246,35.615000374869702],[-121.1469890294799,35.615465297815547],[-121.14706468469478,35.615523929757494],[-121.14826393290414,35.616535200758385],[-121.14886355745799,35.617058682066492],[-121.14928472269747,35.61741798119035],[-121.15036504653962,35.618307657888188],[-121.1515202260961,35.619158557401882],[-121.15257194937621,35.620046096317076],[-121.15315533418635,35.620612741346697],[-121.15370033488271,35.621201741193644],[-121.15419433552543,35.621797742450951],[-121.15469833531557,35.622473742465338],[-121.15525733445901,35.623303741450691],[-121.15611833642117,35.624546742386158],[-121.15678233514659,35.62528774260398],[-121.15723933597938,35.625738740978058],[-121.157648335335,35.626123741495334],[-121.15821133647302,35.626736741091406],[-121.15898133550363,35.627612741009465],[-121.15933033458475,35.628108741634911],[-121.15974133538681,35.628619740312381],[-121.15992433568492,35.628861741104075],[-121.16072833594903,35.629889742716102],[-121.16180188020574,35.63143419659685],[-121.16243343627467,35.632296057263517],[-121.16243481698527,35.63229794171864],[-121.16312068250133,35.633199947366109],[-121.16322776078489,35.633336821685454],[-121.16338837057452,35.633553298001473],[-121.16372030615683,35.634013723659088],[-121.16401288474994,35.634406971767262],[-121.16466092220936,35.63519722365173],[-121.16502692100893,35.635598222475217],[-121.16530592156651,35.635854222856715],[-121.16571392199553,35.636195223962247],[-121.16609392193712,35.6364522233822],[-121.16651992280778,35.636706223513919],[-121.16695992212553,35.636935224050227],[-121.16774892142271,35.637294222865741],[-121.1693159219431,35.638046223947086],[-121.16991449187478,35.638327020649172],[-121.17072392335312,35.638704224016692],[-121.17225092279217,35.639394222364459],[-121.17363970205176,35.640012153931039],[-121.1741964976278,35.640250099828734],[-121.17472235612374,35.640445215826816],[-121.17504635688717,35.640549215248676],[-121.17586806923374,35.640756113503016],[-121.1780036341587,35.641282785677362],[-121.17888463172076,35.641491786743366],[-121.18010945855951,35.641825302066771],[-121.18106362030824,35.642144151036248],[-121.18160292478736,35.64234722197228],[-121.18231192551525,35.642637222399863],[-121.18295074625986,35.642886660631973],[-121.18517092529804,35.643795223548153],[-121.18546367367271,35.643907929207778],[-121.1854850832209,35.643916171861846],[-121.18578392576647,35.64403122290117],[-121.18626992691159,35.644240224078459],[-121.18670692585626,35.644422222911913],[-121.18722692553995,35.644618222988989],[-121.18835292601935,35.645033222846564],[-121.19054192722896,35.64589522229722],[-121.19125392653328,35.646160224165065],[-121.19219240459545,35.646551940102754],[-121.1923104396305,35.646601208229207],[-121.19258124395942,35.646714241347986],[-121.19277569059088,35.646796329158654],[-121.19476516878937,35.647636182259625],[-121.19594692769846,35.648145223110035],[-121.19907001061522,35.64945865064098],[-121.20017645926248,35.649937517739133],[-121.20226443683354,35.650808994591202],[-121.20328592910941,35.651246222935448],[-121.2041349295794,35.651619222852275],[-121.20450892967321,35.651748223790023],[-121.20480492905089,35.651828223887797],[-121.20522592900036,35.651912222553754],[-121.20548592749473,35.651939221819482],[-121.20583392944594,35.651955222975076],[-121.20625092919742,35.651947222762622],[-121.2066159281721,35.651915223364774],[-121.20694792843312,35.651859222562827],[-121.20733525683079,35.651735756273041],[-121.20811333890236,35.651500189181093],[-121.20886892985413,35.651317221766128],[-121.20918093002366,35.651273222426234],[-121.2095079293635,35.65126022269957],[-121.2097819298982,35.651277221106376],[-121.21023592856132,35.651321222633968],[-121.2104659287151,35.651371222150509],[-121.2107589304147,35.651475221949887],[-121.21158193004707,35.651837221950274],[-121.21170653356351,35.651899292276056]]},"properties":{"County":"SLO","Route":1,"bPM":36.838000000000001,"ePM":59.441000000000003}},{"type":"Feature","geometry":{"type":"LineString","coordinates":[[-120.74275724329999,35.33332080192352],[-120.74297798990804,35.33336757146381]]},"properties":{"County":"SLO","Route":1,"bPM":22.66,"ePM":22.672999999999998}},{"type":"Feature","geometry":{"type":"LineString","coordinates":[[-120.66352673804751,35.286714671228502],[-120.66358506655723,35.286781293109037],[-120.66365054745323,35.286856085006448],[-120.66423371307442,35.287522033273355],[-120.66423872028382,35.287527751982736],[-120.6649495939991,35.288320921842129],[-120.664951140898,35.288322646457118],[-120.66563733160417,35.289115184535078],[-120.66564695795077,35.289126579933267],[-120.66628200936448,35.289878440963335],[-120.66658802944916,35.290241100199083],[-120.66670410975017,35.290425949105284],[-120.66675310835734,35.290523949650307],[-120.66679310943863,35.29062394960529],[-120.6668826517095,35.290900331352148],[-120.66688288257656,35.290901046252635],[-120.66692115440091,35.291019184393214],[-120.66732256658561,35.292406522551637],[-120.66732761242255,35.292423963598281],[-120.66760881834415,35.293446234648776],[-120.66784890657857,35.294037474752948],[-120.66786456511228,35.294076034616801],[-120.66793004600831,35.294202904218537],[-120.6682457355587,35.294685463673325],[-120.66836973540725,35.294855463288521],[-120.66850273727329,35.295021464439962],[-120.66864573469348,35.295181464803505],[-120.66879473735133,35.295338464632842],[-120.66903473485591,35.295561463666175],[-120.66941193295212,35.295870260322722],[-120.66941690333059,35.295874328773294],[-120.66975033460787,35.296113610350183],[-120.6700668020993,35.296313485615009],[-120.67046180121118,35.296534485511977],[-120.67144085437809,35.297019305376978],[-120.67218690162831,35.297410416369317],[-120.67276511124409,35.297741162929491],[-120.67319038268273,35.298009174735853],[-120.67375310893627,35.298464012611049],[-120.67376364797119,35.298472531962183],[-120.67391538330415,35.298595174594162],[-120.67416738319922,35.298826174422025],[-120.67440838232534,35.299064174510264],[-120.67464488628175,35.299273534652194],[-120.67477714883429,35.299401007557222],[-120.67498514924675,35.299659007809147],[-120.67518214889027,35.299923007334826],[-120.67550863080049,35.300394262041834],[-120.67573099168105,35.300763525958345],[-120.6760288856057,35.301332236102908],[-120.67616857722565,35.301648186655505],[-120.67685365671581,35.303090886077072],[-120.67759781391067,35.304628222997003],[-120.67774681477189,35.304903222671442],[-120.67791081480343,35.305173223855071],[-120.67836794499364,35.305843878912185],[-120.67858194345726,35.306087877792358],[-120.67880894233967,35.306323877907907],[-120.67905094488393,35.306550879394884],[-120.67930394370562,35.306768877930374],[-120.68078969879505,35.307980380324175],[-120.68079253387809,35.307982690981483],[-120.68298874227122,35.309773502375485],[-120.68372009128676,35.310360630241],[-120.68464280481398,35.31111638588181],[-120.68465409124721,35.31112563035137],[-120.68502281643369,35.311398223342565],[-120.68554981668838,35.311760223168804],[-120.68614381778853,35.312116222916302],[-120.68745881751549,35.312789221098605],[-120.6883468165469,35.31326922286604],[-120.68874081763052,35.313517222931914],[-120.68926581733707,35.3138852233308],[-120.68971081937261,35.314246223182764],[-120.69012281730464,35.314630223478147],[-120.69028581751125,35.314793223414974],[-120.69187881797087,35.316545223476325],[-120.69205692694227,35.316716102207998],[-120.69206757467333,35.316726317258976],[-120.69234681777604,35.316994222930354],[-120.69246381885023,35.317086223263374],[-120.6926888180828,35.317281223631099],[-120.69276218978024,35.317336500025284],[-120.69317475185427,35.317647311393927],[-120.69344594515371,35.317851617146495],[-120.69358081731215,35.317953224487482],[-120.69399382045897,35.318224222217665],[-120.69461981775291,35.318594223491765],[-120.6953348183286,35.31895522358068],[-120.69650181791755,35.319469223602397],[-120.69694515447657,35.31961790252695],[-120.69699381891046,35.319634222126609],[-120.6982638193299,35.319980223251697],[-120.69884081801669,35.320097223153113],[-120.69953081937629,35.320207223062653],[-120.70003782043784,35.320275221732473],[-120.70100482090857,35.32034122301679],[-120.70161381938237,35.320353221645327],[-120.70234300884798,35.320317488888726],[-120.70288790533974,35.320284175634058],[-120.70472126173175,35.320138912824909],[-120.70476781961628,35.320135223072143],[-120.70668314637965,35.319960569450551],[-120.70922682042975,35.319753222803499],[-120.70994482048013,35.319690221087242],[-120.71029082098487,35.319674222539966],[-120.71098282019769,35.319678222360366],[-120.71148682088615,35.319697222420544],[-120.71221082078434,35.319769220602154],[-120.71269582120624,35.319837222572183],[-120.71285182263848,35.319863222448014],[-120.7136288222401,35.320031222402577],[-120.71402782065165,35.320144222433093],[-120.71436982185672,35.320254222278699],[-120.71477782048909,35.320404222026902],[-120.71598882225562,35.320880221349675],[-120.71658383755376,35.321111707999222],[-120.71658940621019,35.321113875354662],[-120.71814282240682,35.321718222233301],[-120.71976537833763,35.32231548799539],[-120.71979630463791,35.322326869922939],[-120.72041795678081,35.322575575890305],[-120.72062227410062,35.322657002294129],[-120.72087955519125,35.322759533701209],[-120.72269117145508,35.3234715623257],[-120.7233479019115,35.323747579015134],[-120.72397182409713,35.324075223149201],[-120.7244898232327,35.324387221611907],[-120.724977822231,35.324696221940101],[-120.72533482350468,35.324957221261705],[-120.72562482393292,35.325201221850719],[-120.72650087537103,35.326004105129307],[-120.72695382300527,35.326419220969122],[-120.72718682443042,35.326626222179293],[-120.72785698020877,35.327264423103131],[-120.72880498490453,35.328049349762416],[-120.72952982472751,35.328664221855561],[-120.72984182489704,35.328916220976311],[-120.73028682513596,35.329244222331305],[-120.73068482462089,35.329513221761026],[-120.73138782550099,35.329914221946247],[-120.73184182506245,35.330130221983779],[-120.73247482562236,35.330403222152015],[-120.73286482560971,35.330546221732632],[-120.73334782548345,35.330690220695857],[-120.73503465766944,35.331164489990755],[-120.73507511060332,35.331175501307861],[-120.73691482616921,35.331676222603946],[-120.73990282582345,35.332521221002999],[-120.74165682594158,35.333025221525475],[-120.74263943284375,35.333293120827072],[-120.74268419230108,35.333305324929142],[-120.742731295463,35.333315304838997],[-120.74275724329999,35.33332080192352]]},"properties":{"County":"SLO","Route":1,"bPM":16.77,"ePM":22.66}},{"type":"Feature","geometry":{"type":"LineString","coordinates":[[-120.58228754142925,35.098164048835073],[-120.58373843739408,35.098160486421115],[-120.59016983494091,35.098175689335797],[-120.59020124004324,35.098205107353465],[-120.59112690184125,35.098208158224594],[-120.59113682912344,35.098208190563376],[-120.59169317105027,35.098210022114955],[-120.59232014571123,35.098219836937567],[-120.59236548278531,35.098220546185935],[-120.59259978047939,35.09821479429143],[-120.59293804648952,35.098206488366927],[-120.5930472825264,35.098171291258161],[-120.59490078363864,35.098145207801437],[-120.5962283193554,35.098145590722403],[-120.5962661294457,35.098145601747014],[-120.59702364638547,35.098145820768984],[-120.59707766747339,35.098173388135777],[-120.59767326847305,35.098173635821666],[-120.59839931653008,35.098173937160489],[-120.59850210895141,35.098168224951259],[-120.59923191286465,35.098180807686525],[-120.59927495923473,35.098181550009016],[-120.59987219157496,35.098179754470465],[-120.59992101860392,35.098179607475942],[-120.60054083369208,35.098177742849877],[-120.60057036401042,35.098177873675077],[-120.60125085670276,35.098180882653701],[-120.60133574210724,35.098181257489877],[-120.60225425870546,35.098185312334635],[-120.60226842962906,35.09818523369254],[-120.60325246395422,35.098179735361178],[-120.6032686480024,35.098179645694522],[-120.60333056528165,35.09818085251986],[-120.60394798096969,35.098192891373344],[-120.60398100303954,35.098192590769514],[-120.60456688067457,35.098187260747409],[-120.60535084132135,35.098189974266695],[-120.60565950963948,35.098191042182059],[-120.60570124896084,35.098190996613738],[-120.60646106379109,35.098190166094597],[-120.60733579919732,35.098189205485255],[-120.60738464059929,35.098189414952472],[-120.6090297119044,35.098196511113734],[-120.60910965118489,35.098196616949842],[-120.6106678194694,35.098198680753022],[-120.61079167648582,35.098195767321407],[-120.61079417200568,35.098195707788655],[-120.61082962312005,35.098194874329621],[-120.61139688676408,35.098213910119554],[-120.61147669938212,35.098237854050055],[-120.61156820806519,35.098265305995128],[-120.61164534460202,35.098251140877892],[-120.6117997847623,35.098329205908705],[-120.61250874147274,35.098846866712385],[-120.61295738617673,35.099174454717598],[-120.61295829257688,35.099175105160541],[-120.61426424896386,35.100107690288738],[-120.61428978896571,35.100125928205564],[-120.61499178463103,35.100627207309607],[-120.61542778824237,35.100944207116974],[-120.61568085533601,35.101146851105227],[-120.6156937856862,35.101157205759563],[-120.61573744830058,35.101188789321249],[-120.61586994890669,35.101284634265745],[-120.61588300232609,35.101294073896405],[-120.61757559001812,35.102517768264477]]},"properties":{"County":"SLO","Route":1,"bPM":10.411,"ePM":12.5}},{"type":"Feature","geometry":{"type":"LineString","coordinates":[[-120.59725491675704,35.06191343631167],[-120.59730648454591,35.06229686841381],[-120.59733265965667,35.062682341358084],[-120.59731124382029,35.063034502404236],[-120.59729160574985,35.063137313458022],[-120.59727079268305,35.063246274327966],[-120.59716371619611,35.063591296270594],[-120.59704236368272,35.063850657900609],[-120.59693052971805,35.064074327481549],[-120.59672351655409,35.06437889759016],[-120.59618337933669,35.065140325977964],[-120.59615975903459,35.065171329389194],[-120.59576459283605,35.065689981493215],[-120.59502254578381,35.066709223066624],[-120.59418033837402,35.067865998905162],[-120.59365639149298,35.068607201419994],[-120.59316726690561,35.069312244337276],[-120.59315014860955,35.069336919486531],[-120.5931281506649,35.069368628597424],[-120.59282595830163,35.069777896179652],[-120.59281336122639,35.069794387358932],[-120.59193717773594,35.070941458704887],[-120.59146070681767,35.071565221384411],[-120.59140599133201,35.071643773671973],[-120.59099853348543,35.072228740018197],[-120.59069158274613,35.072761739590021],[-120.59044887861759,35.073261427570515],[-120.59018237811722,35.073941952827298],[-120.59003723102855,35.074244143804549],[-120.5900263371591,35.074275015099758],[-120.5900132253492,35.074312175916027],[-120.58957777959165,35.075546205213762],[-120.58949878084726,35.075828206043596],[-120.58935694584704,35.076648535074035],[-120.58932205887466,35.07687997703411],[-120.58931706783494,35.076913080026635],[-120.58922179161759,35.077545116118053],[-120.58902572442538,35.078179005780484],[-120.58891151082352,35.078407433691183],[-120.58873638425887,35.078675836146914],[-120.5886658144068,35.078733406347617],[-120.58866136864445,35.078737033568103],[-120.58844299358877,35.079014964631654],[-120.58825025734963,35.079183905310856],[-120.58775049491264,35.079636480027155],[-120.58769584141078,35.079685972572911],[-120.58742458433095,35.079964368686007],[-120.58676991371145,35.080657483759644],[-120.58673882032453,35.080757877561368],[-120.58571546853601,35.081820516243319],[-120.58541105014746,35.082132819722425],[-120.58475997997563,35.082800746161801],[-120.58464989323419,35.082931936245366],[-120.58452689680379,35.083118937048468],[-120.58440389498352,35.083363937333949],[-120.58371229013112,35.085440382700462],[-120.58370279224361,35.085468898214877],[-120.58340091429071,35.086424606908793],[-120.58335187795429,35.086603594715278],[-120.58334044689229,35.0866453154783],[-120.58328966512929,35.086830660465196],[-120.5831494363168,35.087342485036736],[-120.58294843647533,35.087933484713901],[-120.582855516539,35.088064560693248],[-120.58263343683107,35.08829648554552],[-120.58258843662523,35.08836548504096],[-120.58250943698253,35.088544485494602],[-120.58242943661659,35.08886248564778],[-120.5823664368674,35.088996485655322],[-120.58191843625542,35.08972948493291],[-120.58185043648336,35.08990348627578],[-120.5817324364826,35.090338485436106],[-120.58153477927229,35.090913208032667],[-120.58151277953101,35.091082207864993],[-120.58153478106895,35.091157208043683],[-120.58158178002627,35.09123420891985],[-120.58177812300133,35.091445268920339],[-120.58214693891762,35.091825983048778],[-120.58231588058152,35.092009202320718],[-120.58236343829098,35.092158484987699],[-120.58237043616703,35.092269486497031],[-120.58233443618202,35.092442484992205],[-120.58220243773418,35.092766485363107],[-120.58196109006172,35.093479862603616],[-120.58188358431735,35.094073699779024],[-120.58182650177092,35.094447558726401],[-120.58182208295803,35.09446674312742],[-120.58181662299775,35.094490449281452],[-120.58164267771771,35.095245638788263],[-120.5815149606405,35.095599268948014],[-120.58144261931066,35.096089978775801],[-120.58150348017118,35.096934421737494]]},"properties":{"County":"SLO","Route":1,"bPM":7.5309999999999997,"ePM":10.212999999999999}},{"type":"Feature","geometry":{"type":"LineString","coordinates":[[-120.57218951823504,35.047313146613682],[-120.57295290746177,35.047308628125066],[-120.57320305323414,35.047290576231035],[-120.57367965171316,35.04729782169963],[-120.5769248426265,35.047302696872976],[-120.57692573465356,35.047302690989476],[-120.57902681055982,35.047285209053413],[-120.57911199420495,35.047284500097604],[-120.58071508364353,35.047271152753368],[-120.58126389499331,35.047269887811225],[-120.58132528406323,35.047269745872967],[-120.58248099452399,35.047267080669343],[-120.58252359083814,35.047266982856939],[-120.58569131732958,35.047259678551072],[-120.58569137751671,35.047259678551072],[-120.58735174623277,35.04725584915888],[-120.5890521321998,35.047262244471746],[-120.59052739586501,35.047255105637561],[-120.59092238779039,35.047269382569809],[-120.5913078602687,35.047347904549532],[-120.59152461386529,35.04742969838199],[-120.59156008294597,35.047443083207277],[-120.59174075660748,35.047531225168747],[-120.59198275735514,35.047679224994461],[-120.5921407584372,35.047804225557641],[-120.59227075633692,35.04792122523483],[-120.59238575686295,35.048052225020257],[-120.59247775782278,35.048198225022034],[-120.59253475772418,35.04830922529699],[-120.59259990983681,35.048481718368947],[-120.59265589464194,35.048734840169232],[-120.59271174380144,35.049040891263132],[-120.59271393299581,35.049056580616217]]},"properties":{"County":"SLO","Route":1,"bPM":5.2990000000000004,"ePM":6.5339999999999998}},{"type":"Feature","geometry":{"type":"LineString","coordinates":[[-120.56807784294132,35.04389498563706],[-120.56810573293598,35.044421168648114],[-120.56829608953794,35.045058863365874],[-120.56860304027727,35.045622794495209],[-120.56886235066212,35.04592848732144],[-120.56899894129771,35.046109927659451],[-120.56918446047186,35.04627913722188],[-120.56935978556417,35.046423882792041],[-120.56957384601154,35.046576782639299],[-120.56973241393055,35.046679852697117],[-120.56977771237706,35.046709295902986],[-120.56979892160093,35.046720205367414],[-120.57009556956226,35.046872807544261],[-120.57042308094181,35.047006906658453],[-120.57069643558781,35.047104901686339],[-120.57097236929698,35.047182266253849],[-120.57123798944841,35.047239000419552],[-120.57152166124547,35.047282840229094],[-120.57174343911947,35.047300892124845],[-120.57208126495507,35.04731378643875],[-120.57218951823504,35.047313146613682]]},"properties":{"County":"SLO","Route":1,"bPM":4.8410000000000002,"ePM":5.2009999999999996}},{"type":"Feature","geometry":{"type":"LineString","coordinates":[[-120.61757559001812,35.102517768264477],[-120.61814947155085,35.102932652714138],[-120.61856195726807,35.103170074430473],[-120.61856875841308,35.103173987920997],[-120.61865910826941,35.103212867061181],[-120.61907685002936,35.103307169219804],[-120.61912158074063,35.10331932637434],[-120.61975384737693,35.103491168170315],[-120.61999878471724,35.1035794267261],[-120.62017078424638,35.103670427185214],[-120.62036078511547,35.103798425736997],[-120.62052078584738,35.103925426799968],[-120.62067878513281,35.104072424831976],[-120.62123620773289,35.104609922736074],[-120.62263628510382,35.106045300186111],[-120.62285521082674,35.106278337977734],[-120.62295821075891,35.106438337998426],[-120.62298030033176,35.106481033376546]]},"properties":{"County":"SLO","Route":1,"bPM":12.5,"ePM":12.916}},{"type":"Feature","geometry":{"type":"LineString","coordinates":[[-121.22391083480777,35.653052205830249],[-121.22914300570478,35.652466764091855],[-121.22958900936192,35.652423763215971],[-121.230065006868,35.652399763446986],[-121.23060400861492,35.652406765053151],[-121.231105008032,35.652434764172185],[-121.23176994459857,35.652532874882311],[-121.23216969310336,35.652609017189327],[-121.23300361445297,35.65285570599891],[-121.23397905010424,35.65317987524174],[-121.23434187246099,35.653308615262411]]},"properties":{"County":"SLO","Route":1,"bPM":60.261000000000003,"ePM":60.869}},{"type":"Feature","geometry":{"type":"LineString","coordinates":[[-121.28182328530555,35.673486976748954],[-121.28242321618487,35.674090124867163],[-121.28363478658497,35.675301696534021],[-121.28394547162092,35.675661957577624],[-121.2840903375369,35.675829942625576],[-121.28440534616435,35.676392110778593],[-121.28467673709314,35.677065743670894],[-121.28487058903988,35.677782995157074],[-121.28500628495344,35.678524475841868],[-121.28499659302983,35.6802449069056],[-121.28495782353878,35.681853874044883],[-121.28490936032755,35.682827978672364],[-121.28492874507306,35.683288373513612],[-121.28505474816467,35.683879621314276],[-121.28533723688051,35.684434507770035],[-121.28546183680368,35.684679257350254],[-121.28585923262075,35.685343198506359],[-121.28638262973284,35.685822981335612],[-121.28667340900041,35.68618160646691],[-121.28687210645978,35.686612925925154],[-121.2869981068565,35.687087862973925],[-121.28699810865311,35.687587030817198],[-121.28685266512042,35.68837614150145],[-121.28680681600662,35.6886248962279],[-121.28677033452462,35.688822832907697],[-121.28676064349933,35.689472235065274],[-121.28692541608201,35.690165253823558],[-121.28725011663303,35.690804963377964],[-121.28785105811707,35.691531906458287],[-121.28827268329401,35.691968072044695],[-121.28909170608462,35.692859787368086],[-121.28964902717509,35.693577038408051],[-121.29156331189273,35.695597939262584],[-121.29312866130959,35.697420142336348],[-121.29370052432789,35.697958080371173],[-121.29482001561473,35.698675330059565],[-121.29750970362774,35.699726973876615],[-121.2999764639232,35.700671999011071],[-121.30006993362849,35.700710974045897]]},"properties":{"County":"SLO","Route":1,"bPM":64.138999999999996,"ePM":66.448999999999998}},{"type":"Feature","geometry":{"type":"LineString","coordinates":[[-120.57086940350082,34.977483691383654],[-120.57086377645389,34.977567180331405],[-120.57074034254396,34.979119501176356],[-120.57065702110643,34.980226822630627],[-120.57059277269897,34.981318996443648],[-120.57057666231267,34.982525111331292],[-120.57057640988609,34.982567233396864],[-120.5705642215443,34.984605032272064],[-120.5705642215443,34.986748926628337],[-120.57055014494379,34.9910260171212],[-120.57054607108397,34.996077402436356],[-120.57054601538844,34.996146888280151],[-120.57052932379213,34.998471739454175],[-120.57053408306651,35.000016008825895],[-120.57052456541608,35.001891024427429],[-120.57051029028788,35.003497161504406],[-120.5704864930177,35.00368751856535],[-120.57044842331429,35.003868357326184],[-120.57035324321666,35.004165789287661],[-120.56806420202375,35.009640928997648],[-120.5676137930285,35.010727358428205],[-120.56759510447733,35.010772438450559],[-120.56691549932049,35.012411703204094],[-120.5659690666765,35.014675761341138],[-120.56527188867604,35.016360817163275],[-120.56459314500357,35.017957434960962],[-120.56391083501941,35.019606402049249],[-120.56351584309404,35.020520114994262],[-120.56320651451416,35.021405275431931],[-120.56261144711378,35.02297309334795],[-120.56254485949331,35.023151890714068],[-120.56224974675283,35.023944281870918],[-120.56202074732229,35.024573281546601],[-120.56140149188454,35.026191514110174],[-120.56127062082238,35.026546053329177],[-120.56120754202142,35.026788878998289],[-120.5611959133301,35.026833643415117],[-120.56118421457015,35.027020821277404],[-120.56114342836131,35.031005766581799],[-120.56114580710017,35.031648220705016],[-120.56112677090098,35.032890299754499],[-120.56115056547624,35.033301946550218],[-120.56124098540116,35.033746905954416],[-120.56143372074199,35.03423469616073],[-120.561745431654,35.034732002135151],[-120.56211900774298,35.035136511529721],[-120.56466677182259,35.037259203626498],[-120.5654767719345,35.037907203659216],[-120.56640477294548,35.038700202732912],[-120.5673217722892,35.039454202961814],[-120.56763377245873,35.039806205284677],[-120.56770598263455,35.039909709737948],[-120.56782971478513,35.040116724135196],[-120.56783877788803,35.040138433028041],[-120.5679320319977,35.040361807168182],[-120.56802482976316,35.040661620308036],[-120.56805571474094,35.040959723073009],[-120.56807241981195,35.041470636491738],[-120.56807658080837,35.04178965485243],[-120.56807939972175,35.04200582634698],[-120.5680676614359,35.042934004946247],[-120.56806952903339,35.043573903693236],[-120.56806987039319,35.043689420115598],[-120.5680700410731,35.043747781345338],[-120.56807780880537,35.043894350198009],[-120.56807782587335,35.043894651737368],[-120.56807784294132,35.04389498563706]]},"properties":{"County":"SLO","Route":1,"bPM":0,"ePM":4.8410000000000002}},{"type":"Feature","geometry":{"type":"LineString","coordinates":[[-120.74297798990804,35.33336757146381],[-120.7433090532262,35.333437713631589],[-120.74362805217012,35.33348671388557],[-120.74385205517106,35.333513713369676],[-120.74461552883945,35.333569994389038],[-120.7454035795157,35.333552467675609],[-120.74650958080194,35.333422467506111],[-120.74742812075635,35.333299007054862],[-120.74770112056784,35.333274007439286],[-120.74819912230683,35.333245007201313],[-120.74866412084063,35.333238007041203],[-120.74906512159691,35.333244007597244],[-120.74967112149433,35.333271007895299],[-120.75013112270018,35.333320006051785],[-120.75047512265678,35.333364006898663],[-120.75099612126705,35.333446007979965],[-120.75143215631947,35.333541930100104],[-120.75199515566082,35.333691930111854],[-120.75269115596993,35.333918930264581],[-120.75314815680272,35.334091929026336],[-120.75341715731456,35.334202930006555],[-120.75396315693749,35.334462931289984],[-120.75431715693983,35.334644931031143],[-120.75482579832504,35.334945322411187],[-120.75746224139453,35.336629980393496],[-120.75883519144051,35.337496102984709],[-120.75968397990805,35.338105254765601],[-120.75985597943719,35.338243254732816],[-120.76028597960749,35.338636254144753],[-120.7613764553107,35.339754212841811],[-120.76196645621286,35.340369214260683],[-120.76281712754925,35.341287235855248],[-120.76380112773843,35.342300236191043],[-120.76447212613654,35.342956237384549],[-120.76532328346151,35.343681745152878],[-120.76680831720378,35.344900055640522],[-120.77128014146791,35.348568353577953],[-120.77422849667202,35.351009620342751],[-120.77445276826923,35.35117431562967],[-120.77474445034366,35.351388514322721],[-120.77509445104634,35.35162751443022],[-120.77543145133025,35.351833514709583],[-120.77590445025993,35.352098514730088],[-120.77638945158016,35.352340513770891],[-120.77666245139162,35.352463514316369],[-120.77709645175989,35.352640514057796],[-120.77759486582563,35.352812695373025],[-120.77799386513547,35.352938695478706],[-120.78137486515011,35.35384669504495],[-120.78409705959996,35.35457171816369],[-120.78446036165705,35.354672592117957],[-120.78454051204164,35.354694849386618],[-120.7865672038491,35.355228071016633],[-120.78672009980542,35.355268297054174],[-120.78778172162167,35.355557677763976],[-120.78818872132744,35.355673678123921],[-120.78949420969219,35.356015926239593],[-120.79117921111165,35.356469925751426],[-120.79498872907635,35.357483576021636],[-120.79676272838765,35.357965575476946],[-120.79743904391391,35.358201775823368],[-120.79815204394143,35.358470775559333],[-120.79942487315571,35.358987279647131],[-120.8008207886319,35.359553707744389],[-120.8017345019383,35.359932041489124],[-120.80524658501751,35.361343062493305],[-120.8053159439406,35.361368019724431],[-120.80626499697028,35.361709500126935],[-120.80659336354597,35.361802297167735],[-120.80691696905068,35.361880820362423],[-120.80745897027226,35.362005175581338],[-120.80747859217304,35.362008476616836],[-120.80803531678215,35.362102109194467],[-120.80887288619012,35.362216322169736],[-120.81082166531637,35.362497100175311],[-120.81152084027165,35.362594219273447],[-120.8127188407211,35.362752220062696],[-120.81365084103176,35.362890220415608],[-120.82017684285607,35.363797637042005],[-120.82106584261069,35.363921218645586],[-120.82182484177066,35.364036218023458],[-120.82312043159926,35.364255139886623],[-120.82336188886617,35.364295939421588],[-120.82355400796276,35.364328402339915],[-120.82622484303288,35.364766219713395],[-120.82683106661077,35.364874683446892],[-120.82694584345633,35.364895218584081],[-120.82846584232439,35.365138219508694],[-120.83248984384296,35.365806219028748],[-120.83445484474659,35.366138219054314],[-120.83458080471912,35.366158914298303],[-120.83690784375024,35.36654121898718],[-120.83726284447579,35.366611218808636],[-120.83793684504356,35.366771218905043],[-120.83833884562479,35.366890217567054],[-120.83861884690558,35.366982218240594],[-120.83901584566729,35.367132217696728],[-120.8393812291209,35.367282950877915],[-120.8393877176522,35.367285626842055],[-120.83998227750446,35.367566568885721],[-120.84024184570582,35.367689218062687],[-120.84073084542736,35.367952218977592],[-120.84125384548409,35.368251217765192],[-120.84446784509413,35.370043217502548],[-120.8455818467763,35.370670217522594],[-120.84682084633528,35.371314219177144],[-120.8512368178466,35.37348544954699],[-120.85144752218808,35.373611402010624],[-120.8514518376947,35.373613981077405],[-120.85166274236049,35.373740052734775],[-120.85182158246901,35.373849194405359],[-120.85205059447597,35.374006552023964],[-120.85239681686456,35.374296450087009],[-120.85263781958393,35.374506448968852],[-120.85295682032449,35.374847449693299],[-120.85330281813427,35.375265449537039],[-120.85359724366357,35.375665036035066],[-120.85373049166799,35.37586253264336],[-120.85408027408006,35.376405048506022],[-120.85417783201824,35.376576369048124],[-120.85422017860073,35.37665664015482],[-120.85432293688608,35.376851414742234],[-120.85433725693001,35.376878560138962],[-120.8547072397579,35.377665769743416],[-120.85484610492776,35.378044023729736],[-120.8548654968598,35.378096845168287],[-120.85494639823598,35.378337171034161],[-120.8551840897652,35.379084873702595],[-120.85545168890521,35.379983360202914],[-120.85548802755505,35.380095530785439],[-120.85551509020131,35.38017887383014],[-120.85617057289782,35.382384361085336],[-120.85618984984552,35.382449219625371],[-120.85643385024298,35.383073219308123],[-120.85710731271992,35.38490363862654],[-120.85842469567731,35.388401597477674],[-120.85905049444358,35.390045804644465],[-120.85973577874967,35.391885128879636],[-120.86020792517816,35.393085346161136],[-120.8604139259408,35.393667346033659],[-120.86045161835183,35.393758370049028],[-120.86046226159129,35.39378407518484],[-120.86057785141217,35.394063220187867],[-120.86078274275542,35.394650062962128],[-120.86118759997925,35.395721070021395],[-120.8614567190687,35.396397852644725],[-120.86154852509411,35.396657968566224],[-120.8615568937993,35.396681680998135],[-120.86158871841486,35.396771852176506],[-120.86182871771607,35.397396853368747],[-120.86203671902682,35.39787185129839],[-120.862453851729,35.398665220793831],[-120.86282908071813,35.399313807665841],[-120.86313321703567,35.399765324424664],[-120.86344221862879,35.400196324222286],[-120.86405385275967,35.400925220422877],[-120.86466892204817,35.401573078853524],[-120.86467103758068,35.401575110784705],[-120.86509285230211,35.401980220462228],[-120.86590685171367,35.402690219580691],[-120.86704485188862,35.403644219886218],[-120.86757585323961,35.404133219562077],[-120.86774719879521,35.40430778198369],[-120.86775263629762,35.404313322560817],[-120.86842885390752,35.405067220439356],[-120.86878011404825,35.405483748674918],[-120.86930111355684,35.406067748715415],[-120.86972085406829,35.406499221489128],[-120.87091685486787,35.407823221029268],[-120.87130285465724,35.408281219589774],[-120.87150385449871,35.408551220923691],[-120.87176184615673,35.409020960656008],[-120.87182684645407,35.409155959830869],[-120.87196860509748,35.40947795960728],[-120.87213480150989,35.410079760031493],[-120.872277801625,35.410626760035207],[-120.87250397136241,35.411434782209774],[-120.87251188552005,35.411464570698556],[-120.8726368016502,35.411934759087359],[-120.87276381804151,35.41233342886882],[-120.87277998861492,35.4123841859424],[-120.87289896238946,35.412717311390011],[-120.87303459003105,35.413069472126033],[-120.87322785537792,35.413484220955894],[-120.873309856292,35.413647221289452],[-120.87370185503084,35.414359220996211],[-120.8741219198341,35.41514924137703],[-120.87412362932808,35.41515218663195],[-120.87455030842679,35.41588675312547],[-120.87532601265779,35.417262081603432],[-120.87613265217222,35.418699276718442],[-120.87664899301774,35.419636783751194],[-120.87689883605783,35.420145988582853],[-120.87741955888532,35.421310511392143],[-120.87744737162483,35.421371445593692],[-120.87782206791299,35.422192325921138],[-120.87797899460996,35.422510662465825],[-120.87842544113649,35.423392001946993],[-120.88082891422187,35.427548492904926],[-120.88114591710924,35.4280304939373],[-120.88141891602238,35.428404493820011],[-120.88188306025833,35.428927948294941],[-120.8818857614924,35.428930994791166],[-120.88263191564211,35.429772493106668],[-120.8846836425982,35.432069468130813],[-120.88506664291286,35.432524469159041],[-120.88527277393121,35.432904331528285],[-120.88541377439651,35.433144332283646],[-120.88557177458026,35.433454332688576],[-120.88565177225126,35.433644798047126],[-120.88565511398411,35.433652755655572],[-120.88570637185425,35.43377479710567],[-120.88577516573702,35.433938587130193],[-120.88613014041144,35.434847352693239],[-120.88660413916602,35.436016353795843],[-120.88677544250083,35.436426657432804],[-120.88682991723796,35.436557132864664],[-120.88715154824567,35.437359222729086],[-120.88719186553394,35.437459765548283],[-120.88737014069363,35.43790435195902],[-120.8876151400177,35.438408352454459],[-120.88793398894298,35.438984182391458],[-120.88817669217318,35.43932206560774],[-120.88856216465149,35.43985506601323],[-120.88859813139882,35.439901849939574],[-120.8886049190691,35.43991067859767]]},"properties":{"County":"SLO","Route":1,"bPM":22.661000000000001,"ePM":34.716000000000001}},{"type":"Feature","geometry":{"type":"LineString","coordinates":[[-120.62298030033176,35.106481033376546],[-120.62308411952743,35.106681696283466],[-120.62308456868509,35.106682564195786],[-120.62341567332578,35.107322523945051],[-120.62342144410316,35.107333677375522],[-120.62343721043472,35.107364150329964],[-120.62367868387128,35.107874731930444],[-120.62372767349534,35.107983572059346],[-120.62373455369209,35.10799885618399],[-120.62402852377555,35.108651958451979],[-120.62403126004392,35.108658038100685],[-120.62437258302093,35.109416345236298],[-120.62467276854787,35.110049215580332],[-120.62544058467235,35.111700933157955],[-120.62585637798644,35.112612167421176],[-120.62586558481979,35.112632345463759],[-120.62624958495935,35.113441347920677],[-120.62791059956407,35.117078299761502],[-120.62848858549933,35.118279346737317],[-120.62969069663951,35.121049660024532],[-120.62973769829181,35.121264661258806],[-120.62978587673715,35.121856298210389],[-120.62980829329673,35.1219840712833],[-120.6298091341198,35.121988871458178],[-120.62985487992735,35.122120418034825],[-120.6305425438706,35.123636133982608],[-120.63080875241855,35.124190263699091],[-120.63116879089618,35.124962208373894],[-120.63143722277445,35.125558739663163],[-120.63163233775248,35.126208332490528],[-120.63171324002698,35.126665189684005],[-120.63179652014202,35.127274330826275],[-120.6318655260272,35.128183285984122],[-120.63192446808625,35.129349139868552],[-120.6319934676832,35.130017140137092],[-120.63203446679279,35.130239139072636],[-120.63212964599211,35.13053895191026],[-120.6322156453075,35.130729951107412],[-120.63231664648815,35.130913950583476],[-120.63242179159722,35.131087208680967],[-120.63262179251207,35.131316209081106],[-120.63271262476373,35.131466017045653],[-120.63327879156478,35.131922209256182],[-120.63379666852946,35.132389916243575],[-120.63381115835496,35.13240300208259],[-120.63391879179738,35.1325002091125],[-120.63444579205208,35.132968208847473],[-120.63492420063642,35.133410831645293],[-120.63492865897517,35.133414955998695],[-120.63495379204016,35.133438209296287],[-120.63592042420164,35.134300381666002],[-120.63592882255124,35.134307872861491],[-120.6367996152517,35.135108739909107],[-120.63680079294303,35.135109824237325],[-120.63687567740342,35.135178695948653],[-120.63694421346972,35.135241728694737],[-120.63771522490167,35.135950825176153],[-120.63783919420753,35.136036960749649],[-120.63792556901871,35.136209709867181],[-120.6379450103581,35.136282289056155],[-120.6379661297504,35.136361135295857],[-120.63798267581964,35.136422910178212],[-120.63805482760495,35.137088513379901],[-120.63805881881976,35.137125327477804],[-120.63810209515856,35.137441768032836],[-120.63813778702142,35.137579776321772],[-120.63819401616833,35.137699778197131],[-120.63823212090603,35.137767348182209],[-120.63826008546083,35.137816939138162],[-120.63836339082019,35.137970511057766],[-120.63859989567494,35.138203233476744],[-120.63861125487172,35.13821334393861],[-120.63914824798563,35.13869133528776],[-120.63915069319982,35.138693511194894],[-120.63980176516829,35.139272884436849],[-120.639809360424,35.139279642041906],[-120.64056918513575,35.139955793458981],[-120.64063568921283,35.140014972491691],[-120.64135423813389,35.140654391997167],[-120.64135869737093,35.140658442524675],[-120.64205518277031,35.141292147054784],[-120.64206397098873,35.141300142266054],[-120.64212484262902,35.141395031348068],[-120.64217811272536,35.141753351340235],[-120.64222179240772,35.141892209572873],[-120.64230968357511,35.141990180252563],[-120.64233521100056,35.142018634112702],[-120.64261179419169,35.142277209350574],[-120.64290929734916,35.142538772743407],[-120.64292840361695,35.142555571684639],[-120.64351246485849,35.143092922214507],[-120.64351636803841,35.143096511312137],[-120.6439277946419,35.143455208725939],[-120.64410771731183,35.143615234163114],[-120.64414236353571,35.143646050543467],[-120.64446542825461,35.14393338966314],[-120.64458942810317,35.144090389247538],[-120.64464342852986,35.144195389202935],[-120.6446704157176,35.144266693426495],[-120.64468368563097,35.144301754563962],[-120.64469171926457,35.144340316582372],[-120.64470748020621,35.144415969249145],[-120.64472413676823,35.144575392666489],[-120.64477251913111,35.145185690423574],[-120.6447753991299,35.145222000632096],[-120.64482883361795,35.145895993816545],[-120.64489062333648,35.146323646948645],[-120.64492159006092,35.146354174364511],[-120.64496226757363,35.146394275001917],[-120.64515079610399,35.146482209424377],[-120.6453777949864,35.146607209914784],[-120.64577160652549,35.146903959704829],[-120.6458074951194,35.146934491310233],[-120.64637408592529,35.147416496328717],[-120.64645680818656,35.147476594708003],[-120.64646099613239,35.147479637857998],[-120.64654112405913,35.147537848454746],[-120.64678097513828,35.147656346029869],[-120.64705630248469,35.147777813853232],[-120.64705743975183,35.147778315534111],[-120.64744998197142,35.147944148431669],[-120.6475190821797,35.147973289928046],[-120.64816804759882,35.14822346389056],[-120.64866111129869,35.148427056805374],[-120.6513334420638,35.149454065844353],[-120.65150679625238,35.149493209356898],[-120.65181933990266,35.149498777676428],[-120.65220332926243,35.149486113256124],[-120.65257733923772,35.149473778628924],[-120.65282433910993,35.149491778531505],[-120.65299725042908,35.149535159411542],[-120.65323134061232,35.149621778607575],[-120.6545537918646,35.150320619566344],[-120.65471767331849,35.150398826412633],[-120.65466199933044,35.150803937642735],[-120.65462444885326,35.15107718075889],[-120.65461430867033,35.151150957873469]]},"properties":{"County":"SLO","Route":1,"bPM":12.949999999999999,"ePM":16.733000000000001}},{"type":"Feature","geometry":{"type":"LineString","coordinates":[[-120.581504516827,35.096948811988604],[-120.58150678058151,35.096980209024856],[-120.58158225703171,35.097591302984938],[-120.58162925688735,35.097765302987035],[-120.58166758440728,35.097837551149048],[-120.58171625692601,35.097929301077734],[-120.58182425598271,35.098046301674096],[-120.58190425724698,35.098102301529508],[-120.58200010209792,35.098137084878147],[-120.58201768212801,35.098143465180129],[-120.58218425762945,35.098164301665776],[-120.58226955446233,35.09816409293348]]},"properties":{"County":"SLO","Route":1,"bPM":10.282999999999999,"ePM":10.394}},{"type":"Feature","geometry":{"type":"LineString","coordinates":[[-121.32042115859242,35.761806232388395],[-121.32021976169561,35.761857410601117],[-121.32005272266346,35.761894529709757],[-121.31968289254918,35.761982930442542],[-121.3195638918252,35.762031931929499],[-121.31925589185363,35.762251932000481],[-121.31914189115248,35.76237893095935],[-121.31904389214151,35.762506932000733],[-121.31896789017689,35.76265293093256],[-121.3189048904277,35.762821929586174],[-121.31888889143249,35.763010932641208],[-121.31891489227007,35.763230930733741],[-121.31898289114385,35.763480931538531],[-121.31913044392084,35.763921832023179],[-121.319247444995,35.764162829958472],[-121.31941331711558,35.76442838365643],[-121.31946044453201,35.764503830916283],[-121.31957567233184,35.764654511649233],[-121.31965700310272,35.764753351739721],[-121.32000245922838,35.765112409663445],[-121.32003800286923,35.765149353043697],[-121.32011000283926,35.765219351747525],[-121.32022300191885,35.765312352575116],[-121.32152198198935,35.766225593801771],[-121.32166995877115,35.766328225863198],[-121.32181910515946,35.766409132961272],[-121.32212892871105,35.766529339973211],[-121.32248595873084,35.766683224742621],[-121.32256895857154,35.766731226204513],[-121.32264010244708,35.766812162777384],[-121.32273110178535,35.766974162503566],[-121.32276510032391,35.767123162833315],[-121.32275431604893,35.767297572751168],[-121.32269831507413,35.767555571988652],[-121.32268031642909,35.767616571912065],[-121.32263831659628,35.767703574111636],[-121.32254631653478,35.767821572829341],[-121.32230131631239,35.768027571060685],[-121.32220731660107,35.768136572693592],[-121.32215931602219,35.768233573131752],[-121.32213089781816,35.768463508910173],[-121.32210389625736,35.768588508841283],[-121.32198189605862,35.768844508955908],[-121.32185089653734,35.769055508991819],[-121.32180289506016,35.769119507810785],[-121.32145988953857,35.769434329063195],[-121.32142788885324,35.769511329171188],[-121.32142688812999,35.769584329166875],[-121.32145188914268,35.769636328913251],[-121.32150788921916,35.769692327929285],[-121.32160088910558,35.769735328995189],[-121.32168188929644,35.769750329107275],[-121.32179088997471,35.76973632900274],[-121.32185888974676,35.769706329499279],[-121.32205488956534,35.769567329004111],[-121.32238688982638,35.7694403291311],[-121.32266695848081,35.769305226180855],[-121.32275895854231,35.769270225719048],[-121.32284903081921,35.76926493118718],[-121.32294588627484,35.769289521165049],[-121.32304895897055,35.769354226801568],[-121.32328295842396,35.769583226386764],[-121.32340995864557,35.769735226224725],[-121.32357495850201,35.770007226360612],[-121.323794961305,35.770561225271742],[-121.32385796015586,35.770644226452333],[-121.32408205568326,35.770862005925594],[-121.32416364786388,35.770964749350306],[-121.32418705616355,35.771010006268916],[-121.32421105645301,35.771096006223694],[-121.32425322696571,35.771406463296863],[-121.32427810311255,35.771553520221538],[-121.32430096433822,35.771680537856732],[-121.32433696611984,35.771770539200936],[-121.3244289670797,35.77191653935089],[-121.32451096619712,35.772013539551963],[-121.32496695912019,35.772395225925507],[-121.32508895842061,35.77253522655235],[-121.32514195902237,35.772621226315451],[-121.32516695823843,35.772738226513326],[-121.32515395871793,35.773035226466696],[-121.3251709593347,35.773133227454608],[-121.32520696021801,35.773196227401172],[-121.32529295953344,35.773285226338224],[-121.32538395977002,35.773344226315722],[-121.32573395867608,35.773494225604338],[-121.3258339591335,35.773558225953238],[-121.32587496093801,35.773599226468548],[-121.32593195994112,35.773690225599083],[-121.32598895984252,35.773832226044675],[-121.32604495902071,35.774156224993092],[-121.32613295978256,35.774394226326393],[-121.3262279593188,35.774568225276404],[-121.32642795843705,35.774840225645072],[-121.32658695754735,35.775014225076752],[-121.32699895997099,35.775409226373441],[-121.32739795928083,35.775837226347683],[-121.32756696113185,35.776050225178281],[-121.32765996011996,35.776212227222437],[-121.32785915434768,35.776832014291621],[-121.32809915454719,35.777340013449844],[-121.32823615301791,35.777597013724382],[-121.32849565025235,35.778053551634827],[-121.32861069120258,35.778243394501047],[-121.3290089592838,35.778881227209403],[-121.32915696032012,35.77916422690808],[-121.32938296027592,35.779657225313734],[-121.32957575490558,35.780402860363075],[-121.32958725513784,35.780553664015031],[-121.32956025447534,35.780930663512564],[-121.3294659610149,35.78181022658692],[-121.3294639622634,35.781986226504962],[-121.3294919609542,35.782135227128947],[-121.32954196208122,35.782232225795482],[-121.3295825380843,35.782278769838761]]},"properties":{"County":"SLO","Route":1,"bPM":71.105999999999995,"ePM":72.992999999999995}},{"type":"Feature","geometry":{"type":"LineString","coordinates":[[-121.30581682301367,35.715179118969424],[-121.30836380466064,35.719428809176591],[-121.30881709185805,35.720214032535203],[-121.30923825709755,35.72092786861834],[-121.3100377568021,35.72224490165398],[-121.31021621521811,35.722505452185189],[-121.31052673406576,35.722855233697963],[-121.31085510153977,35.723180031681878],[-121.3111763292039,35.723465565441991],[-121.311617953574,35.723790222372656],[-121.3122230533595,35.724224613621843],[-121.31309770522238,35.724842372798868],[-121.31329095619617,35.725029823712866],[-121.31348512075665,35.725321067632443],[-121.31370212677983,35.725793155311656],[-121.31380009075652,35.725985072950358],[-121.31395047322664,35.726175428765039],[-121.31427280581858,35.726572150019251],[-121.31443841742772,35.726787252666178],[-121.3146154484208,35.727084209011018],[-121.31468044961643,35.727219208624348],[-121.31472319145765,35.727344997496253],[-121.31475174440894,35.727473490978653],[-121.31475174351063,35.727737609418],[-121.3147221548018,35.728204023804516],[-121.31419391487202,35.731866015459055],[-121.31330875541524,35.738212039520576],[-121.31280906933507,35.7418668914828],[-121.3126797254089,35.742630484600035],[-121.31258727079984,35.743238781516119],[-121.31225155151353,35.745654005336874],[-121.3120302632214,35.747331524757236],[-121.31193746365929,35.747852627059792],[-121.3118453881393,35.748684047151933],[-121.31181712444551,35.749127079013796],[-121.31179041932874,35.749438468987826],[-121.31178488750324,35.749923793226927],[-121.31175725442678,35.75070208603087],[-121.31173422970772,35.751788932091351],[-121.31175523052244,35.752236932498199],[-121.3119524511515,35.752834382496772],[-121.31205545108367,35.75302838120539],[-121.31223245153399,35.753299382119444],[-121.31235445173273,35.753455382574117],[-121.31260445197796,35.753706382229204],[-121.31261983293224,35.753719796110708],[-121.31269045039508,35.753781383294069],[-121.31549095547983,35.75601022404291],[-121.31613295715889,35.756550225432726],[-121.31627995657365,35.75665422516613],[-121.3166309553046,35.756858224276442],[-121.31761995551668,35.757378225403208],[-121.31821996544777,35.757721240451424],[-121.31948896424565,35.758519240550726],[-121.32084689176514,35.759355930417534],[-121.3210288922383,35.759477931130057],[-121.32123889230061,35.759644930427818],[-121.32132889181396,35.759742930420003],[-121.32140489108365,35.759849930020721],[-121.32146889155605,35.759983931538599],[-121.32155035527761,35.760254129510983],[-121.32157462506161,35.760439727163522],[-121.3215646322024,35.760625325112059],[-121.32147754323057,35.760989383303325],[-121.32138188882247,35.761159276264259],[-121.3212533982958,35.761323458302932],[-121.32096215280259,35.761569019276997],[-121.32079089168863,35.761669930481865],[-121.32044989120676,35.761798931313528],[-121.32043794181685,35.761801968811511]]},"properties":{"County":"SLO","Route":1,"bPM":67.358000000000004,"ePM":71.004000000000005}},{"type":"Feature","geometry":{"type":"LineString","coordinates":[[-120.66153483709272,35.287436079534061],[-120.66155320225036,35.286725742126393],[-120.66159625940027,35.286668907150535],[-120.66286498690695,35.285912214085087],[-120.66290900615249,35.286009090849781],[-120.66348104164733,35.286662476375646],[-120.66352673804751,35.286714671228502]]},"properties":{"County":"SLO","Route":1,"bPM":16.542999999999999,"ePM":16.77}},{"type":"Feature","geometry":{"type":"LineString","coordinates":[[-121.23914334250175,35.653786522780933],[-121.24020232866096,35.653668305482334],[-121.24050732915782,35.653646305368071],[-121.24103632906234,35.653636305314102],[-121.2414805262074,35.653653601757014],[-121.24183532930358,35.653694305609577],[-121.24224909242514,35.653767814682624],[-121.24252273004046,35.653829680587883],[-121.24291493539181,35.653972220309498],[-121.24346499719648,35.654193738527759],[-121.24397211234405,35.654453210704069],[-121.24397782562926,35.654456466162948]]},"properties":{"County":"SLO","Route":1,"bPM":61.149999999999999,"ePM":61.438000000000002}},{"type":"Feature","geometry":{"type":"LineString","coordinates":[[-121.23434187246099,35.653308615262411],[-121.23486614093889,35.653494637992011],[-121.23524279735099,35.653622121293822],[-121.23578293367007,35.653772219808793],[-121.23644836431006,35.653878617947719],[-121.23666036402216,35.65390861874473],[-121.23712036522802,35.653936618067242],[-121.23772236582579,35.653936618067242],[-121.2378613648446,35.653929618785],[-121.23914334250175,35.653786522780933]]},"properties":{"County":"SLO","Route":1,"bPM":60.869,"ePM":61.149999999999999}},{"type":"Feature","geometry":{"type":"LineString","coordinates":[[-120.92197263099027,35.449531178452091],[-120.92325597049337,35.449449832453688],[-120.9246520521579,35.449344553076017],[-120.92578943608858,35.449361174296037],[-120.92654608345912,35.449416158289097],[-120.9326537964495,35.449998189682226],[-120.93371777814001,35.450087177173863],[-120.93579406503598,35.450291952749559],[-120.93932639165008,35.450613905910735],[-120.94065580035422,35.450744363470285],[-120.94151376421409,35.450838656271863],[-120.94202426511195,35.450917067164312],[-120.94282298058727,35.451057383474591],[-120.94324396257045,35.451148206555068],[-120.94396583166478,35.451335995661573],[-120.94448492674496,35.451501836244141],[-120.94795769056417,35.452759072192812],[-120.94900702522396,35.453125520342681],[-120.95194090407729,35.454179620242165],[-120.9526789105074,35.454449611885174],[-120.9537635633309,35.454831598958329],[-120.95505741042784,35.455320457693972],[-120.95557639321864,35.455539472726343],[-120.95628340687311,35.455890459119438],[-120.95695442503416,35.456275923851827],[-120.95972888346725,35.457912989080398],[-120.96097333759666,35.458641107000041],[-120.96275734144525,35.459693104905249],[-120.9695560529252,35.463682592257165],[-120.9703392077832,35.464153836672708],[-120.97037459960873,35.464175133057715],[-120.97241935653655,35.465364707964831],[-120.97312843631619,35.465845358774011],[-120.97351390969281,35.46612613369642],[-120.9756508759896,35.467791220198805],[-120.97649239528984,35.468423440222637],[-120.9766238754098,35.468522219808371],[-120.97756847279567,35.469179363067859],[-120.97761434526566,35.469211276748545],[-120.97766050339989,35.46924338868353],[-120.98060787494877,35.471156960162141],[-120.98204189785764,35.472098580965351],[-120.98245116491118,35.472331768657483],[-120.98288898761098,35.472545920636101],[-120.98381697784221,35.472879045940552],[-120.98412154894434,35.472959946860307],[-120.98468786037418,35.473069401906081],[-120.98567771578239,35.473245481449766],[-120.98628685708832,35.473364454627657],[-120.98672467799152,35.473478668742139],[-120.9870530445672,35.473578606782141],[-120.98744327631989,35.47372613344136],[-120.98798103569672,35.473978355505558],[-120.98826181042698,35.474140159440928],[-120.9885854177283,35.474349551425057],[-120.98889474810484,35.474563702418926],[-120.98935636358325,35.474963452828604],[-120.98954671928688,35.475153810443402],[-120.98980370123856,35.475482174952788],[-120.99002106928278,35.475809219863329],[-120.99030006894203,35.476258219988054],[-120.99053806949173,35.476666219650532],[-120.99094106899955,35.477287219777857],[-120.99118306974719,35.477606219957387],[-120.99144106859174,35.477914219534981],[-120.99169406831173,35.478170219986474],[-120.99178542158626,35.478252965622488],[-120.99183206930229,35.47829521953642],[-120.99236607012801,35.478722219763355],[-120.99334007027146,35.479425219843833],[-120.99403506895898,35.479900219778969],[-120.99459406989905,35.480320219693475],[-120.99496107032016,35.480635221115335],[-120.99522707045894,35.480885218938433],[-120.99581006989182,35.481565219295341],[-120.99607607092892,35.481861220312901],[-120.99646300945776,35.482449397762871],[-120.99681516881206,35.483072816130324],[-120.99766048708769,35.484470357940857],[-120.99786148692915,35.484854358812328],[-120.99808608641143,35.485262088091154],[-120.99868807173782,35.486298219902999],[-120.99918534224818,35.487001942228581],[-120.99918907295157,35.487007220376938],[-120.99968955943064,35.487636623183498],[-121.00038307050808,35.488342219437747],[-121.00129407180064,35.489383220158729],[-121.00184707289293,35.489948220059979],[-121.00213007275013,35.490271219139203],[-121.00272848996822,35.490967359206238],[-121.00288148833246,35.491172359109292],[-121.00309748824256,35.491518359760981],[-121.00409391572536,35.493450486713627],[-121.00421291734769,35.493630485749698],[-121.00441091591777,35.493901485915025],[-121.00474391600372,35.494276485918],[-121.00507666096809,35.494591787359965],[-121.0053656615714,35.494814788972263],[-121.00589148952466,35.49523735852646],[-121.00935335947439,35.497815797793201],[-121.01019093067902,35.498501081481891],[-121.01106725789992,35.499286767831165],[-121.01239906959744,35.500480794049757],[-121.01382674770545,35.501765702997432],[-121.01415987175891,35.502070271540809],[-121.01470714788786,35.502522370507492],[-121.01533056432199,35.502983984867669],[-121.01610341370703,35.503512758503],[-121.0161232718647,35.503526344601283],[-121.01655548907712,35.503789361444682],[-121.01805424189041,35.504719711795893],[-121.01895924603011,35.505273707706941],[-121.0201174538074,35.505953732768432],[-121.02172790673639,35.506974491929924],[-121.02211329117979,35.507207484835028],[-121.02213156381097,35.507217909042382],[-121.02240150126565,35.507371883678012],[-121.02549959664449,35.509299225758106],[-121.02577655892469,35.509459246734934],[-121.02697579725256,35.510214250582727],[-121.02767057944612,35.510682235856997],[-121.02858416788669,35.511388242477508],[-121.02925316753333,35.511979242747955],[-121.02943016798363,35.512154241849771],[-121.0301924945034,35.51296835953044],[-121.03183449626515,35.514749358502357],[-121.03255849526505,35.515518358788114],[-121.03331849604652,35.516351358806567],[-121.03488949586654,35.518027360154605],[-121.03562049723406,35.518772358645947],[-121.0357452130399,35.518875271748875],[-121.03576349734918,35.518890359244843],[-121.03637828456672,35.519312340040003],[-121.03741850581793,35.51996935461861],[-121.03898848964336,35.520921363295408],[-121.03930950620341,35.521122353947639],[-121.04101671577332,35.522152375983076],[-121.04145705465423,35.522424182854202],[-121.04190439230953,35.522771584244005],[-121.04226149778778,35.523103358592017],[-121.04247649787293,35.523332358838168],[-121.04272849776802,35.523625358998459],[-121.04286449910877,35.523806359299016],[-121.0430494981584,35.524081359919705],[-121.04379349814805,35.525532359185178],[-121.04404649786804,35.526047358909459],[-121.04429949938466,35.526493359364672],[-121.04456749827496,35.526877360403276],[-121.04478549064831,35.527153536320526],[-121.04480314164533,35.527175899479822],[-121.0448156821267,35.52719178741539],[-121.04483349841374,35.527214358923146],[-121.04675620214221,35.529091797189764],[-121.04723120251835,35.529600798363234],[-121.04833749935032,35.530719360533453],[-121.04858649977066,35.531001359200118],[-121.04891849913338,35.531355360634045],[-121.04925349976743,35.531663359574281],[-121.04944249991331,35.531865360672519],[-121.04986508269434,35.532360221335601],[-121.04998908344122,35.532528221657714],[-121.05050008380236,35.533270221369975],[-121.05074808439781,35.533658221584595],[-121.0512140827565,35.534344220612795],[-121.05189150141396,35.535367359343496],[-121.05235250064807,35.536037360352296],[-121.05255050011648,35.536286359720954],[-121.05287149960853,35.536630360433769],[-121.05329150152971,35.537032360498266],[-121.05346550070868,35.537180360552931],[-121.05370198310554,35.53736272866572],[-121.05374700217601,35.537399988785644],[-121.05436108511434,35.537908221613826],[-121.05487108475229,35.538309222598805],[-121.05631708579713,35.5394652214828],[-121.05741950190705,35.540365360614103],[-121.05844950212702,35.541176359679831],[-121.05892032264214,35.54151631478755],[-121.05963952733332,35.541944343631918],[-121.06053950000917,35.542422362526523],[-121.06234249514117,35.543390365250687],[-121.06264048788047,35.543556366753634],[-121.06326369500715,35.543923397935636],[-121.06376008696517,35.544261221704517],[-121.06411008587122,35.544531221385434],[-121.06438408730425,35.544768222573353],[-121.06523739339937,35.545538267670786],[-121.06849008704197,35.54848722173476],[-121.06911115707658,35.549045593969666],[-121.06968618036804,35.549588271040804],[-121.07010608796611,35.54996722080363],[-121.0706730875055,35.550469221508969],[-121.07158352375771,35.551313183463861],[-121.07161331818075,35.551340802844969],[-121.07296350491741,35.552514359756074],[-121.07395250512947,35.553428359808102],[-121.07418753495051,35.553653105493837],[-121.07485050600322,35.554224360052544],[-121.07508478303605,35.554409852469405],[-121.07549893063657,35.554688149487511],[-121.0758231038765,35.554852209896787],[-121.07633911593865,35.555093197953809],[-121.07670511114496,35.555238196781303],[-121.07703810584101,35.555349197959444],[-121.07813410348822,35.555618189036785],[-121.07892405679623,35.555708083469348],[-121.07931904692499,35.555722361593531],[-121.07963313657589,35.555717602462714],[-121.07999481358063,35.555689048402584],[-121.08045642905905,35.555631941713429],[-121.08170408568243,35.55546620565179],[-121.08231204570379,35.555356082360184],[-121.08234941472131,35.555350587263725],[-121.08287451144588,35.555273374504004],[-121.08458580296048,35.555027455340699],[-121.08533959997659,35.554915354545578],[-121.08643325212263,35.554779505167986],[-121.08690850223043,35.554771316180059],[-121.08734650189834,35.554768810883111],[-121.08774760865585,35.554786507281847],[-121.08784369156034,35.554792681361086],[-121.08830268755139,35.554854821161868],[-121.08890467467441,35.554950036906021],[-121.08943052418722,35.555080906845951],[-121.08990464241778,35.555248782840877],[-121.09021264328766,35.555363783826117],[-121.09064964223235,35.55556478393185],[-121.09094664233326,35.555719784705445],[-121.09112741211455,35.555825168836009],[-121.09155233231191,35.556098283802655],[-121.0917918321498,35.55628178478478],[-121.0922621145741,35.556715549914209],[-121.09250720013641,35.55697491086498],[-121.09301759323644,35.557663220779787],[-121.09326209309722,35.558052221116874],[-121.09368009267368,35.558752221112535],[-121.09391346150973,35.559173534041875],[-121.09454639739096,35.560144353408596],[-121.09481583807725,35.560615270236738],[-121.09492509387705,35.560806221394913],[-121.09595741803864,35.562554747457284],[-121.0964237918931,35.563278103280759],[-121.09657607789336,35.56348749524895],[-121.09679856633468,35.563740429248448],[-121.09710809523887,35.564043221460537],[-121.09724490416509,35.564190221691298],[-121.09750009397771,35.564431221133184],[-121.09777390406961,35.56467022053711],[-121.09901309496972,35.565670221685927],[-121.0994470944397,35.566006220527825],[-121.10105309441981,35.567294221426387],[-121.10170409542137,35.567758220212966],[-121.10185789777778,35.567863187352678],[-121.10278411742958,35.568411863297335],[-121.10311613026703,35.568575188290481],[-121.10396060502461,35.568906020561499],[-121.10396235045118,35.568906638006816],[-121.10454500942257,35.569112887129364],[-121.10536399987383,35.569362901030757],[-121.10711588445945,35.569877298547397],[-121.10775208841167,35.570095230425345],[-121.10812205866311,35.570240255452568],[-121.10860105564397,35.570477246399179],[-121.10905127689131,35.570746264886928],[-121.1095680974372,35.571116221465317],[-121.1099782717892,35.5714960602565],[-121.10998364820615,35.571501039116022],[-121.11033174448046,35.571860818255118],[-121.11052924089232,35.572101144325217],[-121.11069634280652,35.572326842326412],[-121.11088234347767,35.572626842349024],[-121.11100834297605,35.57285284209663],[-121.11112334350207,35.573092842966901],[-121.11129734357935,35.573535843281526],[-121.11149934234741,35.574123843068847],[-121.11158334560625,35.574406842074168],[-121.11174918538748,35.575022311518715],[-121.11188018490874,35.575390312140087],[-121.11203518471945,35.575733311419327],[-121.11216609530747,35.57595757736145],[-121.11227918332028,35.576151312223551],[-121.11244518479826,35.576380312249661],[-121.11265618378715,35.57664531288566],[-121.11289918346138,35.576924311543635],[-121.11365513733253,35.577701268502025],[-121.11487413590173,35.578968268423985],[-121.11569850905819,35.57985485477726],[-121.11747251106442,35.581680855369306],[-121.11846309859959,35.582689220459507],[-121.11951351572928,35.583825359602045],[-121.12082151578356,35.585172360126258],[-121.12114523627261,35.585514169814836],[-121.12115128552774,35.585520557770238],[-121.12152610039352,35.585969221966714],[-121.12191110035798,35.586506221806133],[-121.12224909956846,35.587051221829853],[-121.1224700995014,35.587478222200204],[-121.12262110001247,35.587819220651852],[-121.12330809920239,35.589449221840582],[-121.12397366548799,35.591048757844945],[-121.1239801010187,35.591064223312493],[-121.12416410114169,35.591542221009448],[-121.12430509981039,35.591876221542144],[-121.1245161005959,35.592422220116283],[-121.12462710092396,35.5927612222739],[-121.12488061088703,35.593575390346203],[-121.12488651820834,35.593594361626323],[-121.12512551768464,35.594277361240827],[-121.12538340334144,35.594884981771862],[-121.12584010593361,35.596004647707346],[-121.12620210184026,35.596844222894681],[-121.12635810237418,35.597156222894576],[-121.12659410147742,35.597564222407804],[-121.12685810106804,35.597963222288826],[-121.12705910180782,35.598224222480425],[-121.12763346483756,35.598858889410693],[-121.12764632601748,35.598871418497041],[-121.12795410230856,35.599171222667081],[-121.12872010203955,35.599827222842265],[-121.12944610248586,35.600420222850467],[-121.13229951923917,35.602853361947332],[-121.13271570871029,35.60321336104721],[-121.13373186679001,35.604048044462054],[-121.13529586693731,35.605385047023134],[-121.13614071000417,35.60612436088941],[-121.13675370957425,35.606650360687212],[-121.1375097101578,35.60728436190152],[-121.13959471071203,35.609053362104291],[-121.14034971147066,35.609678361917616],[-121.14137844416774,35.610560376691687],[-121.14141333832666,35.610590293696696],[-121.14155571051938,35.610712362176756],[-121.14461071191739,35.613296361172523],[-121.14638504540198,35.614994769940516],[-121.14639223821246,35.615000374869702],[-121.1469890294799,35.615465297815547],[-121.14706468469478,35.615523929757494],[-121.14826393290414,35.616535200758385],[-121.14886355745799,35.617058682066492],[-121.14928472269747,35.61741798119035],[-121.15036504653962,35.618307657888188],[-121.1515202260961,35.619158557401882],[-121.15257194937621,35.620046096317076],[-121.15315533418635,35.620612741346697],[-121.15370033488271,35.621201741193644],[-121.15419433552543,35.621797742450951],[-121.15469833531557,35.622473742465338],[-121.15525733445901,35.623303741450691],[-121.15611833642117,35.624546742386158],[-121.15678233514659,35.62528774260398],[-121.15723933597938,35.625738740978058],[-121.157648335335,35.626123741495334],[-121.15821133647302,35.626736741091406],[-121.15898133550363,35.627612741009465],[-121.15933033458475,35.628108741634911],[-121.15974133538681,35.628619740312381],[-121.15992433568492,35.628861741104075],[-121.16072833594903,35.629889742716102],[-121.16180188020574,35.63143419659685],[-121.16243343627467,35.632296057263517],[-121.16243481698527,35.63229794171864],[-121.16312068250133,35.633199947366109],[-121.16322776078489,35.633336821685454],[-121.16338837057452,35.633553298001473],[-121.16372030615683,35.634013723659088],[-121.16401288474994,35.634406971767262],[-121.16466092220936,35.63519722365173],[-121.16502692100893,35.635598222475217],[-121.16530592156651,35.635854222856715],[-121.16571392199553,35.636195223962247],[-121.16609392193712,35.6364522233822],[-121.16651992280778,35.636706223513919],[-121.16695992212553,35.636935224050227],[-121.16774892142271,35.637294222865741],[-121.1693159219431,35.638046223947086],[-121.16991449187478,35.638327020649172],[-121.17072392335312,35.638704224016692],[-121.17225092279217,35.639394222364459],[-121.17363970205176,35.640012153931039],[-121.1741964976278,35.640250099828734],[-121.17472235612374,35.640445215826816],[-121.17504635688717,35.640549215248676],[-121.17586806923374,35.640756113503016],[-121.1780036341587,35.641282785677362],[-121.17888463172076,35.641491786743366],[-121.18010945855951,35.641825302066771],[-121.18106362030824,35.642144151036248],[-121.18160292478736,35.64234722197228],[-121.18231192551525,35.642637222399863],[-121.18295074625986,35.642886660631973],[-121.18517092529804,35.643795223548153],[-121.18546367367271,35.643907929207778],[-121.1854850832209,35.643916171861846],[-121.18578392576647,35.64403122290117],[-121.18626992691159,35.644240224078459],[-121.18670692585626,35.644422222911913],[-121.18722692553995,35.644618222988989],[-121.18835292601935,35.645033222846564],[-121.19054192722896,35.64589522229722],[-121.19125392653328,35.646160224165065],[-121.19219240459545,35.646551940102754],[-121.1923104396305,35.646601208229207],[-121.19258124395942,35.646714241347986],[-121.19277569059088,35.646796329158654],[-121.19476516878937,35.647636182259625],[-121.19594692769846,35.648145223110035],[-121.19907001061522,35.64945865064098],[-121.20017645926248,35.649937517739133],[-121.20226443683354,35.650808994591202],[-121.20328592910941,35.651246222935448],[-121.2041349295794,35.651619222852275],[-121.20450892967321,35.651748223790023],[-121.20480492905089,35.651828223887797],[-121.20522592900036,35.651912222553754],[-121.20548592749473,35.651939221819482],[-121.20583392944594,35.651955222975076],[-121.20625092919742,35.651947222762622],[-121.2066159281721,35.651915223364774],[-121.20694792843312,35.651859222562827],[-121.20733525683079,35.651735756273041],[-121.20811333890236,35.651500189181093],[-121.20886892985413,35.651317221766128],[-121.20918093002366,35.651273222426234],[-121.2095079293635,35.65126022269957],[-121.2097819298982,35.651277221106376],[-121.21023592856132,35.651321222633968],[-121.2104659287151,35.651371222150509],[-121.2107589304147,35.651475221949887],[-121.21158193004707,35.651837221950274],[-121.21170653356351,35.651899292276056]]},"properties":{"County":"SLO","Route":1,"bPM":36.838000000000001,"ePM":59.441000000000003}},{"type":"Feature","geometry":{"type":"LineString","coordinates":[[-121.30418471439815,35.705425954067778],[-121.30420397876941,35.707400660510331],[-121.30418595047998,35.707501221682222],[-121.3040584525917,35.708086655857613],[-121.30389694987664,35.708828221037237],[-121.30387446324846,35.708914393950799],[-121.30377795005097,35.709284222750945],[-121.30369095001234,35.709660221446669],[-121.30362095059044,35.710193220461662],[-121.30364194960852,35.710735221923628],[-121.30373195002021,35.711353222086466],[-121.3039409502576,35.711922221623915],[-121.30413495042635,35.712316221729424],[-121.30534685679638,35.714394913070386],[-121.30581682301367,35.715179118969424]]},"properties":{"County":"SLO","Route":1,"bPM":66.716999999999999,"ePM":67.358000000000004}},{"type":"Feature","geometry":{"type":"LineString","coordinates":[[-120.74282221395292,35.333198188489249],[-120.74304355344903,35.333248440591973]]},"properties":{"County":"SLO","Route":1,"bPM":22.66,"ePM":22.672999999999998}},{"type":"Feature","geometry":{"type":"LineString","coordinates":[[-120.88873259841708,35.439849467865891],[-120.88910468330269,35.440326198956406],[-120.88997080656029,35.441492134501075],[-120.89030869078643,35.441939473859428],[-120.8905043609233,35.442210400899263],[-120.89055615418934,35.442282117115198],[-120.89064100994939,35.442393947065106],[-120.89081102060848,35.442618000968437],[-120.8913606566117,35.443342360932419],[-120.89182678702271,35.44393822196853],[-120.89224557172672,35.444437907095711],[-120.89248216012477,35.444678423811396],[-120.89282616008137,35.444980424050023],[-120.89314715957343,35.445222424029254],[-120.89348716023035,35.445438424333659],[-120.89533915935945,35.446459423012115],[-120.89572516094546,35.446691424114192],[-120.89622316088783,35.447035423684618],[-120.89643565826658,35.447216360913075],[-120.89670865897639,35.447439360758175],[-120.89719009398495,35.44795475066136],[-120.89752509372069,35.448293751009331],[-120.89818265961034,35.448997361034138],[-120.89927865725758,35.450199362172356],[-120.89953665879705,35.450466361737377],[-120.90003837417146,35.45102011987948],[-120.90026510805083,35.451256027958173],[-120.90038437287953,35.451380118767851],[-120.9009033727383,35.451864119028265],[-120.90103137368315,35.451973121279742],[-120.90123737444577,35.452122120372479],[-120.90145884689258,35.452271092845699],[-120.90173010576899,35.4524376559486],[-120.90210130132249,35.452613736024603],[-120.90282296649927,35.452910789785484],[-120.9031989141406,35.453039562037489],[-120.90321198372969,35.453044040406894],[-120.90323392687714,35.453051557041981],[-120.90362696586509,35.45316179142997],[-120.90413596477978,35.453268789834695],[-120.90458545929008,35.453337092063698],[-120.9050185218172,35.453379921790521],[-120.90549441422043,35.453389439748356],[-120.90595518438418,35.453387911840728],[-120.90649249909497,35.453330311602883],[-120.90650940898188,35.453328499040595],[-120.90676718504422,35.453294912114664],[-120.90677728210801,35.453293223950311],[-120.90709618313555,35.453239911746131],[-120.9073929317082,35.453174840148435],[-120.90768418438793,35.453093912009024],[-120.90843066821935,35.452837404379018],[-120.90899698144582,35.452594699924212],[-120.90955853449958,35.452280609471202],[-120.9108291664347,35.451471594226454],[-120.91125616623194,35.451228593673392],[-120.91169516752142,35.451016593440805],[-120.91218716671769,35.450811593589037],[-120.91265516562451,35.450648593091508],[-120.91313216654881,35.450511593239519],[-120.91354216662762,35.450425594089253],[-120.91403116724747,35.450357593079389],[-120.91522416767404,35.450233592897831],[-120.91669016791207,35.450074594102794],[-120.91784121701484,35.449905603889576],[-120.91791404972314,35.449894909535836],[-120.91793549071235,35.449891762114191],[-120.92064300399552,35.449615443482038],[-120.92197263099027,35.449531178452091]]},"properties":{"County":"SLO","Route":1,"bPM":34.716000000000001,"ePM":37.079000000000001}},{"type":"Feature","geometry":{"type":"LineString","coordinates":[[-120.66361552393694,35.286658578313897],[-120.66366738637325,35.286718046466682],[-120.66373941778429,35.286800643332114],[-120.66427043260998,35.287409542020001],[-120.66431976269548,35.28747120280898],[-120.66433249811128,35.287487121200044],[-120.66464718065026,35.287824307463417],[-120.66503556277178,35.288270275926394],[-120.66504534273028,35.288281504994636],[-120.66530550022645,35.288580236206926],[-120.66573177777821,35.289075731411842],[-120.66574088849184,35.289086319509877],[-120.66622873118328,35.289653373926839],[-120.66641120147537,35.289833744072908],[-120.66667607063519,35.290150680993904],[-120.66690301472039,35.290485879361754],[-120.66694301400504,35.290585878630509],[-120.66701900339324,35.290838948136958],[-120.66703534015498,35.290893353189503],[-120.66747269393424,35.292393638449902],[-120.66747952741859,35.292417080152077],[-120.66780393601712,35.293486684270974],[-120.66805702377202,35.294040318846868],[-120.66807043382259,35.294069653554835],[-120.66807891571548,35.294084025790887],[-120.66815609626975,35.294214800410209],[-120.66843988844107,35.294630193796898],[-120.66870312176877,35.2949613909026],[-120.6688461218839,35.295121390651765],[-120.66899512184682,35.295278390597623],[-120.66923512114802,35.295501389796421],[-120.66953308963282,35.295756442603448],[-120.66955283909432,35.295773347701591],[-120.66956675130314,35.295783645314636],[-120.66978032216868,35.295941731290213],[-120.67026667725001,35.296258757939185],[-120.67053467703862,35.296415885451864],[-120.67208220567689,35.297191506944728],[-120.67235100676272,35.297319029319247],[-120.67323148599689,35.297860135696475],[-120.67383586892677,35.298314612959452],[-120.67393399100695,35.298392958841539],[-120.67398014015805,35.29842980762718],[-120.67422587789727,35.298655067276165],[-120.67446687792169,35.298893067867681],[-120.67469887952191,35.299138068672633],[-120.67489661847888,35.299332123282703],[-120.6751046170947,35.299590124487409],[-120.67530161943314,35.299854123504645],[-120.67548761830766,35.300125124688115],[-120.67569855441448,35.300474326600892],[-120.67593455351773,35.300896328649145],[-120.67613052818348,35.301297662830251],[-120.67614544560708,35.301328211914907],[-120.67626855522521,35.301580327016588],[-120.67769773531636,35.304610665817052],[-120.67783782039839,35.304886397189605],[-120.67800182042991,35.305156396963149],[-120.67817982070517,35.30541839625127],[-120.67827482024141,35.305548396730359],[-120.67847582098116,35.305800396782089],[-120.6786898203431,35.30604439579335],[-120.67891682102214,35.306280396035788],[-120.67915882087146,35.306507396911663],[-120.67941182059147,35.306725397030526],[-120.67957282204655,35.306856396805919],[-120.6804564040617,35.307548082454446],[-120.68088596315921,35.307897909168922],[-120.68088739597211,35.307899090156461],[-120.68306223254631,35.309700333393373],[-120.68329250039803,35.30988888232114],[-120.68465361244519,35.311003362240974],[-120.68539361223688,35.31156936218386],[-120.6859586121264,35.311932361844811],[-120.68616861218867,35.312055360857542],[-120.68706367916474,35.312505068427015],[-120.68761161286049,35.312780360928443],[-120.68817331593294,35.313057753358436],[-120.68869961280674,35.313381360775487],[-120.68922361538334,35.313747362102283],[-120.68970261326251,35.314119360816328],[-120.68995061295961,35.314343362172416],[-120.69032261340361,35.314701361945517],[-120.69067361393121,35.315060361428941],[-120.69191061384038,35.316393362079104],[-120.69215056103928,35.316634701340611],[-120.69219245217593,35.316676835528149],[-120.69253011002661,35.317000520089046],[-120.69297208833292,35.317369774912791],[-120.69329261441283,35.317616360929513],[-120.69384061458389,35.318018362011088],[-120.69434061417611,35.318339362150873],[-120.69468661468082,35.318539362091443],[-120.69528261453247,35.318835361946071],[-120.69587561490941,35.319098361420416],[-120.69676661431386,35.319462361514134],[-120.69697983573475,35.319535728363313],[-120.69704561487141,35.319558362530408],[-120.69798461485478,35.319821361852206],[-120.69851161510944,35.319951361173217],[-120.699007615402,35.320048361376188],[-120.69955961487273,35.320137361868071],[-120.70032284509767,35.320200895369076],[-120.70099861265165,35.320243724748664],[-120.70171483134283,35.320258002180815],[-120.70253812472431,35.320234207192144],[-120.70351132446882,35.320153306084222],[-120.70470705038396,35.320042676482458],[-120.70472009122695,35.320041470751363],[-120.70790966474608,35.319779666885914],[-120.70974551306469,35.319617926714976],[-120.71014451327285,35.319596926357562],[-120.71106951301248,35.319588925975658],[-120.71154651214015,35.319609926335133],[-120.71196555016907,35.319641722617916],[-120.71254138014763,35.319725001992843],[-120.71342361738479,35.319896359963678],[-120.71404861754878,35.320063361548293],[-120.71448661721671,35.320204359365434],[-120.71661968572346,35.321029102908234],[-120.71665388278969,35.321042324008893],[-120.71827561855865,35.321669359969981],[-120.71983022861629,35.322255280804356],[-120.71993671580839,35.322295413317448],[-120.72048359128875,35.322513968968302],[-120.72076507478977,35.322626401162474],[-120.72092906044823,35.322691900660402],[-120.723026676044,35.323504874267165],[-120.72356205398702,35.323726164889678],[-120.72440161945157,35.324184360119276],[-120.72483462089325,35.32444035959702],[-120.72516261826138,35.324645360589876],[-120.7254965939177,35.324884842182001],[-120.72592961871557,35.325246640187082],[-120.72606987627414,35.325374989780101],[-120.72665633961076,35.325911659070094],[-120.72693851032295,35.326169870869279],[-120.72717367578962,35.326389901654743],[-120.72765529225782,35.326840518935164],[-120.72864934279842,35.327742694330027],[-120.72966334312481,35.328612695339295],[-120.73031334250483,35.329111694107958],[-120.73056480880064,35.329279825086751],[-120.73080674936115,35.329429972988784],[-120.73139174934214,35.329755972231851],[-120.73179974887286,35.329957974003179],[-120.73226374937836,35.330166972031954],[-120.73279774930572,35.330370972055348],[-120.73307874951313,35.330468973320556],[-120.73512220657875,35.331029039308149],[-120.73512245361543,35.331029106732025],[-120.73797683336271,35.331854403823364],[-120.74270339379029,35.333169228530686],[-120.74274215789143,35.333180013857437],[-120.74276529849315,35.333185266912757],[-120.74282221395292,35.333198188489249]]},"properties":{"County":"SLO","Route":1,"bPM":16.77,"ePM":22.66}},{"type":"Feature","geometry":{"type":"LineString","coordinates":[[-121.28182328530555,35.673486976748954],[-121.28242321618487,35.674090124867163],[-121.28305616913407,35.674669756978922],[-121.2837305955033,35.675338368524912],[-121.28387594561121,35.675505035629897],[-121.28394547162092,35.675661957577624],[-121.2840903375369,35.675829942625576],[-121.28440534616435,35.676392110778593],[-121.28467673709314,35.677065743670894],[-121.28487058903988,35.677782995157074],[-121.28500628495344,35.678524475841868],[-121.28499659302983,35.6802449069056],[-121.28495782353878,35.681853874044883],[-121.28490936032755,35.682827978672364],[-121.28492874507306,35.683288373513612],[-121.28505474816467,35.683879621314276],[-121.28533723688051,35.684434507770035],[-121.2855586338688,35.684708497955981],[-121.28592143107271,35.685286147847066],[-121.28612191977277,35.685498429502893],[-121.28650522012472,35.685841733726932],[-121.28667187198296,35.686055048526335],[-121.28678519625268,35.68621503461636],[-121.2869318507144,35.686551672775188],[-121.28706517238068,35.687041630991871],[-121.28707850427779,35.68748825982734],[-121.28702184304125,35.687851561621265],[-121.2869251843167,35.688281525182603],[-121.28689070068788,35.688381558880579],[-121.28680681600662,35.6886248962279],[-121.28677033452462,35.688822832907697],[-121.28676064349933,35.689472235065274],[-121.28692541608201,35.690165253823558],[-121.28725011663303,35.690804963377964],[-121.28785105811707,35.691531906458287],[-121.28827268329401,35.691968072044695],[-121.28909170608462,35.692859787368086],[-121.28964902717509,35.693577038408051],[-121.29156331189273,35.695597939262584],[-121.29312866130959,35.697420142336348],[-121.29370052432789,35.697958080371173],[-121.29482001561473,35.698675330059565],[-121.29750970362774,35.699726973876615],[-121.2999764639232,35.700671999011071],[-121.30006993362849,35.700710974045897]]},"properties":{"County":"SLO","Route":1,"bPM":64.138999999999996,"ePM":66.448999999999998}},{"type":"Feature","geometry":{"type":"LineString","coordinates":[[-120.74304355344903,35.333248440591973],[-120.74325462340481,35.333296360011254],[-120.74368062337716,35.333360360987378],[-120.74436092742329,35.333417709870133],[-120.74490062266959,35.333414360763911],[-120.74549025077093,35.333353663502947],[-120.74620025042543,35.333260665220493],[-120.74785462378527,35.332989360258061],[-120.74855262374417,35.332919359141322],[-120.74933662391683,35.332897360431964],[-120.74976662498544,35.332912360418739],[-120.75034162402241,35.332957358896572],[-120.75084562471086,35.333022359015146],[-120.75141962482122,35.333130360449452],[-120.75176862480069,35.333218360127191],[-120.75226862439285,35.333364360130631],[-120.75269262471542,35.333512359804764],[-120.75313162510656,35.333692360290947],[-120.75355462380753,35.333891359299251],[-120.75382962506545,35.33403335970992],[-120.75439662550312,35.334364358124368],[-120.75475162533036,35.334607360045062],[-120.75573062639498,35.335308360038042],[-120.75692462574813,35.336128359837147],[-120.75735062482218,35.336406360288144],[-120.75789231881997,35.336737560034628],[-120.75923732048078,35.337605560392547],[-120.75982031991367,35.338053559860654],[-120.76018332013683,35.338357560074243],[-120.76076731400471,35.338916642944334],[-120.76141690644792,35.339587649839011],[-120.76231634372783,35.340546573186174],[-120.76355454468452,35.341822377189366],[-120.76397006940236,35.342262165354036],[-120.76451906939835,35.342804165467676],[-120.76533239597174,35.343494187303982],[-120.76692400583931,35.344791569472683],[-120.76694284979904,35.344806928493782],[-120.77414498748659,35.350753098355021],[-120.7745747639764,35.351092152298612],[-120.77496567216049,35.351384285276318],[-120.7753696705949,35.35164128516525],[-120.77562467086301,35.351794285603091],[-120.77597367174077,35.351986285455183],[-120.77652367156172,35.35226028442311],[-120.77697067145043,35.352452286098107],[-120.77742767228325,35.352623286014996],[-120.77798271794111,35.352798418562614],[-120.77873071812874,35.353005419611058],[-120.78092371773967,35.353588419280797],[-120.78235631232724,35.353982160231041],[-120.78454319081783,35.354553072846826],[-120.78455757374387,35.354556828432671],[-120.78462141611277,35.354573496315247],[-120.78662821023669,35.355116372865318],[-120.78674876684276,35.355148986004316],[-120.78817395212583,35.355525280187841],[-120.78956593657438,35.355905994112661],[-120.79072473364647,35.356210564546302],[-120.79173600399272,35.356481823041122],[-120.79348763166018,35.356936593593815],[-120.79453663035005,35.357226593991406],[-120.79591163304644,35.357590594542373],[-120.79686063217719,35.357849594527025],[-120.79785180721055,35.358195044499602],[-120.79909580858906,35.35869904385288],[-120.7995160135295,35.358873192509527],[-120.79995480730813,35.359055044221364],[-120.80332560964763,35.360427821206656],[-120.80378660888178,35.360619821778201],[-120.80513160964429,35.361159821807554],[-120.80537402002372,35.361253950602574],[-120.80560350634113,35.361343063225917],[-120.8061484010363,35.361531039696537],[-120.8066480898114,35.361678566535282],[-120.80709780890051,35.361795158092313],[-120.8075256387411,35.361883850345507],[-120.80753777228564,35.361886365319307],[-120.80793061903411,35.361954583129595],[-120.80988177869584,35.362232980412919],[-120.81097195615834,35.362380399011862],[-120.81280363719236,35.362650359159119],[-120.81415963692719,35.362832359135716],[-120.81799363757665,35.363370359090673],[-120.81928263916102,35.363544358483125],[-120.82013623092037,35.363648479707784],[-120.82015163702749,35.363650358754384],[-120.82077063824201,35.363754357503005],[-120.8231802818551,35.364136511682119],[-120.82339649107261,35.364171982584779],[-120.82359698516255,35.364204875569584],[-120.82674045714136,35.364720595762655],[-120.8268426396066,35.364737358245428],[-120.82825964033914,35.36498135739145],[-120.83232764223865,35.365647356872998],[-120.83285063960042,35.365739358230549],[-120.8354876405237,35.366176357020343],[-120.83683861508284,35.366395068699184],[-120.83688364133982,35.36640235827246],[-120.83747664081845,35.36652635710243],[-120.83799564157553,35.366656356746397],[-120.8384796412742,35.366799355893242],[-120.83879264126864,35.366905357750859],[-120.83953267519634,35.367188506062377],[-120.8395431046368,35.367193593550006],[-120.84031984732025,35.367572488510611],[-120.84259766136877,35.36884679395412],[-120.84569664248644,35.370580357048382],[-120.84630664258179,35.370905356656962],[-120.84816047966397,35.371826440956475],[-120.84821264303588,35.371852357448084],[-120.85137482782035,35.373404547547693],[-120.8514394535202,35.373441076477938],[-120.85144265062431,35.373442883513185],[-120.85153901020988,35.373497345794263],[-120.85198064446142,35.373800357073016],[-120.85239864403785,35.374125356899619],[-120.85264864428311,35.37434435687625],[-120.85307376121155,35.37476797884247],[-120.85327664482016,35.375020357871833],[-120.8537736449376,35.375659357983935],[-120.8538056231651,35.375707278613341],[-120.85410264482557,35.376152358117849],[-120.85450619859392,35.376871423129359],[-120.85451409209034,35.376888893566807],[-120.85486311722261,35.377661403641326],[-120.85499825258742,35.378009801876331],[-120.85501540322285,35.378054014958373],[-120.85509154712125,35.37828720187008],[-120.85560705163529,35.37996336723586],[-120.85563465237234,35.380053113990549],[-120.85628365641905,35.382163343917583],[-120.85646116262089,35.382704014982586],[-120.85650685093623,35.382843176495875],[-120.85678048765325,35.383597465542209],[-120.85713525571512,35.384546682248384],[-120.85725398874119,35.384856546653275],[-120.85770609824728,35.386036413477669],[-120.85857698167757,35.388354008817828],[-120.85990234167471,35.39184705871962],[-120.86038775262668,35.393146243120135],[-120.86062352445614,35.393750954062376],[-120.86063501031538,35.393781303436072],[-120.86084222739692,35.394328835840085],[-120.86096887637723,35.39462349033807],[-120.86110987684256,35.395026487879626],[-120.86171118663587,35.396633218497385],[-120.86172679845717,35.396674934576936],[-120.86210328059612,35.397625058431622],[-120.86217128216481,35.397783058734824],[-120.86239433384989,35.398217582502788],[-120.86259133439169,35.398616581547458],[-120.86273333288528,35.398874581425645],[-120.86318633441842,35.399591581800955],[-120.86356433471018,35.400127581504215],[-120.8638721002215,35.400495874252414],[-120.86438009931129,35.401069874456731],[-120.86477309967167,35.401483874460425],[-120.86477976606939,35.401490173820058],[-120.86478254905013,35.401492803251557],[-120.86506410082313,35.401758874769889],[-120.8654841009477,35.402135874244784],[-120.86598364778897,35.402554359470749],[-120.86707264845847,35.403485359739264],[-120.86770264954365,35.40405635931667],[-120.86786046826766,35.404221037891332],[-120.86789175209746,35.40425368097754],[-120.86900064955216,35.405458359915087],[-120.86983964997638,35.406391359918857],[-120.87121633342069,35.407946189736343],[-120.8715773321974,35.408397189560738],[-120.87168833252547,35.408559189797195],[-120.8718683324505,35.408853189720062],[-120.87200933291582,35.409135189953275],[-120.87223033284876,35.409719189895014],[-120.87234446470391,35.410094950682378],[-120.87270146777426,35.411391950667635],[-120.87270452024958,35.41140204978241],[-120.8729806677578,35.412315466796144],[-120.87301079635414,35.412415119129939],[-120.87324679905062,35.413091120269222],[-120.87340579726266,35.413474121369916],[-120.87371740756335,35.414092736427826],[-120.87429624959309,35.415118997417103],[-120.87430003150044,35.415125701297001],[-120.87546878010926,35.417197836731383],[-120.87645820522445,35.418937282454024],[-120.87669420342937,35.419370284426321],[-120.87688907496394,35.419754137815907],[-120.87720307657995,35.420406134753009],[-120.87750107650578,35.42107113568099],[-120.87759209021711,35.421289204395634],[-120.87760783229413,35.421324235829886],[-120.87775306472274,35.421647428532083],[-120.87796721589996,35.422142356845285],[-120.8781908847276,35.422601591689748],[-120.87842255844276,35.423028247742359],[-120.8786112199238,35.423334282152481],[-120.8793932213449,35.424702281178163],[-120.87957222144504,35.425028282242984],[-120.880660220493,35.426915281927307],[-120.88107805657603,35.427601598136526],[-120.88143805732446,35.428138598841926],[-120.88204408506967,35.428869293337804],[-120.88205990619844,35.428886437026989],[-120.8826179737889,35.429491157999081],[-120.88281297378258,35.429709157072907],[-120.88392697456642,35.430974916003414],[-120.8847886547566,35.431911120026079],[-120.88508942778174,35.4322985741289],[-120.88535242664912,35.432680574110741],[-120.88553042692438,35.432981574145778],[-120.88582913292602,35.433600759638217],[-120.88583872154338,35.433620635370289],[-120.88606812072419,35.434242947147936],[-120.88627312256024,35.434724947637541],[-120.88692540455942,35.436381790558102],[-120.88709165756566,35.436780803391486],[-120.88728912253647,35.437282830390878],[-120.88733028244449,35.437387474884595],[-120.88737243499088,35.437494638445813],[-120.88762517689439,35.438085319959718],[-120.88775790746919,35.438375040348731],[-120.88788164051809,35.438612986481687],[-120.88807675549612,35.438946111789207],[-120.88830518359815,35.439274477002947],[-120.88862109503243,35.439704469933588],[-120.88864782620033,35.439740852460439],[-120.88873259841708,35.439849467865891]]},"properties":{"County":"SLO","Route":1,"bPM":22.661000000000001,"ePM":34.716000000000001}},{"type":"Feature","geometry":{"type":"LineString","coordinates":[[-120.66153483709272,35.287436079534061],[-120.66155320225036,35.286725742126393],[-120.66159625940027,35.286668907150535],[-120.66286498690695,35.285912214085087],[-120.66298540157922,35.285945842137636],[-120.663563659704,35.286599107184294],[-120.66361552393694,35.286658578313897]]},"properties":{"County":"SLO","Route":1,"bPM":16.542999999999999,"ePM":16.77}},{"type":"Feature","geometry":{"type":"LineString","coordinates":[[-121.3295825380843,35.782278769838761],[-121.32960996095497,35.78231022574932],[-121.32975481698946,35.782422891647307]]},"properties":{"County":"SLO","Route":1,"bPM":72.992999999999995,"ePM":73.006}},{"type":"Feature","geometry":{"type":"LineString","coordinates":[[-120.8886049190691,35.43991067859767],[-120.8898280373122,35.441501651669377],[-120.89019221881995,35.441991464491686],[-120.89039429933472,35.442254018903782],[-120.89045621661397,35.442334463940519],[-120.89053688263155,35.44244481620035],[-120.89069684743079,35.442663646719787],[-120.89105108279173,35.443148238774725],[-120.89184106394754,35.444171407869028],[-120.89209806296718,35.444474408236523],[-120.8922480636533,35.444631407009744],[-120.89256806332045,35.4449244073367],[-120.89284106313193,35.445144407900173],[-120.89326406452787,35.445445408175949],[-120.89378270416219,35.445751369106517],[-120.89535790899603,35.446607975659077],[-120.89574813895211,35.44685068060631],[-120.89614788925354,35.4471219387272],[-120.89642390470942,35.447355125649445],[-120.89705684238726,35.448007098920229],[-120.89747384213879,35.448455098746422],[-120.89807525344169,35.449063581270494],[-120.89851704759339,35.449525580245947],[-120.89910604777238,35.450174580250902],[-120.89938395687686,35.450500773831394],[-120.89991686265623,35.451098223248593],[-120.90027386392991,35.45147922296983],[-120.9003303913175,35.45153013539192],[-120.9009734368389,35.452109290281932],[-120.90140143735937,35.452401290137189],[-120.90189386325542,35.45266322298604],[-120.90265486835341,35.453002728903407],[-120.90294786825638,35.453112727000153],[-120.90309476346658,35.453155828328804],[-120.90312085233907,35.45316348179233],[-120.9034488694701,35.453259727015848],[-120.90389786361878,35.453380223274223],[-120.90435486355329,35.453453221818485],[-120.90477386475125,35.453503222687743],[-120.90515786399249,35.453528223110737],[-120.90570275150111,35.453532448265605],[-120.90594175367234,35.45352744891364],[-120.90610905321591,35.4535107202543],[-120.9065577060048,35.453465854852425],[-120.90679359910681,35.453427511568712],[-120.90685604369718,35.453415114886056],[-120.9074384179026,35.453299495111125],[-120.90803781338603,35.453115019601228],[-120.90844281254367,35.452969019637514],[-120.90881781336071,35.45281601864454],[-120.90923081201596,35.452615019537966],[-120.90961981217841,35.45239101834381],[-120.91038847631251,35.45189845222513],[-120.91105347665945,35.451494452647076],[-120.91155547679978,35.451234452273361],[-120.91183747593377,35.451111452318948],[-120.91246147537453,35.450862452281854],[-120.91270847704337,35.450776452043009],[-120.91303947747946,35.450677452352011],[-120.91337047611896,35.450600452101554],[-120.91373947708823,35.450538451855913],[-120.91445947678844,35.450455452313847],[-120.9158934763411,35.450311451150753],[-120.91788972514188,35.450063997099107],[-120.91793688489768,35.450058150854289],[-120.92068440644864,35.449748852504335],[-120.92198169768643,35.449598011490046]]},"properties":{"County":"SLO","Route":1,"bPM":34.716000000000001,"ePM":37.079000000000001}},{"type":"Feature","geometry":{"type":"LineString","coordinates":[[-121.32975481698946,35.782422891647307],[-121.32979896110085,35.782457226799615],[-121.33008295988466,35.782631227052022],[-121.33051396077822,35.782909225852372],[-121.33065496214184,35.783011225692661],[-121.33089596036962,35.783227226680076],[-121.33099296135234,35.783298226798848],[-121.331183961148,35.783400226140046],[-121.33173796116689,35.783681226848856],[-121.33191796109195,35.783793225464514],[-121.33221285464352,35.784028137981778],[-121.3323029071575,35.784072945121778],[-121.33263080481262,35.784160330850561],[-121.33276588987177,35.784194892618018],[-121.33303244606772,35.784387988463244],[-121.33319544537605,35.784559987762059],[-121.33320932255053,35.784713710112428],[-121.33320232287785,35.784932708837935],[-121.3332263231673,35.785061709102571],[-121.33336826416873,35.785317785168004],[-121.333495263492,35.785473786231023],[-121.33359126464977,35.78554078510809],[-121.33387618959665,35.785651505110344],[-121.33399896324484,35.785743227184462],[-121.33406696122029,35.785817225200681],[-121.33409596243092,35.78588722684524],[-121.33408787040683,35.786188689901707],[-121.33408222539362,35.786478915758821],[-121.33411374548029,35.78682559971157],[-121.3341597428161,35.786947601281568],[-121.33421688375299,35.787070788274775],[-121.33432488640297,35.787194786858279],[-121.3344668857949,35.787309787169974],[-121.33486735295192,35.787566629148742],[-121.33492835215296,35.787643629186718],[-121.33524135304573,35.78822962918899],[-121.33532335126488,35.788333629036401],[-121.33544135126562,35.788434628701928],[-121.33560596215156,35.788497226671161],[-121.33593433232052,35.788506285096922],[-121.3363055287723,35.788487248629281],[-121.33661486004715,35.788463453767037],[-121.33694322482621,35.788387312929046],[-121.33717641310093,35.78827309825612],[-121.33733821495498,35.788206471861386],[-121.33750465391249,35.788163510661434],[-121.33768561683152,35.788206471861386],[-121.33787996285164,35.788356226687071],[-121.33798396260873,35.788453225777886],[-121.33821896278539,35.788758225656096],[-121.33844296219306,35.788971227031936],[-121.33882775734165,35.789386684680004],[-121.33898480351453,35.789591319051205],[-121.33913232934209,35.789834023741875],[-121.33932744521844,35.790181424655501],[-121.33943774216566,35.790440855822332],[-121.33945875286182,35.790545904258153],[-121.33947135712357,35.790882059339616],[-121.33950497297982,35.790974501865293],[-121.33979070551213,35.791394694868238],[-121.34023190857235,35.792071207376331],[-121.34039998695529,35.792272899785004],[-121.34065630505192,35.792529219305862],[-121.3408832087129,35.792730912737994],[-121.34110796360373,35.792855226013934],[-121.34126895607568,35.792905774359788],[-121.34142946166078,35.79294520994582],[-121.34151770227281,35.792991432208055],[-121.34158073076809,35.79302924940896],[-121.34165636622005,35.793130097376078],[-121.34170678865696,35.793214133729087],[-121.34174040451322,35.793352797779832],[-121.34178662552954,35.793588106845704],[-121.3418258801108,35.793798206187361],[-121.34180588001932,35.793939205988607],[-121.34169987971413,35.79413920611465],[-121.34168588036873,35.794195206088908],[-121.3416918802165,35.794243205514945],[-121.3417348789759,35.794307205918976],[-121.34180588001932,35.794347206236374],[-121.34189287915964,35.794359206254853],[-121.34198587994439,35.794346205809717],[-121.34224287896402,35.794246206070113],[-121.3423528803655,35.794233207063847],[-121.34248987973453,35.7942432062436],[-121.34297888035438,35.794431206327381],[-121.34364487962793,35.794730206234277],[-121.34392764232993,35.794831113976855],[-121.3440118764558,35.794856219209919],[-121.34411588160276,35.794867206344527],[-121.34425788009635,35.794864207270059],[-121.34453188063105,35.794821205950932],[-121.34471088162951,35.79480020585742],[-121.3448528801231,35.794812205807425],[-121.34495287968221,35.794848205646637],[-121.34512896385094,35.794974225721518],[-121.345203964194,35.79506022598504],[-121.34525237081142,35.795179602756512]]},"properties":{"County":"SLO","Route":1,"bPM":72.994,"ePM":74.323999999999998}},{"type":"Feature","geometry":{"type":"LineString","coordinates":[[-120.62298030033176,35.106481033376546],[-120.62308411952743,35.106681696283466],[-120.62308456868509,35.106682564195786],[-120.62341567332578,35.107322523945051],[-120.62342144410316,35.107333677375522],[-120.62343721043472,35.107364150329964],[-120.62367868387128,35.107874731930444],[-120.62372767349534,35.107983572059346],[-120.62373455369209,35.10799885618399],[-120.62402852377555,35.108651958451979],[-120.62403126004392,35.108658038100685],[-120.62437258302093,35.109416345236298],[-120.62467276854787,35.110049215580332],[-120.62544058467235,35.111700933157955],[-120.62585637798644,35.112612167421176],[-120.62586558481979,35.112632345463759],[-120.62624958495935,35.113441347920677],[-120.62791059956407,35.117078299761502],[-120.62848858549933,35.118279346737317],[-120.62969069663951,35.121049660024532],[-120.62973769829181,35.121264661258806],[-120.62978587673715,35.121856298210389],[-120.62980829329673,35.1219840712833],[-120.6298091341198,35.121988871458178],[-120.62985487992735,35.122120418034825],[-120.6305425438706,35.123636133982608],[-120.63080875241855,35.124190263699091],[-120.63116879089618,35.124962208373894],[-120.63143722277445,35.125558739663163],[-120.63163233775248,35.126208332490528],[-120.63171324002698,35.126665189684005],[-120.63179652014202,35.127274330826275],[-120.6318655260272,35.128183285984122],[-120.63192446808625,35.129349139868552],[-120.6319934676832,35.130017140137092],[-120.63203446679279,35.130239139072636],[-120.63212964599211,35.13053895191026],[-120.6322156453075,35.130729951107412],[-120.63231664648815,35.130913950583476],[-120.63242179159722,35.131087208680967],[-120.63262179251207,35.131316209081106],[-120.63279627857793,35.131379288897755],[-120.63385544260355,35.132339155334321],[-120.63386967551089,35.132352053842013],[-120.63396158663917,35.132435347869681],[-120.63485058819045,35.133218348117765],[-120.63500174949995,35.133355169016035],[-120.63500890547949,35.133361645739242],[-120.63598413631489,35.134244355994376],[-120.635994963709,35.134254154722676],[-120.63602058905077,35.134277346804886],[-120.63620158790245,35.134456347082725],[-120.63687465601897,35.13504232110278],[-120.63689090115255,35.135056465132088],[-120.6369523872405,35.135109996143029],[-120.63699758866895,35.135149347110783],[-120.63702764719667,35.135177167164606],[-120.63764158730289,35.135745348305804],[-120.63779158888732,35.135908347999802],[-120.63783919420753,35.136036960749649],[-120.63792556901871,35.136209709867181],[-120.6379450103581,35.136282289056155],[-120.6379661297504,35.136361135295857],[-120.63798267581964,35.136422910178212],[-120.63805482760495,35.137088513379901],[-120.63805881881976,35.137125327477804],[-120.63810209515856,35.137441768032836],[-120.63813778702142,35.137579776321772],[-120.63819401616833,35.137699778197131],[-120.63823212090603,35.137767348182209],[-120.63826008546083,35.137816939138162],[-120.63836339082019,35.137970511057766],[-120.63859989567494,35.138203233476744],[-120.63861125487172,35.13821334393861],[-120.63914824798563,35.13869133528776],[-120.63915069319982,35.138693511194894],[-120.63980176516829,35.139272884436849],[-120.639809360424,35.139279642041906],[-120.64056918513575,35.139955793458981],[-120.64063568921283,35.140014972491691],[-120.64135423813389,35.140654391997167],[-120.64135869737093,35.140658442524675],[-120.64205518277031,35.141292147054784],[-120.64206397098873,35.141300142266054],[-120.64212484262902,35.141395031348068],[-120.64217811272536,35.141753351340235],[-120.64222179240772,35.141892209572873],[-120.64230968357511,35.141990180252563],[-120.64233521100056,35.142018634112702],[-120.64261179419169,35.142277209350574],[-120.64290929734916,35.142538772743407],[-120.64292840361695,35.142555571684639],[-120.64351246485849,35.143092922214507],[-120.64351636803841,35.143096511312137],[-120.6439277946419,35.143455208725939],[-120.64410771731183,35.143615234163114],[-120.64414236353571,35.143646050543467],[-120.64446542825461,35.14393338966314],[-120.64458942810317,35.144090389247538],[-120.64464342852986,35.144195389202935],[-120.6446704157176,35.144266693426495],[-120.64468368563097,35.144301754563962],[-120.64469171926457,35.144340316582372],[-120.64470748020621,35.144415969249145],[-120.64472413676823,35.144575392666489],[-120.64477251913111,35.145185690423574],[-120.6447753991299,35.145222000632096],[-120.64482883361795,35.145895993816545],[-120.64489062333648,35.146323646948645],[-120.64492159006092,35.146354174364511],[-120.64496226757363,35.146394275001917],[-120.64515079610399,35.146482209424377],[-120.6453777949864,35.146607209914784],[-120.64577160652549,35.146903959704829],[-120.6458074951194,35.146934491310233],[-120.64637408592529,35.147416496328717],[-120.64645680818656,35.147476594708003],[-120.64646099613239,35.147479637857998],[-120.64654112405913,35.147537848454746],[-120.64678097513828,35.147656346029869],[-120.64705630248469,35.147777813853232],[-120.64705743975183,35.147778315534111],[-120.64744998197142,35.147944148431669],[-120.6475190821797,35.147973289928046],[-120.64816804759882,35.14822346389056],[-120.64866111129869,35.148427056805374],[-120.6513334420638,35.149454065844353],[-120.65150679625238,35.149493209356898],[-120.65181933990266,35.149498777676428],[-120.65220332926243,35.149486113256124],[-120.65257733923772,35.149473778628924],[-120.65282433910993,35.149491778531505],[-120.65299725042908,35.149535159411542],[-120.65323134061232,35.149621778607575],[-120.6545537918646,35.150320619566344],[-120.65471767331849,35.150398826412633],[-120.65466199933044,35.150803937642735],[-120.65462444885326,35.15107718075889],[-120.65461430867033,35.151150957873469]]},"properties":{"County":"SLO","Route":1,"bPM":12.949999999999999,"ePM":16.733000000000001}},{"type":"Feature","geometry":{"type":"LineString","coordinates":[[-121.30581682301367,35.715179118969424],[-121.30836380466064,35.719428809176591],[-121.30881709185805,35.720214032535203],[-121.30923825709755,35.72092786861834],[-121.3100377568021,35.72224490165398],[-121.31021621521811,35.722505452185189],[-121.31052673406576,35.722855233697963],[-121.31085510153977,35.723180031681878],[-121.3111763292039,35.723465565441991],[-121.311617953574,35.723790222372656],[-121.3122230533595,35.724224613621843],[-121.31309770522238,35.724842372798868],[-121.31329095619617,35.725029823712866],[-121.31348512075665,35.725321067632443],[-121.31370212677983,35.725793155311656],[-121.31380009075652,35.725985072950358],[-121.31395047322664,35.726175428765039],[-121.31427280581858,35.726572150019251],[-121.31443841742772,35.726787252666178],[-121.3146154484208,35.727084209011018],[-121.31468044961643,35.727219208624348],[-121.31472319145765,35.727344997496253],[-121.31475174440894,35.727473490978653],[-121.31475174351063,35.727737609418],[-121.3147221548018,35.728204023804516],[-121.31419391487202,35.731866015459055],[-121.31330875541524,35.738212039520576],[-121.31280906933507,35.7418668914828],[-121.3126797254089,35.742630484600035],[-121.31258727079984,35.743238781516119],[-121.31225155151353,35.745654005336874],[-121.3120302632214,35.747331524757236],[-121.31193746365929,35.747852627059792],[-121.3118453881393,35.748684047151933],[-121.31181712444551,35.749127079013796],[-121.31179041932874,35.749438468987826],[-121.31178488750324,35.749923793226927],[-121.31175725442678,35.75070208603087],[-121.31173422970772,35.751788932091351],[-121.31175523052244,35.752236932498199],[-121.3119524511515,35.752834382496772],[-121.31205545108367,35.75302838120539],[-121.31223245153399,35.753299382119444],[-121.31235445173273,35.753455382574117],[-121.31260445197796,35.753706382229204],[-121.31261983293224,35.753719796110708],[-121.31269045039508,35.753781383294069],[-121.31549095547983,35.75601022404291],[-121.31613295715889,35.756550225432726],[-121.31627995657365,35.75665422516613],[-121.3166309553046,35.756858224276442],[-121.31761995551668,35.757378225403208],[-121.31821996544777,35.757721240451424],[-121.31948896424565,35.758519240550726],[-121.32084689176514,35.759355930417534],[-121.3210288922383,35.759477931130057],[-121.32123889230061,35.759644930427818],[-121.32132889181396,35.759742930420003],[-121.32140489108365,35.759849930020721],[-121.32146889155605,35.759983931538599],[-121.32155035527761,35.760254129510983],[-121.32157462506161,35.760439727163522],[-121.3215646322024,35.760625325112059],[-121.32147754323057,35.760989383303325],[-121.32138188882247,35.761159276264259],[-121.3212533982958,35.761323458302932],[-121.32096215280259,35.761569019276997],[-121.32079089168863,35.761669930481865],[-121.32044989120676,35.761798931313528],[-121.32043794181685,35.761801968811511]]},"properties":{"County":"SLO","Route":1,"bPM":67.358000000000004,"ePM":71.004000000000005}},{"type":"Feature","geometry":{"type":"LineString","coordinates":[[-120.61757559001812,35.102517768264477],[-120.61814947155085,35.102932652714138],[-120.61856195726807,35.103170074430473],[-120.61856875841308,35.103173987920997],[-120.61865910826941,35.103212867061181],[-120.61907685002936,35.103307169219804],[-120.61912158074063,35.10331932637434],[-120.61975384737693,35.103491168170315],[-120.61999878471724,35.1035794267261],[-120.62017078424638,35.103670427185214],[-120.62036078511547,35.103798425736997],[-120.62052078584738,35.103925426799968],[-120.62067878513281,35.104072424831976],[-120.62123620773289,35.104609922736074],[-120.62263628510382,35.106045300186111],[-120.62285521082674,35.106278337977734],[-120.62295821075891,35.106438337998426],[-120.62298030033176,35.106481033376546]]},"properties":{"County":"SLO","Route":1,"bPM":12.5,"ePM":12.916}},{"type":"Feature","geometry":{"type":"LineString","coordinates":[[-120.581504516827,35.096948811988604],[-120.58150678058151,35.096980209024856],[-120.58158225703171,35.097591302984938],[-120.58162925688735,35.097765302987035],[-120.58166758440728,35.097837551149048],[-120.58171625692601,35.097929301077734],[-120.58182425598271,35.098046301674096],[-120.58190425724698,35.098102301529508],[-120.58200010209792,35.098137084878147],[-120.58201768212801,35.098143465180129],[-120.58218425762945,35.098164301665776],[-120.58226955446233,35.09816409293348]]},"properties":{"County":"SLO","Route":1,"bPM":10.282999999999999,"ePM":10.394}},{"type":"Feature","geometry":{"type":"LineString","coordinates":[[-120.59725491675704,35.06191343631167],[-120.59730648454591,35.06229686841381],[-120.59733265965667,35.062682341358084],[-120.59731124382029,35.063034502404236],[-120.59729160574985,35.063137313458022],[-120.59727079268305,35.063246274327966],[-120.59716371619611,35.063591296270594],[-120.59704236368272,35.063850657900609],[-120.59693052971805,35.064074327481549],[-120.59672351655409,35.06437889759016],[-120.59618337933669,35.065140325977964],[-120.59615975903459,35.065171329389194],[-120.59576459283605,35.065689981493215],[-120.59502254578381,35.066709223066624],[-120.59418033837402,35.067865998905162],[-120.59365639149298,35.068607201419994],[-120.59316726690561,35.069312244337276],[-120.59315014860955,35.069336919486531],[-120.5931281506649,35.069368628597424],[-120.59282595830163,35.069777896179652],[-120.59281336122639,35.069794387358932],[-120.59193717773594,35.070941458704887],[-120.59146070681767,35.071565221384411],[-120.59140599133201,35.071643773671973],[-120.59099853348543,35.072228740018197],[-120.59069158274613,35.072761739590021],[-120.59044887861759,35.073261427570515],[-120.59018237811722,35.073941952827298],[-120.59003723102855,35.074244143804549],[-120.5900263371591,35.074275015099758],[-120.5900132253492,35.074312175916027],[-120.58957777959165,35.075546205213762],[-120.58949878084726,35.075828206043596],[-120.58935694584704,35.076648535074035],[-120.58932205887466,35.07687997703411],[-120.58931706783494,35.076913080026635],[-120.58922179161759,35.077545116118053],[-120.58902572442538,35.078179005780484],[-120.58891151082352,35.078407433691183],[-120.58873638425887,35.078675836146914],[-120.58872263644177,35.078762777713138],[-120.58872217830097,35.078765678606352],[-120.58870474200131,35.078787047879132],[-120.58860657590368,35.078907346606258],[-120.58830857597788,35.079216345739262],[-120.58780479447833,35.079674416914493],[-120.58780157491634,35.079677344975423],[-120.58749657531781,35.079989344960993],[-120.58684068748111,35.080715326030493],[-120.58673882032453,35.080757877561368],[-120.58571546853601,35.081820516243319],[-120.58541105014746,35.082132819722425],[-120.58475997997563,35.082800746161801],[-120.58464989323419,35.082931936245366],[-120.58452689680379,35.083118937048468],[-120.58440389498352,35.083363937333949],[-120.58371229013112,35.085440382700462],[-120.58370279224361,35.085468898214877],[-120.58340091429071,35.086424606908793],[-120.58335187795429,35.086603594715278],[-120.58334044689229,35.0866453154783],[-120.58328966512929,35.086830660465196],[-120.5831494363168,35.087342485036736],[-120.58294843647533,35.087933484713901],[-120.582855516539,35.088064560693248],[-120.58263343683107,35.08829648554552],[-120.58258843662523,35.08836548504096],[-120.58250943698253,35.088544485494602],[-120.58242943661659,35.08886248564778],[-120.5823664368674,35.088996485655322],[-120.58191843625542,35.08972948493291],[-120.58185043648336,35.08990348627578],[-120.5817324364826,35.090338485436106],[-120.58153477927229,35.090913208032667],[-120.58151277953101,35.091082207864993],[-120.58153478106895,35.091157208043683],[-120.58158178002627,35.09123420891985],[-120.58177812300133,35.091445268920339],[-120.58214693891762,35.091825983048778],[-120.58231588058152,35.092009202320718],[-120.58236343829098,35.092158484987699],[-120.58237043616703,35.092269486497031],[-120.58233443618202,35.092442484992205],[-120.58220243773418,35.092766485363107],[-120.58196109006172,35.093479862603616],[-120.58188358431735,35.094073699779024],[-120.58182650177092,35.094447558726401],[-120.58182208295803,35.09446674312742],[-120.58181662299775,35.094490449281452],[-120.58164267771771,35.095245638788263],[-120.5815149606405,35.095599268948014],[-120.58144261931066,35.096089978775801],[-120.58150348017118,35.096934421737494]]},"properties":{"County":"SLO","Route":1,"bPM":7.5309999999999997,"ePM":10.212999999999999}},{"type":"Feature","geometry":{"type":"LineString","coordinates":[[-121.32042115859242,35.761806232388395],[-121.32021976169561,35.761857410601117],[-121.32005272266346,35.761894529709757],[-121.31968289254918,35.761982930442542],[-121.3195638918252,35.762031931929499],[-121.31925589185363,35.762251932000481],[-121.31914189115248,35.76237893095935],[-121.31904389214151,35.762506932000733],[-121.31896789017689,35.76265293093256],[-121.3189048904277,35.762821929586174],[-121.31888889143249,35.763010932641208],[-121.31891489227007,35.763230930733741],[-121.31898289114385,35.763480931538531],[-121.31913044392084,35.763921832023179],[-121.319247444995,35.764162829958472],[-121.31941331711558,35.76442838365643],[-121.31946044453201,35.764503830916283],[-121.31957567233184,35.764654511649233],[-121.31965700310272,35.764753351739721],[-121.32000245922838,35.765112409663445],[-121.32003800286923,35.765149353043697],[-121.32011000283926,35.765219351747525],[-121.32022300191885,35.765312352575116],[-121.32152198198935,35.766225593801771],[-121.32166995877115,35.766328225863198],[-121.32181910515946,35.766409132961272],[-121.32212892871105,35.766529339973211],[-121.32248595873084,35.766683224742621],[-121.32256895857154,35.766731226204513],[-121.32264010244708,35.766812162777384],[-121.32273110178535,35.766974162503566],[-121.32276510032391,35.767123162833315],[-121.32275431604893,35.767297572751168],[-121.32269831507413,35.767555571988652],[-121.32268031642909,35.767616571912065],[-121.32263831659628,35.767703574111636],[-121.32254631653478,35.767821572829341],[-121.32230131631239,35.768027571060685],[-121.32220731660107,35.768136572693592],[-121.32215931602219,35.768233573131752],[-121.32213089781816,35.768463508910173],[-121.32210389625736,35.768588508841283],[-121.32198189605862,35.768844508955908],[-121.32185089653734,35.769055508991819],[-121.32180289506016,35.769119507810785],[-121.32145988953857,35.769434329063195],[-121.32142788885324,35.769511329171188],[-121.32142688812999,35.769584329166875],[-121.32145188914268,35.769636328913251],[-121.32150788921916,35.769692327929285],[-121.32160088910558,35.769735328995189],[-121.32168188929644,35.769750329107275],[-121.32179088997471,35.76973632900274],[-121.32185888974676,35.769706329499279],[-121.32205488956534,35.769567329004111],[-121.32238688982638,35.7694403291311],[-121.32266695848081,35.769305226180855],[-121.32275895854231,35.769270225719048],[-121.32284903081921,35.76926493118718],[-121.32294588627484,35.769289521165049],[-121.32304895897055,35.769354226801568],[-121.32328295842396,35.769583226386764],[-121.32340995864557,35.769735226224725],[-121.32357495850201,35.770007226360612],[-121.323794961305,35.770561225271742],[-121.32385796015586,35.770644226452333],[-121.32408205568326,35.770862005925594],[-121.32416364786388,35.770964749350306],[-121.32418705616355,35.771010006268916],[-121.32421105645301,35.771096006223694],[-121.32425322696571,35.771406463296863],[-121.32427810311255,35.771553520221538],[-121.32430096433822,35.771680537856732],[-121.32433696611984,35.771770539200936],[-121.3244289670797,35.77191653935089],[-121.32451096619712,35.772013539551963],[-121.32496695912019,35.772395225925507],[-121.32508895842061,35.77253522655235],[-121.32514195902237,35.772621226315451],[-121.32516695823843,35.772738226513326],[-121.32515395871793,35.773035226466696],[-121.3251709593347,35.773133227454608],[-121.32520696021801,35.773196227401172],[-121.32529295953344,35.773285226338224],[-121.32538395977002,35.773344226315722],[-121.32573395867608,35.773494225604338],[-121.3258339591335,35.773558225953238],[-121.32587496093801,35.773599226468548],[-121.32593195994112,35.773690225599083],[-121.32598895984252,35.773832226044675],[-121.32604495902071,35.774156224993092],[-121.32613295978256,35.774394226326393],[-121.3262279593188,35.774568225276404],[-121.32642795843705,35.774840225645072],[-121.32658695754735,35.775014225076752],[-121.32699895997099,35.775409226373441],[-121.32739795928083,35.775837226347683],[-121.32756696113185,35.776050225178281],[-121.32765996011996,35.776212227222437],[-121.32785915434768,35.776832014291621],[-121.32809915454719,35.777340013449844],[-121.32823615301791,35.777597013724382],[-121.32849565025235,35.778053551634827],[-121.32861069120258,35.778243394501047],[-121.3290089592838,35.778881227209403],[-121.32915696032012,35.77916422690808],[-121.32938296027592,35.779657225313734],[-121.32957575490558,35.780402860363075],[-121.3295772550921,35.780408662835285],[-121.32958725513784,35.780553664015031],[-121.32956025447534,35.780930663512564],[-121.3294659610149,35.78181022658692],[-121.3294639622634,35.781986226504962],[-121.3294919609542,35.782135227128947],[-121.32954196208122,35.782232225795482],[-121.3295825380843,35.782278769838761]]},"properties":{"County":"SLO","Route":1,"bPM":71.105999999999995,"ePM":72.992999999999995}},{"type":"Feature","geometry":{"type":"LineString","coordinates":[[-120.59271393299581,35.049056580616217],[-120.59278312573058,35.049552475580263],[-120.59282357956276,35.049769005268551],[-120.59288068636369,35.050014091702799],[-120.59304962712928,35.050366251497785],[-120.5932899525189,35.050763621443636],[-120.59352076025814,35.051044397417513],[-120.59383008973633,35.051337072586271],[-120.59480804875521,35.052150847636469],[-120.59506027233081,35.052431623253554],[-120.59516972755659,35.052567251664215],[-120.59537911945942,35.05290989565556],[-120.59554092221178,35.053295367324395],[-120.59562896339781,35.053597558997346],[-120.59576640653461,35.054443775770487],[-120.5957666113505,35.05444503766001],[-120.59587166842465,35.055091860840818],[-120.59592163811067,35.055432123445492],[-120.59600015984965,35.055896119030848],[-120.59613340965066,35.056369631815159],[-120.59634280065522,35.056914527669271],[-120.59656409164229,35.057509392823171],[-120.59665451156721,35.05784489802344],[-120.59678538083276,35.058489730941105],[-120.59691625189494,35.059677082410538],[-120.59715895871838,35.061199937439184],[-120.59725491675704,35.06191343631167]]},"properties":{"County":"SLO","Route":1,"bPM":6.5839999999999996,"ePM":7.5309999999999997}},{"type":"Feature","geometry":{"type":"LineString","coordinates":[[-120.57223720979349,35.047252561779651],[-120.57296064465132,35.047264788329358],[-120.57320305323414,35.047290576231035],[-120.57367965171316,35.04729782169963],[-120.5769248426265,35.047302696872976],[-120.57692573465356,35.047302690989476],[-120.57902681055982,35.047285209053413],[-120.57911199420495,35.047284500097604],[-120.58071508364353,35.047271152753368],[-120.58126389499331,35.047269887811225],[-120.58132528406323,35.047269745872967],[-120.58248099452399,35.047267080669343],[-120.58252359083814,35.047266982856939],[-120.58569131732958,35.047259678551072],[-120.58569137751671,35.047259678551072],[-120.58735174623277,35.04725584915888],[-120.5890521321998,35.047262244471746],[-120.59052739586501,35.047255105637561],[-120.59092238779039,35.047269382569809],[-120.5913078602687,35.047347904549532],[-120.59152461386529,35.04742969838199],[-120.59156008294597,35.047443083207277],[-120.59174075660748,35.047531225168747],[-120.59198275735514,35.047679224994461],[-120.5921407584372,35.047804225557641],[-120.59227075633692,35.04792122523483],[-120.59238575686295,35.048052225020257],[-120.59247775782278,35.048198225022034],[-120.59253475772418,35.04830922529699],[-120.59259990983681,35.048481718368947],[-120.59265589464194,35.048734840169232],[-120.59271174380144,35.049040891263132],[-120.59271393299581,35.049056580616217]]},"properties":{"County":"SLO","Route":1,"bPM":5.2990000000000004,"ePM":6.5339999999999998}},{"type":"Feature","geometry":{"type":"LineString","coordinates":[[-120.56807784294132,35.04389498563706],[-120.56810573293598,35.044421168648114],[-120.56829608953794,35.045058863365874],[-120.56860304027727,35.045622794495209],[-120.56886235066212,35.04592848732144],[-120.56903825157451,35.046063056462629],[-120.5692368196765,35.0462487311692],[-120.5695385440175,35.046473089534956],[-120.56979804933678,35.046630568857815],[-120.56984026566357,35.046656186338339],[-120.57018067325733,35.046823809170355],[-120.57045144884016,35.046939856393436],[-120.570699014651,35.04702495935063],[-120.57097494925848,35.047104901686339],[-120.57122251506935,35.047164214331822],[-120.57147266173997,35.047202897332092],[-120.57173312556166,35.047231264412687],[-120.57204516076548,35.04724931411355],[-120.57223720979349,35.047252561779651]]},"properties":{"County":"SLO","Route":1,"bPM":4.8410000000000002,"ePM":5.2009999999999996}},{"type":"Feature","geometry":{"type":"LineString","coordinates":[[-121.21170653356351,35.651899292276056],[-121.21185093055888,35.651971221937686],[-121.21223292925201,35.652151222089842],[-121.21286793036003,35.652423222328871],[-121.21361493072277,35.652677222059275],[-121.21390893045061,35.652755221923599],[-121.21466993105706,35.652898221963611],[-121.21509893140244,35.652950221981015],[-121.21601793129429,35.653022222230007],[-121.21726950636896,35.653113464253231],[-121.21809993866199,35.653158675002096],[-121.21932017960124,35.653192406767651],[-121.21969278640805,35.65320962958323],[-121.22137023299597,35.653287164689452],[-121.2217140137636,35.653266992955821],[-121.22219379317707,35.653238838652427],[-121.22300162924745,35.653153914363585],[-121.22389329430354,35.653054168629005]]},"properties":{"County":"SLO","Route":1,"bPM":59.441000000000003,"ePM":60.145000000000003}},{"type":"Feature","geometry":{"type":"LineString","coordinates":[[-120.57086940350082,34.977483691383654],[-120.57086377645389,34.977567180331405],[-120.57074034254396,34.979119501176356],[-120.57065702110643,34.980226822630627],[-120.57059277269897,34.981318996443648],[-120.57057666231267,34.982525111331292],[-120.57057640988609,34.982567233396864],[-120.5705642215443,34.984605032272064],[-120.5705642215443,34.986748926628337],[-120.57055014494379,34.9910260171212],[-120.57054607108397,34.996077402436356],[-120.57054601538844,34.996146888280151],[-120.57052932379213,34.998471739454175],[-120.57053408306651,35.000016008825895],[-120.57052456541608,35.001891024427429],[-120.57051029028788,35.003497161504406],[-120.5704864930177,35.00368751856535],[-120.57044842331429,35.003868357326184],[-120.57035324321666,35.004165789287661],[-120.56806420202375,35.009640928997648],[-120.5676137930285,35.010727358428205],[-120.56759510447733,35.010772438450559],[-120.56691549932049,35.012411703204094],[-120.5659690666765,35.014675761341138],[-120.56527188867604,35.016360817163275],[-120.56459314500357,35.017957434960962],[-120.56391083501941,35.019606402049249],[-120.56351584309404,35.020520114994262],[-120.56320651451416,35.021405275431931],[-120.56261144711378,35.02297309334795],[-120.56254485949331,35.023151890714068],[-120.56224974675283,35.023944281870918],[-120.56202074732229,35.024573281546601],[-120.56140149188454,35.026191514110174],[-120.56127062082238,35.026546053329177],[-120.56120754202142,35.026788878998289],[-120.5611959133301,35.026833643415117],[-120.56118421457015,35.027020821277404],[-120.56114342836131,35.031005766581799],[-120.56114580710017,35.031648220705016],[-120.56112677090098,35.032890299754499],[-120.56115056547624,35.033301946550218],[-120.56124098540116,35.033746905954416],[-120.56143372074199,35.03423469616073],[-120.561745431654,35.034732002135151],[-120.56211900774298,35.035136511529721],[-120.56466677182259,35.037259203626498],[-120.5654767719345,35.037907203659216],[-120.56640477294548,35.038700202732912],[-120.5673217722892,35.039454202961814],[-120.56763377245873,35.039806205284677],[-120.56770598263455,35.039909709737948],[-120.56782971478513,35.040116724135196],[-120.56783877788803,35.040138433028041],[-120.5679320319977,35.040361807168182],[-120.56802482976316,35.040661620308036],[-120.56805571474094,35.040959723073009],[-120.56807241981195,35.041470636491738],[-120.56807658080837,35.04178965485243],[-120.56807939972175,35.04200582634698],[-120.5680676614359,35.042934004946247],[-120.56806952903339,35.043573903693236],[-120.56806987039319,35.043689420115598],[-120.5680700410731,35.043747781345338],[-120.56807780880537,35.043894350198009],[-120.56807782587335,35.043894651737368],[-120.56807784294132,35.04389498563706]]},"properties":{"County":"SLO","Route":1,"bPM":0,"ePM":4.8410000000000002}},{"type":"Feature","geometry":{"type":"LineString","coordinates":[[-121.30006993362849,35.700710974045897],[-121.3012898080551,35.701219629076],[-121.30212821469294,35.701680026460544],[-121.302559536285,35.701990188938382],[-121.30305870313896,35.702484509466508],[-121.30332918946426,35.702829950907955],[-121.30354909255423,35.703040837064684],[-121.30382967953659,35.703479214939151],[-121.3039601939676,35.703719942124906],[-121.30415161686982,35.704326112194792],[-121.30417771921701,35.704708955495285],[-121.30418471439815,35.705425954067778]]},"properties":{"County":"SLO","Route":1,"bPM":66.448999999999998,"ePM":66.858000000000004}},{"type":"Feature","geometry":{"type":"LineString","coordinates":[[-120.59271393299581,35.049056580616217],[-120.59278312573058,35.049552475580263],[-120.59282357956276,35.049769005268551],[-120.59288068636369,35.050014091702799],[-120.59304962712928,35.050366251497785],[-120.5932899525189,35.050763621443636],[-120.59352076025814,35.051044397417513],[-120.59383008973633,35.051337072586271],[-120.59480804875521,35.052150847636469],[-120.59506027233081,35.052431623253554],[-120.59516972755659,35.052567251664215],[-120.59537911945942,35.05290989565556],[-120.59554092221178,35.053295367324395],[-120.59562896339781,35.053597558997346],[-120.59576640653461,35.054443775770487],[-120.5957666113505,35.05444503766001],[-120.59587166842465,35.055091860840818],[-120.59592163811067,35.055432123445492],[-120.59600015984965,35.055896119030848],[-120.59613340965066,35.056369631815159],[-120.59634280065522,35.056914527669271],[-120.59656409164229,35.057509392823171],[-120.59665451156721,35.05784489802344],[-120.59678538083276,35.058489730941105],[-120.59691625189494,35.059677082410538],[-120.59715895871838,35.061199937439184],[-120.59725491675704,35.06191343631167]]},"properties":{"County":"SLO","Route":1,"bPM":6.5839999999999996,"ePM":7.5309999999999997}},{"type":"Feature","geometry":{"type":"LineString","coordinates":[[-121.24397782562926,35.654456466162948],[-121.24419311137865,35.654579210733552],[-121.24464282956947,35.654876643328052],[-121.2449640572336,35.655124108335336],[-121.24565410261067,35.655704695658571],[-121.24597593484097,35.655890220118074],[-121.24642593600112,35.656138220657013],[-121.2482229402685,35.657016608432116],[-121.25034593686429,35.658096220455683],[-121.25101035330633,35.658422738372352],[-121.2515093539719,35.658747738254505],[-121.25180235387487,35.659016738110957],[-121.25201835288661,35.659231738378452],[-121.25234635384801,35.659641738574095],[-121.25287135445286,35.660341737781373],[-121.25319993752255,35.660638219793988],[-121.2536479372362,35.660976220484571],[-121.25398693806824,35.661211221719547],[-121.25438593737809,35.661518220691384],[-121.25473693700738,35.661764220732188],[-121.25577693817135,35.662521220138125],[-121.25620093669724,35.662849220526333],[-121.25661293732419,35.663095219385838],[-121.25692893859004,35.663271219742469],[-121.26004693883893,35.664496220318078],[-121.26055393900214,35.664646220303432],[-121.26102293863218,35.664737220609673],[-121.26161743919562,35.664787337987626],[-121.26194593962029,35.664815030617056],[-121.26227093931033,35.664871028902859],[-121.26265993947274,35.664968031053796],[-121.26334593973611,35.665194030551945],[-121.26388193931331,35.665412220300794],[-121.26471494078805,35.665734219906348],[-121.2661959401964,35.666328030239512],[-121.26672193972783,35.666506030456489],[-121.2672679402491,35.666637028927674],[-121.26874328835599,35.666930960964308],[-121.27005152376887,35.66720946526133],[-121.27114355265917,35.667487968586819],[-121.27247011011058,35.667957027811063],[-121.27480394040523,35.668812219765776],[-121.2772129408246,35.669728030109489],[-121.27799573815305,35.670046548037305],[-121.27832584656208,35.670215346931847],[-121.27833733601456,35.670225092406],[-121.2787457379905,35.670571547836744],[-121.2807908398714,35.672448966961646],[-121.28182328530555,35.673486976748954]]},"properties":{"County":"SLO","Route":1,"bPM":61.484000000000002,"ePM":64.138999999999996}},{"type":"Feature","geometry":{"type":"LineString","coordinates":[[-120.58228754142925,35.098164048835073],[-120.58373843739408,35.098160486421115],[-120.59016983494091,35.098175689335797],[-120.59019981262024,35.098147999964212],[-120.59112543309575,35.098140684041759],[-120.59113444499467,35.098141076517443],[-120.59167265173252,35.098164477324332],[-120.59174242208402,35.098164905078583],[-120.59206050384803,35.098166857166667],[-120.59232398600908,35.098166377964311],[-120.59236016655544,35.09816631328669],[-120.59293319199372,35.09815793900475],[-120.5930472825264,35.098171291258161],[-120.59490078363864,35.098145207801437],[-120.5962283193554,35.098145590722403],[-120.5962661294457,35.098145601747014],[-120.59702364638547,35.098145820768984],[-120.59708454497519,35.098118216644188],[-120.59764360071247,35.098116829014479],[-120.59850591780823,35.098103503946135],[-120.59923547378642,35.098103504681113],[-120.59987430351418,35.098103503946135],[-120.59992044188552,35.098103503946135],[-120.60016773281185,35.098103503946135],[-120.60057169621199,35.098106143970874],[-120.60075022559492,35.098107310373798],[-120.60125208469974,35.098104125733705],[-120.60133748573718,35.098103582588308],[-120.60134984835214,35.098103503946135],[-120.60225708480534,35.098112379485578],[-120.60227060445037,35.098112511780798],[-120.60232257378618,35.098113020382407],[-120.60325263193918,35.098100595655971],[-120.60332004331472,35.098099695313437],[-120.60333204660354,35.098100005472261],[-120.60396877157862,35.098116472552377],[-120.60398302155399,35.09811684077409],[-120.60399991257627,35.098117278818172],[-120.60534966003674,35.098110589090304],[-120.60538419936111,35.098110418576489],[-120.60569851538745,35.09811257939834],[-120.60570322166122,35.098112612472157],[-120.60646093353537,35.098117826373361],[-120.60735764802166,35.098123993534585],[-120.60738466126058,35.098124275029363],[-120.6090520053948,35.098141690954996],[-120.60911039948155,35.098141832804799],[-120.61079236908688,35.098145916315467],[-120.61079944331976,35.098145933219861],[-120.61142163265522,35.098147284835385],[-120.61148537980276,35.098161946812432],[-120.61161199015551,35.098191067171108],[-120.61164534460202,35.098251140877892],[-120.6117997847623,35.098329205908705],[-120.61250874147274,35.098846866712385],[-120.61295738617673,35.099174454717598],[-120.61295829257688,35.099175105160541],[-120.61426424896386,35.100107690288738],[-120.61428978896571,35.100125928205564],[-120.61499178463103,35.100627207309607],[-120.61542778824237,35.100944207116974],[-120.61568085533601,35.101146851105227],[-120.6156937856862,35.101157205759563],[-120.61573744830058,35.101188789321249],[-120.61586994890669,35.101284634265745],[-120.61588300232609,35.101294073896405],[-120.61757559001812,35.102517768264477]]},"properties":{"County":"SLO","Route":1,"bPM":10.411,"ePM":12.5}},{"type":"Feature","geometry":{"type":"LineString","coordinates":[[-121.21170653356351,35.651899292276056],[-121.21185093055888,35.651971221937686],[-121.21223292925201,35.652151222089842],[-121.21286793036003,35.652423222328871],[-121.21361493072277,35.652677222059275],[-121.21390893045061,35.652755221923599],[-121.21466993105706,35.652898221963611],[-121.21509893140244,35.652950221981015],[-121.21601793129429,35.653022222230007],[-121.21726950636896,35.653113464253231],[-121.21809993866199,35.653158675002096],[-121.21932017960124,35.653192406767651],[-121.21969278640805,35.65320962958323],[-121.22137023299597,35.653287164689452],[-121.2217140137636,35.653266992955821],[-121.22219379317707,35.653238838652427],[-121.22300162924745,35.653153914363585],[-121.22389329430354,35.653054168629005]]},"properties":{"County":"SLO","Route":1,"bPM":59.441000000000003,"ePM":60.145000000000003}},{"type":"Feature","geometry":{"type":"LineString","coordinates":[[-121.22391083480777,35.653052205830249],[-121.22914300570478,35.652466764091855],[-121.22958900936192,35.652423763215971],[-121.230065006868,35.652399763446986],[-121.23060400861492,35.652406765053151],[-121.231105008032,35.652434764172185],[-121.23176994459857,35.652532874882311],[-121.23216969310336,35.652609017189327],[-121.23300361445297,35.65285570599891],[-121.23397905010424,35.65317987524174],[-121.23434187246099,35.653308615262411]]},"properties":{"County":"SLO","Route":1,"bPM":60.261000000000003,"ePM":60.869}}]}